key	seed	level	GND	AAD	true_ani	complete	missing_percent	s
AG-359-G18_a22_gnd00000	AG-359-G18	AG-359-G18_a22_gnd00000	0.000000000	0.000269088	100.000000	1		
AG-359-G18_a22_gnd00005	AG-359-G18	AG-359-G18_a22_gnd00005	0.000152992	0.000654372	99.984701	1		
AG-359-G18_a22_gnd00010	AG-359-G18	AG-359-G18_a22_gnd00010	0.000295332	0.000960154	99.970467	1		
AG-359-G18_a22_gnd00020	AG-359-G18	AG-359-G18_a22_gnd00020	0.001791360	0.004764074	99.820864	1		
AG-359-G18_a22_gnd00030	AG-359-G18	AG-359-G18_a22_gnd00030	0.002702533	0.007026857	99.729747	1		
AG-359-G18_a22_gnd00040	AG-359-G18	AG-359-G18_a22_gnd00040	0.003620483	0.009301870	99.637952	1		
AG-359-G18_a22_gnd00050	AG-359-G18	AG-359-G18_a22_gnd00050	0.004463875	0.011378126	99.553612	1		
AG-359-G18_a22_gnd00060	AG-359-G18	AG-359-G18_a22_gnd00060	0.005364396	0.013426862	99.463560	1		
AG-359-G18_a22_gnd00070	AG-359-G18	AG-359-G18_a22_gnd00070	0.006255235	0.015579563	99.374477	1		
AG-359-G18_a22_gnd00080	AG-359-G18	AG-359-G18_a22_gnd00080	0.007196425	0.018053334	99.280357	1		
AG-359-G18_a22_gnd00090	AG-359-G18	AG-359-G18_a22_gnd00090	0.008045626	0.019958353	99.195437	1		
AG-359-G18_a22_gnd001	AG-359-G18	AG-359-G18_a22_gnd001	0.008981007	0.022474934	99.101899	1		
AG-359-G18_a22_gnd002	AG-359-G18	AG-359-G18_a22_gnd002	0.017867120	0.043830707	98.213288	1		
AG-359-G18_a22_gnd003	AG-359-G18	AG-359-G18_a22_gnd003	0.026866524	0.065376065	97.313348	1		
AG-359-G18_a22_gnd004	AG-359-G18	AG-359-G18_a22_gnd004	0.035846563	0.086496387	96.415344	1		
AG-359-G18_a22_gnd005	AG-359-G18	AG-359-G18_a22_gnd005	0.044881794	0.107038782	95.511821	1		
AG-359-G18_a22_gnd006	AG-359-G18	AG-359-G18_a22_gnd006	0.053810513	0.127654565	94.618949	1		
AG-359-G18_a22_gnd007	AG-359-G18	AG-359-G18_a22_gnd007	0.062785710	0.147138956	93.721429	1		
AG-359-G18_a22_gnd008	AG-359-G18	AG-359-G18_a22_gnd008	0.071649552	0.167085078	92.835045	1		
AG-359-G18_a22_gnd009	AG-359-G18	AG-359-G18_a22_gnd009	0.080618939	0.186413520	91.938106	1		
AG-359-G18_a22_gnd010	AG-359-G18	AG-359-G18_a22_gnd010	0.089782955	0.206020224	91.021705	1		
AG-359-G18_a22_gnd011	AG-359-G18	AG-359-G18_a22_gnd011	0.098671005	0.224247854	90.132900	1		
AG-359-G18_a22_gnd012	AG-359-G18	AG-359-G18_a22_gnd012	0.107607469	0.242606970	89.239253	1		
AG-359-G18_a22_gnd013	AG-359-G18	AG-359-G18_a22_gnd013	0.116709514	0.261008895	88.329049	1		
AG-359-G18_a22_gnd014	AG-359-G18	AG-359-G18_a22_gnd014	0.125576261	0.279264045	87.442374	1		
AG-359-G18_a22_gnd015	AG-359-G18	AG-359-G18_a22_gnd015	0.134521441	0.296140121	86.547856	1		
AG-359-G18_a22_gnd016	AG-359-G18	AG-359-G18_a22_gnd016	0.143488891	0.313747015	85.651111	1		
AG-359-G18_a22_gnd017	AG-359-G18	AG-359-G18_a22_gnd017	0.152700354	0.330785155	84.729965	1		
AG-359-G18_a22_gnd018	AG-359-G18	AG-359-G18_a22_gnd018	0.161635850	0.346869257	83.836415	1		
AG-359-G18_a22_gnd019	AG-359-G18	AG-359-G18_a22_gnd019	0.170527773	0.362687329	82.947223	1		
AG-359-G18_a22_gnd020	AG-359-G18	AG-359-G18_a22_gnd020	0.179628850	0.378847877	82.037115	1		
AG-359-G18_a5_gnd00000	AG-359-G18	AG-359-G18_a5_gnd00000	0.000000000	0.000269088	100.000000	1		
AG-359-G18_a5_gnd00000_p13_s2	AG-359-G18	AG-359-G18_a5_gnd00000	0.000000	0.000269088	100.000000	0	13	2
AG-359-G18_a5_gnd00000_p13_s4	AG-359-G18	AG-359-G18_a5_gnd00000	0.000000	0.000269088	100.000000	0	13	4
AG-359-G18_a5_gnd00000_p13_s5	AG-359-G18	AG-359-G18_a5_gnd00000	0.000000	0.000269088	100.000000	0	13	5
AG-359-G18_a5_gnd00000_p19_s3	AG-359-G18	AG-359-G18_a5_gnd00000	0.000000	0.000269088	100.000000	0	19	3
AG-359-G18_a5_gnd00000_p20_s1	AG-359-G18	AG-359-G18_a5_gnd00000	0.000000	0.000269088	100.000000	0	20	1
AG-359-G18_a5_gnd00005	AG-359-G18	AG-359-G18_a5_gnd00005	0.000153960	0.000669661	99.984604	1		
AG-359-G18_a5_gnd00005_p10_s2	AG-359-G18	AG-359-G18_a5_gnd00005	0.000154	0.000669661	99.984604	0	10	2
AG-359-G18_a5_gnd00005_p11_s4	AG-359-G18	AG-359-G18_a5_gnd00005	0.000154	0.000669661	99.984604	0	11	4
AG-359-G18_a5_gnd00005_p14_s1	AG-359-G18	AG-359-G18_a5_gnd00005	0.000154	0.000669661	99.984604	0	14	1
AG-359-G18_a5_gnd00005_p16_s3	AG-359-G18	AG-359-G18_a5_gnd00005	0.000154	0.000669661	99.984604	0	16	3
AG-359-G18_a5_gnd00005_p20_s5	AG-359-G18	AG-359-G18_a5_gnd00005	0.000154	0.000669661	99.984604	0	20	5
AG-359-G18_a5_gnd00010	AG-359-G18	AG-359-G18_a5_gnd00010	0.000292427	0.000978501	99.970757	1		
AG-359-G18_a5_gnd00010_p14_s4	AG-359-G18	AG-359-G18_a5_gnd00010	0.000292	0.000978501	99.970757	0	14	4
AG-359-G18_a5_gnd00010_p20_s2	AG-359-G18	AG-359-G18_a5_gnd00010	0.000292	0.000978501	99.970757	0	20	2
AG-359-G18_a5_gnd00010_p6_s3	AG-359-G18	AG-359-G18_a5_gnd00010	0.000292	0.000978501	99.970757	0	6	3
AG-359-G18_a5_gnd00010_p8_s1	AG-359-G18	AG-359-G18_a5_gnd00010	0.000292	0.000978501	99.970757	0	8	1
AG-359-G18_a5_gnd00010_p8_s5	AG-359-G18	AG-359-G18_a5_gnd00010	0.000292	0.000978501	99.970757	0	8	5
AG-359-G18_a5_gnd00020	AG-359-G18	AG-359-G18_a5_gnd00020	0.000590665	0.001694029	99.940934	1		
AG-359-G18_a5_gnd00020_p0_s3	AG-359-G18	AG-359-G18_a5_gnd00020	0.000591	0.001694029	99.940934	0	0	3
AG-359-G18_a5_gnd00020_p10_s4	AG-359-G18	AG-359-G18_a5_gnd00020	0.000591	0.001694029	99.940934	0	10	4
AG-359-G18_a5_gnd00020_p11_s1	AG-359-G18	AG-359-G18_a5_gnd00020	0.000591	0.001694029	99.940934	0	11	1
AG-359-G18_a5_gnd00020_p20_s5	AG-359-G18	AG-359-G18_a5_gnd00020	0.000591	0.001694029	99.940934	0	20	5
AG-359-G18_a5_gnd00020_p9_s2	AG-359-G18	AG-359-G18_a5_gnd00020	0.000591	0.001694029	99.940934	0	9	2
AG-359-G18_a5_gnd00030	AG-359-G18	AG-359-G18_a5_gnd00030	0.000878250	0.002437078	99.912175	1		
AG-359-G18_a5_gnd00030_p11_s4	AG-359-G18	AG-359-G18_a5_gnd00030	0.000878	0.002437078	99.912175	0	11	4
AG-359-G18_a5_gnd00030_p15_s1	AG-359-G18	AG-359-G18_a5_gnd00030	0.000878	0.002437078	99.912175	0	15	1
AG-359-G18_a5_gnd00030_p19_s3	AG-359-G18	AG-359-G18_a5_gnd00030	0.000878	0.002437078	99.912175	0	19	3
AG-359-G18_a5_gnd00030_p19_s5	AG-359-G18	AG-359-G18_a5_gnd00030	0.000878	0.002437078	99.912175	0	19	5
AG-359-G18_a5_gnd00030_p8_s2	AG-359-G18	AG-359-G18_a5_gnd00030	0.000878	0.002437078	99.912175	0	8	2
AG-359-G18_a5_gnd00040	AG-359-G18	AG-359-G18_a5_gnd00040	0.001191981	0.003219878	99.880802	1		
AG-359-G18_a5_gnd00040_p0_s5	AG-359-G18	AG-359-G18_a5_gnd00040	0.001192	0.003219878	99.880802	0	0	5
AG-359-G18_a5_gnd00040_p10_s2	AG-359-G18	AG-359-G18_a5_gnd00040	0.001192	0.003219878	99.880802	0	10	2
AG-359-G18_a5_gnd00040_p10_s3	AG-359-G18	AG-359-G18_a5_gnd00040	0.001192	0.003219878	99.880802	0	10	3
AG-359-G18_a5_gnd00040_p13_s1	AG-359-G18	AG-359-G18_a5_gnd00040	0.001192	0.003219878	99.880802	0	13	1
AG-359-G18_a5_gnd00040_p13_s4	AG-359-G18	AG-359-G18_a5_gnd00040	0.001192	0.003219878	99.880802	0	13	4
AG-359-G18_a5_gnd00050	AG-359-G18	AG-359-G18_a5_gnd00050	0.004484209	0.011332259	99.551579	1		
AG-359-G18_a5_gnd00050_p10_s3	AG-359-G18	AG-359-G18_a5_gnd00050	0.004484	0.011332259	99.551579	0	10	3
AG-359-G18_a5_gnd00050_p10_s5	AG-359-G18	AG-359-G18_a5_gnd00050	0.004484	0.011332259	99.551579	0	10	5
AG-359-G18_a5_gnd00050_p11_s4	AG-359-G18	AG-359-G18_a5_gnd00050	0.004484	0.011332259	99.551579	0	11	4
AG-359-G18_a5_gnd00050_p3_s2	AG-359-G18	AG-359-G18_a5_gnd00050	0.004484	0.011332259	99.551579	0	3	2
AG-359-G18_a5_gnd00050_p8_s1	AG-359-G18	AG-359-G18_a5_gnd00050	0.004484	0.011332259	99.551579	0	8	1
AG-359-G18_a5_gnd00060	AG-359-G18	AG-359-G18_a5_gnd00060	0.005370206	0.013591984	99.462979	1		
AG-359-G18_a5_gnd00060_p10_s3	AG-359-G18	AG-359-G18_a5_gnd00060	0.005370	0.013591984	99.462979	0	10	3
AG-359-G18_a5_gnd00060_p17_s4	AG-359-G18	AG-359-G18_a5_gnd00060	0.005370	0.013591984	99.462979	0	17	4
AG-359-G18_a5_gnd00060_p20_s2	AG-359-G18	AG-359-G18_a5_gnd00060	0.005370	0.013591984	99.462979	0	20	2
AG-359-G18_a5_gnd00060_p8_s1	AG-359-G18	AG-359-G18_a5_gnd00060	0.005370	0.013591984	99.462979	0	8	1
AG-359-G18_a5_gnd00060_p8_s5	AG-359-G18	AG-359-G18_a5_gnd00060	0.005370	0.013591984	99.462979	0	8	5
AG-359-G18_a5_gnd00070	AG-359-G18	AG-359-G18_a5_gnd00070	0.006287189	0.015824188	99.371281	1		
AG-359-G18_a5_gnd00070_p12_s3	AG-359-G18	AG-359-G18_a5_gnd00070	0.006287	0.015824188	99.371281	0	12	3
AG-359-G18_a5_gnd00070_p14_s2	AG-359-G18	AG-359-G18_a5_gnd00070	0.006287	0.015824188	99.371281	0	14	2
AG-359-G18_a5_gnd00070_p14_s5	AG-359-G18	AG-359-G18_a5_gnd00070	0.006287	0.015824188	99.371281	0	14	5
AG-359-G18_a5_gnd00070_p20_s1	AG-359-G18	AG-359-G18_a5_gnd00070	0.006287	0.015824188	99.371281	0	20	1
AG-359-G18_a5_gnd00070_p20_s4	AG-359-G18	AG-359-G18_a5_gnd00070	0.006287	0.015824188	99.371281	0	20	4
AG-359-G18_a5_gnd00080	AG-359-G18	AG-359-G18_a5_gnd00080	0.007193520	0.017964658	99.280648	1		
AG-359-G18_a5_gnd00080_p11_s1	AG-359-G18	AG-359-G18_a5_gnd00080	0.007194	0.017964658	99.280648	0	11	1
AG-359-G18_a5_gnd00080_p12_s3	AG-359-G18	AG-359-G18_a5_gnd00080	0.007194	0.017964658	99.280648	0	12	3
AG-359-G18_a5_gnd00080_p18_s5	AG-359-G18	AG-359-G18_a5_gnd00080	0.007194	0.017964658	99.280648	0	18	5
AG-359-G18_a5_gnd00080_p4_s2	AG-359-G18	AG-359-G18_a5_gnd00080	0.007194	0.017964658	99.280648	0	4	2
AG-359-G18_a5_gnd00080_p9_s4	AG-359-G18	AG-359-G18_a5_gnd00080	0.007194	0.017964658	99.280648	0	9	4
AG-359-G18_a5_gnd00090	AG-359-G18	AG-359-G18_a5_gnd00090	0.008064992	0.020028682	99.193501	1		
AG-359-G18_a5_gnd00090_p10_s5	AG-359-G18	AG-359-G18_a5_gnd00090	0.008065	0.020028682	99.193501	0	10	5
AG-359-G18_a5_gnd00090_p11_s1	AG-359-G18	AG-359-G18_a5_gnd00090	0.008065	0.020028682	99.193501	0	11	1
AG-359-G18_a5_gnd00090_p13_s2	AG-359-G18	AG-359-G18_a5_gnd00090	0.008065	0.020028682	99.193501	0	13	2
AG-359-G18_a5_gnd00090_p14_s3	AG-359-G18	AG-359-G18_a5_gnd00090	0.008065	0.020028682	99.193501	0	14	3
AG-359-G18_a5_gnd00090_p16_s4	AG-359-G18	AG-359-G18_a5_gnd00090	0.008065	0.020028682	99.193501	0	16	4
AG-359-G18_a5_gnd001	AG-359-G18	AG-359-G18_a5_gnd001	0.008959704	0.022159979	99.104030	1		
AG-359-G18_a5_gnd001_p12_s2	AG-359-G18	AG-359-G18_a5_gnd001	0.008960	0.022159979	99.104030	0	12	2
AG-359-G18_a5_gnd001_p13_s3	AG-359-G18	AG-359-G18_a5_gnd001	0.008960	0.022159979	99.104030	0	13	3
AG-359-G18_a5_gnd001_p13_s5	AG-359-G18	AG-359-G18_a5_gnd001	0.008960	0.022159979	99.104030	0	13	5
AG-359-G18_a5_gnd001_p17_s1	AG-359-G18	AG-359-G18_a5_gnd001	0.008960	0.022159979	99.104030	0	17	1
AG-359-G18_a5_gnd001_p3_s4	AG-359-G18	AG-359-G18_a5_gnd001	0.008960	0.022159979	99.104030	0	3	4
AG-359-G18_a5_gnd002	AG-359-G18	AG-359-G18_a5_gnd002	0.017879708	0.043989714	98.212029	1		
AG-359-G18_a5_gnd002_p15_s3	AG-359-G18	AG-359-G18_a5_gnd002	0.017880	0.043989714	98.212029	0	15	3
AG-359-G18_a5_gnd002_p18_s2	AG-359-G18	AG-359-G18_a5_gnd002	0.017880	0.043989714	98.212029	0	18	2
AG-359-G18_a5_gnd002_p18_s4	AG-359-G18	AG-359-G18_a5_gnd002	0.017880	0.043989714	98.212029	0	18	4
AG-359-G18_a5_gnd002_p5_s5	AG-359-G18	AG-359-G18_a5_gnd002	0.017880	0.043989714	98.212029	0	5	5
AG-359-G18_a5_gnd002_p7_s1	AG-359-G18	AG-359-G18_a5_gnd002	0.017880	0.043989714	98.212029	0	7	1
AG-359-G18_a5_gnd003	AG-359-G18	AG-359-G18_a5_gnd003	0.026879112	0.065210943	97.312089	1		
AG-359-G18_a5_gnd003_p0_s2	AG-359-G18	AG-359-G18_a5_gnd003	0.026879	0.065210943	97.312089	0	0	2
AG-359-G18_a5_gnd003_p11_s1	AG-359-G18	AG-359-G18_a5_gnd003	0.026879	0.065210943	97.312089	0	11	1
AG-359-G18_a5_gnd003_p19_s3	AG-359-G18	AG-359-G18_a5_gnd003	0.026879	0.065210943	97.312089	0	19	3
AG-359-G18_a5_gnd003_p19_s5	AG-359-G18	AG-359-G18_a5_gnd003	0.026879	0.065210943	97.312089	0	19	5
AG-359-G18_a5_gnd003_p20_s4	AG-359-G18	AG-359-G18_a5_gnd003	0.026879	0.065210943	97.312089	0	20	4
AG-359-G18_a5_gnd004	AG-359-G18	AG-359-G18_a5_gnd004	0.035923059	0.086416884	96.407694	1		
AG-359-G18_a5_gnd004_p13_s1	AG-359-G18	AG-359-G18_a5_gnd004	0.035923	0.086416884	96.407694	0	13	1
AG-359-G18_a5_gnd004_p16_s3	AG-359-G18	AG-359-G18_a5_gnd004	0.035923	0.086416884	96.407694	0	16	3
AG-359-G18_a5_gnd004_p16_s4	AG-359-G18	AG-359-G18_a5_gnd004	0.035923	0.086416884	96.407694	0	16	4
AG-359-G18_a5_gnd004_p20_s2	AG-359-G18	AG-359-G18_a5_gnd004	0.035923	0.086416884	96.407694	0	20	2
AG-359-G18_a5_gnd004_p4_s5	AG-359-G18	AG-359-G18_a5_gnd004	0.035923	0.086416884	96.407694	0	4	5
AG-359-G18_a5_gnd005	AG-359-G18	AG-359-G18_a5_gnd005	0.044946671	0.106708538	95.505333	1		
AG-359-G18_a5_gnd005_p0_s2	AG-359-G18	AG-359-G18_a5_gnd005	0.044947	0.106708538	95.505333	0	0	2
AG-359-G18_a5_gnd005_p18_s5	AG-359-G18	AG-359-G18_a5_gnd005	0.044947	0.106708538	95.505333	0	18	5
AG-359-G18_a5_gnd005_p19_s4	AG-359-G18	AG-359-G18_a5_gnd005	0.044947	0.106708538	95.505333	0	19	4
AG-359-G18_a5_gnd005_p2_s3	AG-359-G18	AG-359-G18_a5_gnd005	0.044947	0.106708538	95.505333	0	2	3
AG-359-G18_a5_gnd005_p8_s1	AG-359-G18	AG-359-G18_a5_gnd005	0.044947	0.106708538	95.505333	0	8	1
AG-359-G18_a5_gnd006	AG-359-G18	AG-359-G18_a5_gnd006	0.053847308	0.126514000	94.615269	1		
AG-359-G18_a5_gnd006_p0_s3	AG-359-G18	AG-359-G18_a5_gnd006	0.053847	0.126514000	94.615269	0	0	3
AG-359-G18_a5_gnd006_p10_s5	AG-359-G18	AG-359-G18_a5_gnd006	0.053847	0.126514000	94.615269	0	10	5
AG-359-G18_a5_gnd006_p17_s1	AG-359-G18	AG-359-G18_a5_gnd006	0.053847	0.126514000	94.615269	0	17	1
AG-359-G18_a5_gnd006_p7_s4	AG-359-G18	AG-359-G18_a5_gnd006	0.053847	0.126514000	94.615269	0	7	4
AG-359-G18_a5_gnd006_p8_s2	AG-359-G18	AG-359-G18_a5_gnd006	0.053847	0.126514000	94.615269	0	8	2
AG-359-G18_a5_gnd007	AG-359-G18	AG-359-G18_a5_gnd007	0.062735358	0.146613012	93.726464	1		
AG-359-G18_a5_gnd007_p12_s1	AG-359-G18	AG-359-G18_a5_gnd007	0.062735	0.146613012	93.726464	0	12	1
AG-359-G18_a5_gnd007_p16_s5	AG-359-G18	AG-359-G18_a5_gnd007	0.062735	0.146613012	93.726464	0	16	5
AG-359-G18_a5_gnd007_p18_s4	AG-359-G18	AG-359-G18_a5_gnd007	0.062735	0.146613012	93.726464	0	18	4
AG-359-G18_a5_gnd007_p1_s2	AG-359-G18	AG-359-G18_a5_gnd007	0.062735	0.146613012	93.726464	0	1	2
AG-359-G18_a5_gnd007_p20_s3	AG-359-G18	AG-359-G18_a5_gnd007	0.062735	0.146613012	93.726464	0	20	3
AG-359-G18_a5_gnd008	AG-359-G18	AG-359-G18_a5_gnd008	0.071760907	0.165907819	92.823909	1		
AG-359-G18_a5_gnd008_p12_s3	AG-359-G18	AG-359-G18_a5_gnd008	0.071761	0.165907819	92.823909	0	12	3
AG-359-G18_a5_gnd008_p15_s2	AG-359-G18	AG-359-G18_a5_gnd008	0.071761	0.165907819	92.823909	0	15	2
AG-359-G18_a5_gnd008_p4_s4	AG-359-G18	AG-359-G18_a5_gnd008	0.071761	0.165907819	92.823909	0	4	4
AG-359-G18_a5_gnd008_p7_s5	AG-359-G18	AG-359-G18_a5_gnd008	0.071761	0.165907819	92.823909	0	7	5
AG-359-G18_a5_gnd008_p8_s1	AG-359-G18	AG-359-G18_a5_gnd008	0.071761	0.165907819	92.823909	0	8	1
AG-359-G18_a5_gnd009	AG-359-G18	AG-359-G18_a5_gnd009	0.080668322	0.184688913	91.933168	1		
AG-359-G18_a5_gnd009_p13_s1	AG-359-G18	AG-359-G18_a5_gnd009	0.080668	0.184688913	91.933168	0	13	1
AG-359-G18_a5_gnd009_p13_s4	AG-359-G18	AG-359-G18_a5_gnd009	0.080668	0.184688913	91.933168	0	13	4
AG-359-G18_a5_gnd009_p15_s5	AG-359-G18	AG-359-G18_a5_gnd009	0.080668	0.184688913	91.933168	0	15	5
AG-359-G18_a5_gnd009_p7_s3	AG-359-G18	AG-359-G18_a5_gnd009	0.080668	0.184688913	91.933168	0	7	3
AG-359-G18_a5_gnd009_p8_s2	AG-359-G18	AG-359-G18_a5_gnd009	0.080668	0.184688913	91.933168	0	8	2
AG-359-G18_a5_gnd010	AG-359-G18	AG-359-G18_a5_gnd010	0.089493432	0.203329348	91.050657	1		
AG-359-G18_a5_gnd010_p15_s1	AG-359-G18	AG-359-G18_a5_gnd010	0.089493	0.203329348	91.050657	0	15	1
AG-359-G18_a5_gnd010_p15_s4	AG-359-G18	AG-359-G18_a5_gnd010	0.089493	0.203329348	91.050657	0	15	4
AG-359-G18_a5_gnd010_p16_s5	AG-359-G18	AG-359-G18_a5_gnd010	0.089493	0.203329348	91.050657	0	16	5
AG-359-G18_a5_gnd010_p5_s3	AG-359-G18	AG-359-G18_a5_gnd010	0.089493	0.203329348	91.050657	0	5	3
AG-359-G18_a5_gnd010_p9_s2	AG-359-G18	AG-359-G18_a5_gnd010	0.089493	0.203329348	91.050657	0	9	2
AG-359-G18_a5_gnd011	AG-359-G18	AG-359-G18_a5_gnd011	0.098770740	0.222199119	90.122926	1		
AG-359-G18_a5_gnd011_p11_s5	AG-359-G18	AG-359-G18_a5_gnd011	0.098771	0.222199119	90.122926	0	11	5
AG-359-G18_a5_gnd011_p13_s1	AG-359-G18	AG-359-G18_a5_gnd011	0.098771	0.222199119	90.122926	0	13	1
AG-359-G18_a5_gnd011_p15_s4	AG-359-G18	AG-359-G18_a5_gnd011	0.098771	0.222199119	90.122926	0	15	4
AG-359-G18_a5_gnd011_p17_s2	AG-359-G18	AG-359-G18_a5_gnd011	0.098771	0.222199119	90.122926	0	17	2
AG-359-G18_a5_gnd011_p20_s3	AG-359-G18	AG-359-G18_a5_gnd011	0.098771	0.222199119	90.122926	0	20	3
AG-359-G18_a5_gnd012	AG-359-G18	AG-359-G18_a5_gnd012	0.107699458	0.240203528	89.230054	1		
AG-359-G18_a5_gnd012_p14_s2	AG-359-G18	AG-359-G18_a5_gnd012	0.107699	0.240203528	89.230054	0	14	2
AG-359-G18_a5_gnd012_p16_s3	AG-359-G18	AG-359-G18_a5_gnd012	0.107699	0.240203528	89.230054	0	16	3
AG-359-G18_a5_gnd012_p18_s1	AG-359-G18	AG-359-G18_a5_gnd012	0.107699	0.240203528	89.230054	0	18	1
AG-359-G18_a5_gnd012_p9_s4	AG-359-G18	AG-359-G18_a5_gnd012	0.107699	0.240203528	89.230054	0	9	4
AG-359-G18_a5_gnd012_p9_s5	AG-359-G18	AG-359-G18_a5_gnd012	0.107699	0.240203528	89.230054	0	9	5
AG-359-G18_a5_gnd013	AG-359-G18	AG-359-G18_a5_gnd013	0.116608811	0.257672820	88.339119	1		
AG-359-G18_a5_gnd013_p11_s1	AG-359-G18	AG-359-G18_a5_gnd013	0.116609	0.257672820	88.339119	0	11	1
AG-359-G18_a5_gnd013_p15_s5	AG-359-G18	AG-359-G18_a5_gnd013	0.116609	0.257672820	88.339119	0	15	5
AG-359-G18_a5_gnd013_p16_s3	AG-359-G18	AG-359-G18_a5_gnd013	0.116609	0.257672820	88.339119	0	16	3
AG-359-G18_a5_gnd013_p20_s4	AG-359-G18	AG-359-G18_a5_gnd013	0.116609	0.257672820	88.339119	0	20	4
AG-359-G18_a5_gnd013_p9_s2	AG-359-G18	AG-359-G18_a5_gnd013	0.116609	0.257672820	88.339119	0	9	2
AG-359-G18_a5_gnd014	AG-359-G18	AG-359-G18_a5_gnd014	0.125646947	0.275527396	87.435305	1		
AG-359-G18_a5_gnd014_p18_s1	AG-359-G18	AG-359-G18_a5_gnd014	0.125647	0.275527396	87.435305	0	18	1
AG-359-G18_a5_gnd014_p18_s4	AG-359-G18	AG-359-G18_a5_gnd014	0.125647	0.275527396	87.435305	0	18	4
AG-359-G18_a5_gnd014_p3_s2	AG-359-G18	AG-359-G18_a5_gnd014	0.125647	0.275527396	87.435305	0	3	2
AG-359-G18_a5_gnd014_p7_s3	AG-359-G18	AG-359-G18_a5_gnd014	0.125647	0.275527396	87.435305	0	7	3
AG-359-G18_a5_gnd014_p8_s5	AG-359-G18	AG-359-G18_a5_gnd014	0.125647	0.275527396	87.435305	0	8	5
AG-359-G18_a5_gnd015	AG-359-G18	AG-359-G18_a5_gnd015	0.134634732	0.292635866	86.536527	1		
AG-359-G18_a5_gnd015_p0_s5	AG-359-G18	AG-359-G18_a5_gnd015	0.134635	0.292635866	86.536527	0	0	5
AG-359-G18_a5_gnd015_p10_s4	AG-359-G18	AG-359-G18_a5_gnd015	0.134635	0.292635866	86.536527	0	10	4
AG-359-G18_a5_gnd015_p14_s3	AG-359-G18	AG-359-G18_a5_gnd015	0.134635	0.292635866	86.536527	0	14	3
AG-359-G18_a5_gnd015_p15_s2	AG-359-G18	AG-359-G18_a5_gnd015	0.134635	0.292635866	86.536527	0	15	2
AG-359-G18_a5_gnd015_p5_s1	AG-359-G18	AG-359-G18_a5_gnd015	0.134635	0.292635866	86.536527	0	5	1
AG-359-G18_a5_gnd016	AG-359-G18	AG-359-G18_a5_gnd016	0.143360107	0.308667986	85.663989	1		
AG-359-G18_a5_gnd016_p0_s1	AG-359-G18	AG-359-G18_a5_gnd016	0.143360	0.308667986	85.663989	0	0	1
AG-359-G18_a5_gnd016_p10_s3	AG-359-G18	AG-359-G18_a5_gnd016	0.143360	0.308667986	85.663989	0	10	3
AG-359-G18_a5_gnd016_p13_s5	AG-359-G18	AG-359-G18_a5_gnd016	0.143360	0.308667986	85.663989	0	13	5
AG-359-G18_a5_gnd016_p15_s2	AG-359-G18	AG-359-G18_a5_gnd016	0.143360	0.308667986	85.663989	0	15	2
AG-359-G18_a5_gnd016_p8_s4	AG-359-G18	AG-359-G18_a5_gnd016	0.143360	0.308667986	85.663989	0	8	4
AG-359-G18_a5_gnd017	AG-359-G18	AG-359-G18_a5_gnd017	0.152620953	0.326485868	84.737905	1		
AG-359-G18_a5_gnd017_p14_s2	AG-359-G18	AG-359-G18_a5_gnd017	0.152621	0.326485868	84.737905	0	14	2
AG-359-G18_a5_gnd017_p19_s1	AG-359-G18	AG-359-G18_a5_gnd017	0.152621	0.326485868	84.737905	0	19	1
AG-359-G18_a5_gnd017_p19_s5	AG-359-G18	AG-359-G18_a5_gnd017	0.152621	0.326485868	84.737905	0	19	5
AG-359-G18_a5_gnd017_p8_s3	AG-359-G18	AG-359-G18_a5_gnd017	0.152621	0.326485868	84.737905	0	8	3
AG-359-G18_a5_gnd017_p9_s4	AG-359-G18	AG-359-G18_a5_gnd017	0.152621	0.326485868	84.737905	0	9	4
AG-359-G18_a5_gnd018	AG-359-G18	AG-359-G18_a5_gnd018	0.161620358	0.342025680	83.837964	1		
AG-359-G18_a5_gnd018_p15_s1	AG-359-G18	AG-359-G18_a5_gnd018	0.161620	0.342025680	83.837964	0	15	1
AG-359-G18_a5_gnd018_p15_s4	AG-359-G18	AG-359-G18_a5_gnd018	0.161620	0.342025680	83.837964	0	15	4
AG-359-G18_a5_gnd018_p2_s2	AG-359-G18	AG-359-G18_a5_gnd018	0.161620	0.342025680	83.837964	0	2	2
AG-359-G18_a5_gnd018_p7_s3	AG-359-G18	AG-359-G18_a5_gnd018	0.161620	0.342025680	83.837964	0	7	3
AG-359-G18_a5_gnd018_p9_s5	AG-359-G18	AG-359-G18_a5_gnd018	0.161620	0.342025680	83.837964	0	9	5
AG-359-G18_a5_gnd019	AG-359-G18	AG-359-G18_a5_gnd019	0.170745641	0.358339118	82.925436	1		
AG-359-G18_a5_gnd019_p10_s4	AG-359-G18	AG-359-G18_a5_gnd019	0.170746	0.358339118	82.925436	0	10	4
AG-359-G18_a5_gnd019_p10_s5	AG-359-G18	AG-359-G18_a5_gnd019	0.170746	0.358339118	82.925436	0	10	5
AG-359-G18_a5_gnd019_p16_s2	AG-359-G18	AG-359-G18_a5_gnd019	0.170746	0.358339118	82.925436	0	16	2
AG-359-G18_a5_gnd019_p16_s3	AG-359-G18	AG-359-G18_a5_gnd019	0.170746	0.358339118	82.925436	0	16	3
AG-359-G18_a5_gnd019_p6_s1	AG-359-G18	AG-359-G18_a5_gnd019	0.170746	0.358339118	82.925436	0	6	1
AG-359-G18_a5_gnd020	AG-359-G18	AG-359-G18_a5_gnd020	0.179510717	0.372790347	82.048928	1		
AG-359-G18_a5_gnd020_p10_s2	AG-359-G18	AG-359-G18_a5_gnd020	0.179511	0.372790347	82.048928	0	10	2
AG-359-G18_a5_gnd020_p15_s1	AG-359-G18	AG-359-G18_a5_gnd020	0.179511	0.372790347	82.048928	0	15	1
AG-359-G18_a5_gnd020_p15_s4	AG-359-G18	AG-359-G18_a5_gnd020	0.179511	0.372790347	82.048928	0	15	4
AG-359-G18_a5_gnd020_p18_s3	AG-359-G18	AG-359-G18_a5_gnd020	0.179511	0.372790347	82.048928	0	18	3
AG-359-G18_a5_gnd020_p8_s5	AG-359-G18	AG-359-G18_a5_gnd020	0.179511	0.372790347	82.048928	0	8	5
AG-390-D15_a22_gnd00000	AG-390-D15	AG-390-D15_a22_gnd00000	0.000000000	0.000250771	100.000000	1		
AG-390-D15_a22_gnd00005	AG-390-D15	AG-390-D15_a22_gnd00005	0.000446715	0.001375012	99.955328	1		
AG-390-D15_a22_gnd00010	AG-390-D15	AG-390-D15_a22_gnd00010	0.000904173	0.002448536	99.909583	1		
AG-390-D15_a22_gnd00020	AG-390-D15	AG-390-D15_a22_gnd00020	0.001799394	0.004725195	99.820061	1		
AG-390-D15_a22_gnd00030	AG-390-D15	AG-390-D15_a22_gnd00030	0.002685662	0.006911689	99.731434	1		
AG-390-D15_a22_gnd00040	AG-390-D15	AG-390-D15_a22_gnd00040	0.003605054	0.008968572	99.639495	1		
AG-390-D15_a22_gnd00050	AG-390-D15	AG-390-D15_a22_gnd00050	0.004486846	0.011301584	99.551315	1		
AG-390-D15_a22_gnd00060	AG-390-D15	AG-390-D15_a22_gnd00060	0.005416980	0.013502167	99.458302	1		
AG-390-D15_a22_gnd00070	AG-390-D15	AG-390-D15_a22_gnd00070	0.006298773	0.015612585	99.370123	1		
AG-390-D15_a22_gnd00080	AG-390-D15	AG-390-D15_a22_gnd00080	0.007190413	0.017917420	99.280959	1		
AG-390-D15_a22_gnd00090	AG-390-D15	AG-390-D15_a22_gnd00090	0.008098166	0.020039109	99.190183	1		
AG-390-D15_a22_gnd001	AG-390-D15	AG-390-D15_a22_gnd001	0.008985330	0.022104445	99.101467	1		
AG-390-D15_a22_gnd002	AG-390-D15	AG-390-D15_a22_gnd002	0.017960813	0.044031377	98.203919	1		
AG-390-D15_a22_gnd003	AG-390-D15	AG-390-D15_a22_gnd003	0.026989113	0.065425775	97.301089	1		
AG-390-D15_a22_gnd004	AG-390-D15	AG-390-D15_a22_gnd004	0.035874179	0.086079131	96.412582	1		
AG-390-D15_a22_gnd005	AG-390-D15	AG-390-D15_a22_gnd005	0.044936498	0.106729669	95.506350	1		
AG-390-D15_a22_gnd006	AG-390-D15	AG-390-D15_a22_gnd006	0.054015826	0.127166067	94.598417	1		
AG-390-D15_a22_gnd007	AG-390-D15	AG-390-D15_a22_gnd007	0.062895520	0.147146005	93.710448	1		
AG-390-D15_a22_gnd008	AG-390-D15	AG-390-D15_a22_gnd008	0.071945306	0.167252737	92.805469	1		
AG-390-D15_a22_gnd009	AG-390-D15	AG-390-D15_a22_gnd009	0.080970025	0.186170423	91.902997	1		
AG-390-D15_a22_gnd010	AG-390-D15	AG-390-D15_a22_gnd010	0.089997431	0.205657273	91.000257	1		
AG-390-D15_a22_gnd011	AG-390-D15	AG-390-D15_a22_gnd011	0.098903981	0.224087505	90.109602	1		
AG-390-D15_a22_gnd012	AG-390-D15	AG-390-D15_a22_gnd012	0.107936758	0.242235972	89.206324	1		
AG-390-D15_a22_gnd013	AG-390-D15	AG-390-D15_a22_gnd013	0.116995496	0.260167481	88.300450	1		
AG-390-D15_a22_gnd014	AG-390-D15	AG-390-D15_a22_gnd014	0.126046177	0.278606166	87.395382	1		
AG-390-D15_a22_gnd015	AG-390-D15	AG-390-D15_a22_gnd015	0.135020765	0.296061492	86.497924	1		
AG-390-D15_a22_gnd016	AG-390-D15	AG-390-D15_a22_gnd016	0.144103674	0.314040901	85.589633	1		
AG-390-D15_a22_gnd017	AG-390-D15	AG-390-D15_a22_gnd017	0.152951140	0.330371986	84.704886	1		
AG-390-D15_a22_gnd018	AG-390-D15	AG-390-D15_a22_gnd018	0.162102981	0.346009929	83.789702	1		
AG-390-D15_a22_gnd019	AG-390-D15	AG-390-D15_a22_gnd019	0.171102634	0.361954997	82.889737	1		
AG-390-D15_a22_gnd020	AG-390-D15	AG-390-D15_a22_gnd020	0.180179277	0.378967952	81.982072	1		
AG-390-D15_a5_gnd00000	AG-390-D15	AG-390-D15_a5_gnd00000	0.000000000	0.000250771	100.000000	1		
AG-390-D15_a5_gnd00000_p10_s5	AG-390-D15	AG-390-D15_a5_gnd00000	0.000000	0.000250771	100.000000	0	10	5
AG-390-D15_a5_gnd00000_p14_s2	AG-390-D15	AG-390-D15_a5_gnd00000	0.000000	0.000250771	100.000000	0	14	2
AG-390-D15_a5_gnd00000_p16_s1	AG-390-D15	AG-390-D15_a5_gnd00000	0.000000	0.000250771	100.000000	0	16	1
AG-390-D15_a5_gnd00000_p20_s3	AG-390-D15	AG-390-D15_a5_gnd00000	0.000000	0.000250771	100.000000	0	20	3
AG-390-D15_a5_gnd00000_p5_s4	AG-390-D15	AG-390-D15_a5_gnd00000	0.000000	0.000250771	100.000000	0	5	4
AG-390-D15_a5_gnd00005	AG-390-D15	AG-390-D15_a5_gnd00005	0.000447610	0.001346836	99.955239	1		
AG-390-D15_a5_gnd00005_p0_s2	AG-390-D15	AG-390-D15_a5_gnd00005	0.000448	0.001346836	99.955239	0	0	2
AG-390-D15_a5_gnd00005_p13_s5	AG-390-D15	AG-390-D15_a5_gnd00005	0.000448	0.001346836	99.955239	0	13	5
AG-390-D15_a5_gnd00005_p18_s1	AG-390-D15	AG-390-D15_a5_gnd00005	0.000448	0.001346836	99.955239	0	18	1
AG-390-D15_a5_gnd00005_p19_s3	AG-390-D15	AG-390-D15_a5_gnd00005	0.000448	0.001346836	99.955239	0	19	3
AG-390-D15_a5_gnd00005_p9_s4	AG-390-D15	AG-390-D15_a5_gnd00005	0.000448	0.001346836	99.955239	0	9	4
AG-390-D15_a5_gnd00010	AG-390-D15	AG-390-D15_a5_gnd00010	0.000887164	0.002423177	99.911284	1		
AG-390-D15_a5_gnd00010_p15_s2	AG-390-D15	AG-390-D15_a5_gnd00010	0.000887	0.002423177	99.911284	0	15	2
AG-390-D15_a5_gnd00010_p17_s3	AG-390-D15	AG-390-D15_a5_gnd00010	0.000887	0.002423177	99.911284	0	17	3
AG-390-D15_a5_gnd00010_p17_s5	AG-390-D15	AG-390-D15_a5_gnd00010	0.000887	0.002423177	99.911284	0	17	5
AG-390-D15_a5_gnd00010_p20_s4	AG-390-D15	AG-390-D15_a5_gnd00010	0.000887	0.002423177	99.911284	0	20	4
AG-390-D15_a5_gnd00010_p4_s1	AG-390-D15	AG-390-D15_a5_gnd00010	0.000887	0.002423177	99.911284	0	4	1
AG-390-D15_a5_gnd00020	AG-390-D15	AG-390-D15_a5_gnd00020	0.001807451	0.004756189	99.819255	1		
AG-390-D15_a5_gnd00020_p0_s5	AG-390-D15	AG-390-D15_a5_gnd00020	0.001807	0.004756189	99.819255	0	0	5
AG-390-D15_a5_gnd00020_p11_s1	AG-390-D15	AG-390-D15_a5_gnd00020	0.001807	0.004756189	99.819255	0	11	1
AG-390-D15_a5_gnd00020_p14_s4	AG-390-D15	AG-390-D15_a5_gnd00020	0.001807	0.004756189	99.819255	0	14	4
AG-390-D15_a5_gnd00020_p15_s2	AG-390-D15	AG-390-D15_a5_gnd00020	0.001807	0.004756189	99.819255	0	15	2
AG-390-D15_a5_gnd00020_p17_s3	AG-390-D15	AG-390-D15_a5_gnd00020	0.001807	0.004756189	99.819255	0	17	3
AG-390-D15_a5_gnd00030	AG-390-D15	AG-390-D15_a5_gnd00030	0.002702671	0.006939866	99.729733	1		
AG-390-D15_a5_gnd00030_p12_s3	AG-390-D15	AG-390-D15_a5_gnd00030	0.002703	0.006939866	99.729733	0	12	3
AG-390-D15_a5_gnd00030_p16_s5	AG-390-D15	AG-390-D15_a5_gnd00030	0.002703	0.006939866	99.729733	0	16	5
AG-390-D15_a5_gnd00030_p18_s1	AG-390-D15	AG-390-D15_a5_gnd00030	0.002703	0.006939866	99.729733	0	18	1
AG-390-D15_a5_gnd00030_p19_s4	AG-390-D15	AG-390-D15_a5_gnd00030	0.002703	0.006939866	99.729733	0	19	4
AG-390-D15_a5_gnd00030_p8_s2	AG-390-D15	AG-390-D15_a5_gnd00030	0.002703	0.006939866	99.729733	0	8	2
AG-390-D15_a5_gnd00040	AG-390-D15	AG-390-D15_a5_gnd00040	0.003609530	0.009098184	99.639047	1		
AG-390-D15_a5_gnd00040_p11_s1	AG-390-D15	AG-390-D15_a5_gnd00040	0.003610	0.009098184	99.639047	0	11	1
AG-390-D15_a5_gnd00040_p14_s4	AG-390-D15	AG-390-D15_a5_gnd00040	0.003610	0.009098184	99.639047	0	14	4
AG-390-D15_a5_gnd00040_p15_s3	AG-390-D15	AG-390-D15_a5_gnd00040	0.003610	0.009098184	99.639047	0	15	3
AG-390-D15_a5_gnd00040_p17_s2	AG-390-D15	AG-390-D15_a5_gnd00040	0.003610	0.009098184	99.639047	0	17	2
AG-390-D15_a5_gnd00040_p9_s5	AG-390-D15	AG-390-D15_a5_gnd00040	0.003610	0.009098184	99.639047	0	9	5
AG-390-D15_a5_gnd00050	AG-390-D15	AG-390-D15_a5_gnd00050	0.004493113	0.011231143	99.550689	1		
AG-390-D15_a5_gnd00050_p12_s5	AG-390-D15	AG-390-D15_a5_gnd00050	0.004493	0.011231143	99.550689	0	12	5
AG-390-D15_a5_gnd00050_p17_s3	AG-390-D15	AG-390-D15_a5_gnd00050	0.004493	0.011231143	99.550689	0	17	3
AG-390-D15_a5_gnd00050_p20_s1	AG-390-D15	AG-390-D15_a5_gnd00050	0.004493	0.011231143	99.550689	0	20	1
AG-390-D15_a5_gnd00050_p20_s2	AG-390-D15	AG-390-D15_a5_gnd00050	0.004493	0.011231143	99.550689	0	20	2
AG-390-D15_a5_gnd00050_p3_s4	AG-390-D15	AG-390-D15_a5_gnd00050	0.004493	0.011231143	99.550689	0	3	4
AG-390-D15_a5_gnd00060	AG-390-D15	AG-390-D15_a5_gnd00060	0.005372219	0.013344379	99.462778	1		
AG-390-D15_a5_gnd00060_p10_s3	AG-390-D15	AG-390-D15_a5_gnd00060	0.005372	0.013344379	99.462778	0	10	3
AG-390-D15_a5_gnd00060_p10_s4	AG-390-D15	AG-390-D15_a5_gnd00060	0.005372	0.013344379	99.462778	0	10	4
AG-390-D15_a5_gnd00060_p11_s5	AG-390-D15	AG-390-D15_a5_gnd00060	0.005372	0.013344379	99.462778	0	11	5
AG-390-D15_a5_gnd00060_p13_s2	AG-390-D15	AG-390-D15_a5_gnd00060	0.005372	0.013344379	99.462778	0	13	2
AG-390-D15_a5_gnd00060_p19_s1	AG-390-D15	AG-390-D15_a5_gnd00060	0.005372	0.013344379	99.462778	0	19	1
AG-390-D15_a5_gnd00070	AG-390-D15	AG-390-D15_a5_gnd00070	0.006287135	0.015604132	99.371287	1		
AG-390-D15_a5_gnd00070_p10_s3	AG-390-D15	AG-390-D15_a5_gnd00070	0.006287	0.015604132	99.371287	0	10	3
AG-390-D15_a5_gnd00070_p10_s5	AG-390-D15	AG-390-D15_a5_gnd00070	0.006287	0.015604132	99.371287	0	10	5
AG-390-D15_a5_gnd00070_p4_s2	AG-390-D15	AG-390-D15_a5_gnd00070	0.006287	0.015604132	99.371287	0	4	2
AG-390-D15_a5_gnd00070_p4_s4	AG-390-D15	AG-390-D15_a5_gnd00070	0.006287	0.015604132	99.371287	0	4	4
AG-390-D15_a5_gnd00070_p9_s1	AG-390-D15	AG-390-D15_a5_gnd00070	0.006287	0.015604132	99.371287	0	9	1
AG-390-D15_a5_gnd00080	AG-390-D15	AG-390-D15_a5_gnd00080	0.007185041	0.017745544	99.281496	1		
AG-390-D15_a5_gnd00080_p14_s4	AG-390-D15	AG-390-D15_a5_gnd00080	0.007185	0.017745544	99.281496	0	14	4
AG-390-D15_a5_gnd00080_p15_s1	AG-390-D15	AG-390-D15_a5_gnd00080	0.007185	0.017745544	99.281496	0	15	1
AG-390-D15_a5_gnd00080_p7_s2	AG-390-D15	AG-390-D15_a5_gnd00080	0.007185	0.017745544	99.281496	0	7	2
AG-390-D15_a5_gnd00080_p9_s3	AG-390-D15	AG-390-D15_a5_gnd00080	0.007185	0.017745544	99.281496	0	9	3
AG-390-D15_a5_gnd00080_p9_s5	AG-390-D15	AG-390-D15_a5_gnd00080	0.007185	0.017745544	99.281496	0	9	5
AG-390-D15_a5_gnd00090	AG-390-D15	AG-390-D15_a5_gnd00090	0.008082948	0.020053197	99.191705	1		
AG-390-D15_a5_gnd00090_p0_s2	AG-390-D15	AG-390-D15_a5_gnd00090	0.008083	0.020053197	99.191705	0	0	2
AG-390-D15_a5_gnd00090_p13_s4	AG-390-D15	AG-390-D15_a5_gnd00090	0.008083	0.020053197	99.191705	0	13	4
AG-390-D15_a5_gnd00090_p18_s3	AG-390-D15	AG-390-D15_a5_gnd00090	0.008083	0.020053197	99.191705	0	18	3
AG-390-D15_a5_gnd00090_p19_s1	AG-390-D15	AG-390-D15_a5_gnd00090	0.008083	0.020053197	99.191705	0	19	1
AG-390-D15_a5_gnd00090_p5_s5	AG-390-D15	AG-390-D15_a5_gnd00090	0.008083	0.020053197	99.191705	0	5	5
AG-390-D15_a5_gnd001	AG-390-D15	AG-390-D15_a5_gnd001	0.008964740	0.022203062	99.103526	1		
AG-390-D15_a5_gnd001_p10_s2	AG-390-D15	AG-390-D15_a5_gnd001	0.008965	0.022203062	99.103526	0	10	2
AG-390-D15_a5_gnd001_p11_s3	AG-390-D15	AG-390-D15_a5_gnd001	0.008965	0.022203062	99.103526	0	11	3
AG-390-D15_a5_gnd001_p18_s5	AG-390-D15	AG-390-D15_a5_gnd001	0.008965	0.022203062	99.103526	0	18	5
AG-390-D15_a5_gnd001_p2_s1	AG-390-D15	AG-390-D15_a5_gnd001	0.008965	0.022203062	99.103526	0	2	1
AG-390-D15_a5_gnd001_p9_s4	AG-390-D15	AG-390-D15_a5_gnd001	0.008965	0.022203062	99.103526	0	9	4
AG-390-D15_a5_gnd002	AG-390-D15	AG-390-D15_a5_gnd002	0.018014526	0.043958118	98.198547	1		
AG-390-D15_a5_gnd002_p0_s2	AG-390-D15	AG-390-D15_a5_gnd002	0.018015	0.043958118	98.198547	0	0	2
AG-390-D15_a5_gnd002_p13_s5	AG-390-D15	AG-390-D15_a5_gnd002	0.018015	0.043958118	98.198547	0	13	5
AG-390-D15_a5_gnd002_p19_s3	AG-390-D15	AG-390-D15_a5_gnd002	0.018015	0.043958118	98.198547	0	19	3
AG-390-D15_a5_gnd002_p19_s4	AG-390-D15	AG-390-D15_a5_gnd002	0.018015	0.043958118	98.198547	0	19	4
AG-390-D15_a5_gnd002_p20_s1	AG-390-D15	AG-390-D15_a5_gnd002	0.018015	0.043958118	98.198547	0	20	1
AG-390-D15_a5_gnd003	AG-390-D15	AG-390-D15_a5_gnd003	0.026986428	0.065118651	97.301357	1		
AG-390-D15_a5_gnd003_p17_s3	AG-390-D15	AG-390-D15_a5_gnd003	0.026986	0.065118651	97.301357	0	17	3
AG-390-D15_a5_gnd003_p18_s2	AG-390-D15	AG-390-D15_a5_gnd003	0.026986	0.065118651	97.301357	0	18	2
AG-390-D15_a5_gnd003_p18_s5	AG-390-D15	AG-390-D15_a5_gnd003	0.026986	0.065118651	97.301357	0	18	5
AG-390-D15_a5_gnd003_p2_s4	AG-390-D15	AG-390-D15_a5_gnd003	0.026986	0.065118651	97.301357	0	2	4
AG-390-D15_a5_gnd003_p8_s1	AG-390-D15	AG-390-D15_a5_gnd003	0.026986	0.065118651	97.301357	0	8	1
AG-390-D15_a5_gnd004	AG-390-D15	AG-390-D15_a5_gnd004	0.036018309	0.086079131	96.398169	1		
AG-390-D15_a5_gnd004_p10_s5	AG-390-D15	AG-390-D15_a5_gnd004	0.036018	0.086079131	96.398169	0	10	5
AG-390-D15_a5_gnd004_p11_s4	AG-390-D15	AG-390-D15_a5_gnd004	0.036018	0.086079131	96.398169	0	11	4
AG-390-D15_a5_gnd004_p14_s3	AG-390-D15	AG-390-D15_a5_gnd004	0.036018	0.086079131	96.398169	0	14	3
AG-390-D15_a5_gnd004_p16_s2	AG-390-D15	AG-390-D15_a5_gnd004	0.036018	0.086079131	96.398169	0	16	2
AG-390-D15_a5_gnd004_p18_s1	AG-390-D15	AG-390-D15_a5_gnd004	0.036018	0.086079131	96.398169	0	18	1
AG-390-D15_a5_gnd005	AG-390-D15	AG-390-D15_a5_gnd005	0.044916803	0.106129510	95.508320	1		
AG-390-D15_a5_gnd005_p11_s3	AG-390-D15	AG-390-D15_a5_gnd005	0.044917	0.106129510	95.508320	0	11	3
AG-390-D15_a5_gnd005_p14_s1	AG-390-D15	AG-390-D15_a5_gnd005	0.044917	0.106129510	95.508320	0	14	1
AG-390-D15_a5_gnd005_p2_s2	AG-390-D15	AG-390-D15_a5_gnd005	0.044917	0.106129510	95.508320	0	2	2
AG-390-D15_a5_gnd005_p3_s4	AG-390-D15	AG-390-D15_a5_gnd005	0.044917	0.106129510	95.508320	0	3	4
AG-390-D15_a5_gnd005_p7_s5	AG-390-D15	AG-390-D15_a5_gnd005	0.044917	0.106129510	95.508320	0	7	5
AG-390-D15_a5_gnd006	AG-390-D15	AG-390-D15_a5_gnd006	0.053866324	0.126247513	94.613368	1		
AG-390-D15_a5_gnd006_p0_s1	AG-390-D15	AG-390-D15_a5_gnd006	0.053866	0.126247513	94.613368	0	0	1
AG-390-D15_a5_gnd006_p15_s5	AG-390-D15	AG-390-D15_a5_gnd006	0.053866	0.126247513	94.613368	0	15	5
AG-390-D15_a5_gnd006_p18_s4	AG-390-D15	AG-390-D15_a5_gnd006	0.053866	0.126247513	94.613368	0	18	4
AG-390-D15_a5_gnd006_p19_s3	AG-390-D15	AG-390-D15_a5_gnd006	0.053866	0.126247513	94.613368	0	19	3
AG-390-D15_a5_gnd006_p5_s2	AG-390-D15	AG-390-D15_a5_gnd006	0.053866	0.126247513	94.613368	0	5	2
AG-390-D15_a5_gnd007	AG-390-D15	AG-390-D15_a5_gnd007	0.062918795	0.146435958	93.708120	1		
AG-390-D15_a5_gnd007_p0_s1	AG-390-D15	AG-390-D15_a5_gnd007	0.062919	0.146435958	93.708120	0	0	1
AG-390-D15_a5_gnd007_p11_s2	AG-390-D15	AG-390-D15_a5_gnd007	0.062919	0.146435958	93.708120	0	11	2
AG-390-D15_a5_gnd007_p17_s5	AG-390-D15	AG-390-D15_a5_gnd007	0.062919	0.146435958	93.708120	0	17	5
AG-390-D15_a5_gnd007_p20_s3	AG-390-D15	AG-390-D15_a5_gnd007	0.062919	0.146435958	93.708120	0	20	3
AG-390-D15_a5_gnd007_p2_s4	AG-390-D15	AG-390-D15_a5_gnd007	0.062919	0.146435958	93.708120	0	2	4
AG-390-D15_a5_gnd008	AG-390-D15	AG-390-D15_a5_gnd008	0.071861155	0.165176131	92.813885	1		
AG-390-D15_a5_gnd008_p0_s1	AG-390-D15	AG-390-D15_a5_gnd008	0.071861	0.165176131	92.813885	0	0	1
AG-390-D15_a5_gnd008_p0_s2	AG-390-D15	AG-390-D15_a5_gnd008	0.071861	0.165176131	92.813885	0	0	2
AG-390-D15_a5_gnd008_p10_s3	AG-390-D15	AG-390-D15_a5_gnd008	0.071861	0.165176131	92.813885	0	10	3
AG-390-D15_a5_gnd008_p15_s4	AG-390-D15	AG-390-D15_a5_gnd008	0.071861	0.165176131	92.813885	0	15	4
AG-390-D15_a5_gnd008_p16_s5	AG-390-D15	AG-390-D15_a5_gnd008	0.071861	0.165176131	92.813885	0	16	5
AG-390-D15_a5_gnd009	AG-390-D15	AG-390-D15_a5_gnd009	0.080866180	0.184029010	91.913382	1		
AG-390-D15_a5_gnd009_p0_s4	AG-390-D15	AG-390-D15_a5_gnd009	0.080866	0.184029010	91.913382	0	0	4
AG-390-D15_a5_gnd009_p19_s1	AG-390-D15	AG-390-D15_a5_gnd009	0.080866	0.184029010	91.913382	0	19	1
AG-390-D15_a5_gnd009_p20_s5	AG-390-D15	AG-390-D15_a5_gnd009	0.080866	0.184029010	91.913382	0	20	5
AG-390-D15_a5_gnd009_p4_s3	AG-390-D15	AG-390-D15_a5_gnd009	0.080866	0.184029010	91.913382	0	4	3
AG-390-D15_a5_gnd009_p8_s2	AG-390-D15	AG-390-D15_a5_gnd009	0.080866	0.184029010	91.913382	0	8	2
AG-390-D15_a5_gnd010	AG-390-D15	AG-390-D15_a5_gnd010	0.090078001	0.203594755	90.992200	1		
AG-390-D15_a5_gnd010_p11_s2	AG-390-D15	AG-390-D15_a5_gnd010	0.090078	0.203594755	90.992200	0	11	2
AG-390-D15_a5_gnd010_p17_s4	AG-390-D15	AG-390-D15_a5_gnd010	0.090078	0.203594755	90.992200	0	17	4
AG-390-D15_a5_gnd010_p19_s1	AG-390-D15	AG-390-D15_a5_gnd010	0.090078	0.203594755	90.992200	0	19	1
AG-390-D15_a5_gnd010_p5_s5	AG-390-D15	AG-390-D15_a5_gnd010	0.090078	0.203594755	90.992200	0	5	5
AG-390-D15_a5_gnd010_p7_s3	AG-390-D15	AG-390-D15_a5_gnd010	0.090078	0.203594755	90.992200	0	7	3
AG-390-D15_a5_gnd011	AG-390-D15	AG-390-D15_a5_gnd011	0.099115253	0.221965816	90.088475	1		
AG-390-D15_a5_gnd011_p12_s1	AG-390-D15	AG-390-D15_a5_gnd011	0.099115	0.221965816	90.088475	0	12	1
AG-390-D15_a5_gnd011_p13_s2	AG-390-D15	AG-390-D15_a5_gnd011	0.099115	0.221965816	90.088475	0	13	2
AG-390-D15_a5_gnd011_p18_s5	AG-390-D15	AG-390-D15_a5_gnd011	0.099115	0.221965816	90.088475	0	18	5
AG-390-D15_a5_gnd011_p20_s3	AG-390-D15	AG-390-D15_a5_gnd011	0.099115	0.221965816	90.088475	0	20	3
AG-390-D15_a5_gnd011_p4_s4	AG-390-D15	AG-390-D15_a5_gnd011	0.099115	0.221965816	90.088475	0	4	4
AG-390-D15_a5_gnd012	AG-390-D15	AG-390-D15_a5_gnd012	0.108148925	0.239294348	89.185107	1		
AG-390-D15_a5_gnd012_p11_s4	AG-390-D15	AG-390-D15_a5_gnd012	0.108149	0.239294348	89.185107	0	11	4
AG-390-D15_a5_gnd012_p18_s1	AG-390-D15	AG-390-D15_a5_gnd012	0.108149	0.239294348	89.185107	0	18	1
AG-390-D15_a5_gnd012_p18_s2	AG-390-D15	AG-390-D15_a5_gnd012	0.108149	0.239294348	89.185107	0	18	2
AG-390-D15_a5_gnd012_p19_s5	AG-390-D15	AG-390-D15_a5_gnd012	0.108149	0.239294348	89.185107	0	19	5
AG-390-D15_a5_gnd012_p8_s3	AG-390-D15	AG-390-D15_a5_gnd012	0.108149	0.239294348	89.185107	0	8	3
AG-390-D15_a5_gnd013	AG-390-D15	AG-390-D15_a5_gnd013	0.117045629	0.257482263	88.295437	1		
AG-390-D15_a5_gnd013_p0_s1	AG-390-D15	AG-390-D15_a5_gnd013	0.117046	0.257482263	88.295437	0	0	1
AG-390-D15_a5_gnd013_p15_s3	AG-390-D15	AG-390-D15_a5_gnd013	0.117046	0.257482263	88.295437	0	15	3
AG-390-D15_a5_gnd013_p16_s2	AG-390-D15	AG-390-D15_a5_gnd013	0.117046	0.257482263	88.295437	0	16	2
AG-390-D15_a5_gnd013_p16_s4	AG-390-D15	AG-390-D15_a5_gnd013	0.117046	0.257482263	88.295437	0	16	4
AG-390-D15_a5_gnd013_p6_s5	AG-390-D15	AG-390-D15_a5_gnd013	0.117046	0.257482263	88.295437	0	6	5
AG-390-D15_a5_gnd014	AG-390-D15	AG-390-D15_a5_gnd014	0.126089148	0.275388413	87.391085	1		
AG-390-D15_a5_gnd014_p13_s3	AG-390-D15	AG-390-D15_a5_gnd014	0.126089	0.275388413	87.391085	0	13	3
AG-390-D15_a5_gnd014_p16_s2	AG-390-D15	AG-390-D15_a5_gnd014	0.126089	0.275388413	87.391085	0	16	2
AG-390-D15_a5_gnd014_p17_s5	AG-390-D15	AG-390-D15_a5_gnd014	0.126089	0.275388413	87.391085	0	17	5
AG-390-D15_a5_gnd014_p18_s1	AG-390-D15	AG-390-D15_a5_gnd014	0.126089	0.275388413	87.391085	0	18	1
AG-390-D15_a5_gnd014_p20_s4	AG-390-D15	AG-390-D15_a5_gnd014	0.126089	0.275388413	87.391085	0	20	4
AG-390-D15_a5_gnd015	AG-390-D15	AG-390-D15_a5_gnd015	0.135145200	0.291882921	86.485480	1		
AG-390-D15_a5_gnd015_p10_s1	AG-390-D15	AG-390-D15_a5_gnd015	0.135145	0.291882921	86.485480	0	10	1
AG-390-D15_a5_gnd015_p10_s4	AG-390-D15	AG-390-D15_a5_gnd015	0.135145	0.291882921	86.485480	0	10	4
AG-390-D15_a5_gnd015_p16_s5	AG-390-D15	AG-390-D15_a5_gnd015	0.135145	0.291882921	86.485480	0	16	5
AG-390-D15_a5_gnd015_p1_s3	AG-390-D15	AG-390-D15_a5_gnd015	0.135145	0.291882921	86.485480	0	1	3
AG-390-D15_a5_gnd015_p8_s2	AG-390-D15	AG-390-D15_a5_gnd015	0.135145	0.291882921	86.485480	0	8	2
AG-390-D15_a5_gnd016	AG-390-D15	AG-390-D15_a5_gnd016	0.144084874	0.308374612	85.591513	1		
AG-390-D15_a5_gnd016_p10_s5	AG-390-D15	AG-390-D15_a5_gnd016	0.144085	0.308374612	85.591513	0	10	5
AG-390-D15_a5_gnd016_p16_s1	AG-390-D15	AG-390-D15_a5_gnd016	0.144085	0.308374612	85.591513	0	16	1
AG-390-D15_a5_gnd016_p19_s2	AG-390-D15	AG-390-D15_a5_gnd016	0.144085	0.308374612	85.591513	0	19	2
AG-390-D15_a5_gnd016_p19_s4	AG-390-D15	AG-390-D15_a5_gnd016	0.144085	0.308374612	85.591513	0	19	4
AG-390-D15_a5_gnd016_p7_s3	AG-390-D15	AG-390-D15_a5_gnd016	0.144085	0.308374612	85.591513	0	7	3
AG-390-D15_a5_gnd017	AG-390-D15	AG-390-D15_a5_gnd017	0.153307438	0.325550991	84.669256	1		
AG-390-D15_a5_gnd017_p20_s1	AG-390-D15	AG-390-D15_a5_gnd017	0.153307	0.325550991	84.669256	0	20	1
AG-390-D15_a5_gnd017_p20_s5	AG-390-D15	AG-390-D15_a5_gnd017	0.153307	0.325550991	84.669256	0	20	5
AG-390-D15_a5_gnd017_p4_s2	AG-390-D15	AG-390-D15_a5_gnd017	0.153307	0.325550991	84.669256	0	4	2
AG-390-D15_a5_gnd017_p7_s4	AG-390-D15	AG-390-D15_a5_gnd017	0.153307	0.325550991	84.669256	0	7	4
AG-390-D15_a5_gnd017_p8_s3	AG-390-D15	AG-390-D15_a5_gnd017	0.153307	0.325550991	84.669256	0	8	3
AG-390-D15_a5_gnd018	AG-390-D15	AG-390-D15_a5_gnd018	0.162293663	0.340822640	83.770634	1		
AG-390-D15_a5_gnd018_p0_s5	AG-390-D15	AG-390-D15_a5_gnd018	0.162294	0.340822640	83.770634	0	0	5
AG-390-D15_a5_gnd018_p10_s4	AG-390-D15	AG-390-D15_a5_gnd018	0.162294	0.340822640	83.770634	0	10	4
AG-390-D15_a5_gnd018_p11_s1	AG-390-D15	AG-390-D15_a5_gnd018	0.162294	0.340822640	83.770634	0	11	1
AG-390-D15_a5_gnd018_p15_s3	AG-390-D15	AG-390-D15_a5_gnd018	0.162294	0.340822640	83.770634	0	15	3
AG-390-D15_a5_gnd018_p20_s2	AG-390-D15	AG-390-D15_a5_gnd018	0.162294	0.340822640	83.770634	0	20	2
AG-390-D15_a5_gnd019	AG-390-D15	AG-390-D15_a5_gnd019	0.171531445	0.357111460	82.846855	1		
AG-390-D15_a5_gnd019_p13_s5	AG-390-D15	AG-390-D15_a5_gnd019	0.171531	0.357111460	82.846855	0	13	5
AG-390-D15_a5_gnd019_p18_s4	AG-390-D15	AG-390-D15_a5_gnd019	0.171531	0.357111460	82.846855	0	18	4
AG-390-D15_a5_gnd019_p19_s1	AG-390-D15	AG-390-D15_a5_gnd019	0.171531	0.357111460	82.846855	0	19	1
AG-390-D15_a5_gnd019_p1_s2	AG-390-D15	AG-390-D15_a5_gnd019	0.171531	0.357111460	82.846855	0	1	2
AG-390-D15_a5_gnd019_p7_s3	AG-390-D15	AG-390-D15_a5_gnd019	0.171531	0.357111460	82.846855	0	7	3
AG-390-D15_a5_gnd020	AG-390-D15	AG-390-D15_a5_gnd020	0.180283122	0.372986086	81.971688	1		
AG-390-D15_a5_gnd020_p13_s2	AG-390-D15	AG-390-D15_a5_gnd020	0.180283	0.372986086	81.971688	0	13	2
AG-390-D15_a5_gnd020_p17_s3	AG-390-D15	AG-390-D15_a5_gnd020	0.180283	0.372986086	81.971688	0	17	3
AG-390-D15_a5_gnd020_p20_s4	AG-390-D15	AG-390-D15_a5_gnd020	0.180283	0.372986086	81.971688	0	20	4
AG-390-D15_a5_gnd020_p20_s5	AG-390-D15	AG-390-D15_a5_gnd020	0.180283	0.372986086	81.971688	0	20	5
AG-390-D15_a5_gnd020_p8_s1	AG-390-D15	AG-390-D15_a5_gnd020	0.180283	0.372986086	81.971688	0	8	1
AG-390-N04_a22_gnd00000	AG-390-N04	AG-390-N04_a22_gnd00000	0.000000000	0.000290909	100.000000	1		
AG-390-N04_a22_gnd00005	AG-390-N04	AG-390-N04_a22_gnd00005	0.000448896	0.001407241	99.955110	1		
AG-390-N04_a22_gnd00010	AG-390-N04	AG-390-N04_a22_gnd00010	0.000893319	0.002485732	99.910668	1		
AG-390-N04_a22_gnd00020	AG-390-N04	AG-390-N04_a22_gnd00020	0.001795585	0.004772796	99.820441	1		
AG-390-N04_a22_gnd00030	AG-390-N04	AG-390-N04_a22_gnd00030	0.002686667	0.007012556	99.731333	1		
AG-390-N04_a22_gnd00040	AG-390-N04	AG-390-N04_a22_gnd00040	0.003594899	0.009091490	99.640510	1		
AG-390-N04_a22_gnd00050	AG-390-N04	AG-390-N04_a22_gnd00050	0.004481506	0.011482618	99.551849	1		
AG-390-N04_a22_gnd00060	AG-390-N04	AG-390-N04_a22_gnd00060	0.005367368	0.013526074	99.463263	1		
AG-390-N04_a22_gnd00070	AG-390-N04	AG-390-N04_a22_gnd00070	0.006294242	0.015876995	99.370576	1		
AG-390-N04_a22_gnd00080	AG-390-N04	AG-390-N04_a22_gnd00080	0.007156242	0.017840038	99.284376	1		
AG-390-N04_a22_gnd00090	AG-390-N04	AG-390-N04_a22_gnd00090	0.008071931	0.020049052	99.192807	1		
AG-390-N04_a22_gnd001	AG-390-N04	AG-390-N04_a22_gnd001	0.008924237	0.022099604	99.107576	1		
AG-390-N04_a22_gnd002	AG-390-N04	AG-390-N04_a22_gnd002	0.017948395	0.043801870	98.205161	1		
AG-390-N04_a22_gnd003	AG-390-N04	AG-390-N04_a22_gnd003	0.026866667	0.064898667	97.313333	1		
AG-390-N04_a22_gnd004	AG-390-N04	AG-390-N04_a22_gnd004	0.035806563	0.086276912	96.419344	1		
AG-390-N04_a22_gnd005	AG-390-N04	AG-390-N04_a22_gnd005	0.044762864	0.106368536	95.523714	1		
AG-390-N04_a22_gnd006	AG-390-N04	AG-390-N04_a22_gnd006	0.053668460	0.126772356	94.633154	1		
AG-390-N04_a22_gnd007	AG-390-N04	AG-390-N04_a22_gnd007	0.062762711	0.146426434	93.723729	1		
AG-390-N04_a22_gnd008	AG-390-N04	AG-390-N04_a22_gnd008	0.071727214	0.166834984	92.827279	1		
AG-390-N04_a22_gnd009	AG-390-N04	AG-390-N04_a22_gnd009	0.080599254	0.186273837	91.940075	1		
AG-390-N04_a22_gnd010	AG-390-N04	AG-390-N04_a22_gnd010	0.089640562	0.204922744	91.035944	1		
AG-390-N04_a22_gnd011	AG-390-N04	AG-390-N04_a22_gnd011	0.098553614	0.222881037	90.144639	1		
AG-390-N04_a22_gnd012	AG-390-N04	AG-390-N04_a22_gnd012	0.107581500	0.241331274	89.241850	1		
AG-390-N04_a22_gnd013	AG-390-N04	AG-390-N04_a22_gnd013	0.116614606	0.260405900	88.338539	1		
AG-390-N04_a22_gnd014	AG-390-N04	AG-390-N04_a22_gnd014	0.125397165	0.278321622	87.460283	1		
AG-390-N04_a22_gnd015	AG-390-N04	AG-390-N04_a22_gnd015	0.134594319	0.295920419	86.540568	1		
AG-390-N04_a22_gnd016	AG-390-N04	AG-390-N04_a22_gnd016	0.143353762	0.312452550	85.664624	1		
AG-390-N04_a22_gnd017	AG-390-N04	AG-390-N04_a22_gnd017	0.152477840	0.329389115	84.752216	1		
AG-390-N04_a22_gnd018	AG-390-N04	AG-390-N04_a22_gnd018	0.161273822	0.345646894	83.872618	1		
AG-390-N04_a22_gnd019	AG-390-N04	AG-390-N04_a22_gnd019	0.170213718	0.362108071	82.978628	1		
AG-390-N04_a22_gnd020	AG-390-N04	AG-390-N04_a22_gnd020	0.179254280	0.378547963	82.074572	1		
AG-390-N04_a5_gnd00000	AG-390-N04	AG-390-N04_a5_gnd00000	0.000000000	0.000290909	100.000000	1		
AG-390-N04_a5_gnd00000_p11_s4	AG-390-N04	AG-390-N04_a5_gnd00000	0.000000	0.000290909	100.000000	0	11	4
AG-390-N04_a5_gnd00000_p20_s1	AG-390-N04	AG-390-N04_a5_gnd00000	0.000000	0.000290909	100.000000	0	20	1
AG-390-N04_a5_gnd00000_p4_s2	AG-390-N04	AG-390-N04_a5_gnd00000	0.000000	0.000290909	100.000000	0	4	2
AG-390-N04_a5_gnd00000_p4_s5	AG-390-N04	AG-390-N04_a5_gnd00000	0.000000	0.000290909	100.000000	0	4	5
AG-390-N04_a5_gnd00000_p8_s3	AG-390-N04	AG-390-N04_a5_gnd00000	0.000000	0.000290909	100.000000	0	8	3
AG-390-N04_a5_gnd00005	AG-390-N04	AG-390-N04_a5_gnd00005	0.000447405	0.001411972	99.955260	1		
AG-390-N04_a5_gnd00005_p0_s5	AG-390-N04	AG-390-N04_a5_gnd00005	0.000447	0.001411972	99.955260	0	0	5
AG-390-N04_a5_gnd00005_p13_s1	AG-390-N04	AG-390-N04_a5_gnd00005	0.000447	0.001411972	99.955260	0	13	1
AG-390-N04_a5_gnd00005_p14_s3	AG-390-N04	AG-390-N04_a5_gnd00005	0.000447	0.001411972	99.955260	0	14	3
AG-390-N04_a5_gnd00005_p17_s4	AG-390-N04	AG-390-N04_a5_gnd00005	0.000447	0.001411972	99.955260	0	17	4
AG-390-N04_a5_gnd00005_p18_s2	AG-390-N04	AG-390-N04_a5_gnd00005	0.000447	0.001411972	99.955260	0	18	2
AG-390-N04_a5_gnd00010	AG-390-N04	AG-390-N04_a5_gnd00010	0.000897793	0.002511749	99.910221	1		
AG-390-N04_a5_gnd00010_p11_s3	AG-390-N04	AG-390-N04_a5_gnd00010	0.000898	0.002511749	99.910221	0	11	3
AG-390-N04_a5_gnd00010_p12_s1	AG-390-N04	AG-390-N04_a5_gnd00010	0.000898	0.002511749	99.910221	0	12	1
AG-390-N04_a5_gnd00010_p12_s4	AG-390-N04	AG-390-N04_a5_gnd00010	0.000898	0.002511749	99.910221	0	12	4
AG-390-N04_a5_gnd00010_p12_s5	AG-390-N04	AG-390-N04_a5_gnd00010	0.000898	0.002511749	99.910221	0	12	5
AG-390-N04_a5_gnd00010_p9_s2	AG-390-N04	AG-390-N04_a5_gnd00010	0.000898	0.002511749	99.910221	0	9	2
AG-390-N04_a5_gnd00020	AG-390-N04	AG-390-N04_a5_gnd00020	0.001796331	0.004720763	99.820367	1		
AG-390-N04_a5_gnd00020_p16_s1	AG-390-N04	AG-390-N04_a5_gnd00020	0.001796	0.004720763	99.820367	0	16	1
AG-390-N04_a5_gnd00020_p16_s2	AG-390-N04	AG-390-N04_a5_gnd00020	0.001796	0.004720763	99.820367	0	16	2
AG-390-N04_a5_gnd00020_p16_s3	AG-390-N04	AG-390-N04_a5_gnd00020	0.001796	0.004720763	99.820367	0	16	3
AG-390-N04_a5_gnd00020_p5_s5	AG-390-N04	AG-390-N04_a5_gnd00020	0.001796	0.004720763	99.820367	0	5	5
AG-390-N04_a5_gnd00020_p9_s4	AG-390-N04	AG-390-N04_a5_gnd00020	0.001796	0.004720763	99.820367	0	9	4
AG-390-N04_a5_gnd00030	AG-390-N04	AG-390-N04_a5_gnd00030	0.002693378	0.006873015	99.730662	1		
AG-390-N04_a5_gnd00030_p0_s1	AG-390-N04	AG-390-N04_a5_gnd00030	0.002693	0.006873015	99.730662	0	0	1
AG-390-N04_a5_gnd00030_p10_s3	AG-390-N04	AG-390-N04_a5_gnd00030	0.002693	0.006873015	99.730662	0	10	3
AG-390-N04_a5_gnd00030_p11_s2	AG-390-N04	AG-390-N04_a5_gnd00030	0.002693	0.006873015	99.730662	0	11	2
AG-390-N04_a5_gnd00030_p18_s4	AG-390-N04	AG-390-N04_a5_gnd00030	0.002693	0.006873015	99.730662	0	18	4
AG-390-N04_a5_gnd00030_p20_s5	AG-390-N04	AG-390-N04_a5_gnd00030	0.002693	0.006873015	99.730662	0	20	5
AG-390-N04_a5_gnd00040	AG-390-N04	AG-390-N04_a5_gnd00040	0.003596390	0.009126966	99.640361	1		
AG-390-N04_a5_gnd00040_p11_s4	AG-390-N04	AG-390-N04_a5_gnd00040	0.003596	0.009126966	99.640361	0	11	4
AG-390-N04_a5_gnd00040_p16_s2	AG-390-N04	AG-390-N04_a5_gnd00040	0.003596	0.009126966	99.640361	0	16	2
AG-390-N04_a5_gnd00040_p17_s3	AG-390-N04	AG-390-N04_a5_gnd00040	0.003596	0.009126966	99.640361	0	17	3
AG-390-N04_a5_gnd00040_p17_s5	AG-390-N04	AG-390-N04_a5_gnd00040	0.003596	0.009126966	99.640361	0	17	5
AG-390-N04_a5_gnd00040_p4_s1	AG-390-N04	AG-390-N04_a5_gnd00040	0.003596	0.009126966	99.640361	0	4	1
AG-390-N04_a5_gnd00050	AG-390-N04	AG-390-N04_a5_gnd00050	0.004489709	0.011338346	99.551029	1		
AG-390-N04_a5_gnd00050_p20_s2	AG-390-N04	AG-390-N04_a5_gnd00050	0.004490	0.011338346	99.551029	0	20	2
AG-390-N04_a5_gnd00050_p2_s5	AG-390-N04	AG-390-N04_a5_gnd00050	0.004490	0.011338346	99.551029	0	2	5
AG-390-N04_a5_gnd00050_p5_s3	AG-390-N04	AG-390-N04_a5_gnd00050	0.004490	0.011338346	99.551029	0	5	3
AG-390-N04_a5_gnd00050_p8_s1	AG-390-N04	AG-390-N04_a5_gnd00050	0.004490	0.011338346	99.551029	0	8	1
AG-390-N04_a5_gnd00050_p9_s4	AG-390-N04	AG-390-N04_a5_gnd00050	0.004490	0.011338346	99.551029	0	9	4
AG-390-N04_a5_gnd00060	AG-390-N04	AG-390-N04_a5_gnd00060	0.005368114	0.013620679	99.463189	1		
AG-390-N04_a5_gnd00060_p10_s3	AG-390-N04	AG-390-N04_a5_gnd00060	0.005368	0.013620679	99.463189	0	10	3
AG-390-N04_a5_gnd00060_p13_s5	AG-390-N04	AG-390-N04_a5_gnd00060	0.005368	0.013620679	99.463189	0	13	5
AG-390-N04_a5_gnd00060_p20_s1	AG-390-N04	AG-390-N04_a5_gnd00060	0.005368	0.013620679	99.463189	0	20	1
AG-390-N04_a5_gnd00060_p20_s2	AG-390-N04	AG-390-N04_a5_gnd00060	0.005368	0.013620679	99.463189	0	20	2
AG-390-N04_a5_gnd00060_p9_s4	AG-390-N04	AG-390-N04_a5_gnd00060	0.005368	0.013620679	99.463189	0	9	4
AG-390-N04_a5_gnd00070	AG-390-N04	AG-390-N04_a5_gnd00070	0.006275600	0.015668865	99.372440	1		
AG-390-N04_a5_gnd00070_p14_s1	AG-390-N04	AG-390-N04_a5_gnd00070	0.006276	0.015668865	99.372440	0	14	1
AG-390-N04_a5_gnd00070_p15_s5	AG-390-N04	AG-390-N04_a5_gnd00070	0.006276	0.015668865	99.372440	0	15	5
AG-390-N04_a5_gnd00070_p16_s4	AG-390-N04	AG-390-N04_a5_gnd00070	0.006276	0.015668865	99.372440	0	16	4
AG-390-N04_a5_gnd00070_p3_s3	AG-390-N04	AG-390-N04_a5_gnd00070	0.006276	0.015668865	99.372440	0	3	3
AG-390-N04_a5_gnd00070_p4_s2	AG-390-N04	AG-390-N04_a5_gnd00070	0.006276	0.015668865	99.372440	0	4	2
AG-390-N04_a5_gnd00080	AG-390-N04	AG-390-N04_a5_gnd00080	0.007179358	0.017929912	99.282064	1		
AG-390-N04_a5_gnd00080_p10_s1	AG-390-N04	AG-390-N04_a5_gnd00080	0.007179	0.017929912	99.282064	0	10	1
AG-390-N04_a5_gnd00080_p10_s3	AG-390-N04	AG-390-N04_a5_gnd00080	0.007179	0.017929912	99.282064	0	10	3
AG-390-N04_a5_gnd00080_p13_s2	AG-390-N04	AG-390-N04_a5_gnd00080	0.007179	0.017929912	99.282064	0	13	2
AG-390-N04_a5_gnd00080_p16_s4	AG-390-N04	AG-390-N04_a5_gnd00080	0.007179	0.017929912	99.282064	0	16	4
AG-390-N04_a5_gnd00080_p19_s5	AG-390-N04	AG-390-N04_a5_gnd00080	0.007179	0.017929912	99.282064	0	19	5
AG-390-N04_a5_gnd00090	AG-390-N04	AG-390-N04_a5_gnd00090	0.008040612	0.019944988	99.195939	1		
AG-390-N04_a5_gnd00090_p0_s5	AG-390-N04	AG-390-N04_a5_gnd00090	0.008041	0.019944988	99.195939	0	0	5
AG-390-N04_a5_gnd00090_p14_s4	AG-390-N04	AG-390-N04_a5_gnd00090	0.008041	0.019944988	99.195939	0	14	4
AG-390-N04_a5_gnd00090_p16_s3	AG-390-N04	AG-390-N04_a5_gnd00090	0.008041	0.019944988	99.195939	0	16	3
AG-390-N04_a5_gnd00090_p19_s2	AG-390-N04	AG-390-N04_a5_gnd00090	0.008041	0.019944988	99.195939	0	19	2
AG-390-N04_a5_gnd00090_p3_s1	AG-390-N04	AG-390-N04_a5_gnd00090	0.008041	0.019944988	99.195939	0	3	1
AG-390-N04_a5_gnd001	AG-390-N04	AG-390-N04_a5_gnd001	0.008915289	0.021948237	99.108471	1		
AG-390-N04_a5_gnd001_p10_s4	AG-390-N04	AG-390-N04_a5_gnd001	0.008915	0.021948237	99.108471	0	10	4
AG-390-N04_a5_gnd001_p11_s3	AG-390-N04	AG-390-N04_a5_gnd001	0.008915	0.021948237	99.108471	0	11	3
AG-390-N04_a5_gnd001_p13_s1	AG-390-N04	AG-390-N04_a5_gnd001	0.008915	0.021948237	99.108471	0	13	1
AG-390-N04_a5_gnd001_p20_s5	AG-390-N04	AG-390-N04_a5_gnd001	0.008915	0.021948237	99.108471	0	20	5
AG-390-N04_a5_gnd001_p4_s2	AG-390-N04	AG-390-N04_a5_gnd001	0.008915	0.021948237	99.108471	0	4	2
AG-390-N04_a5_gnd002	AG-390-N04	AG-390-N04_a5_gnd002	0.017926025	0.043607931	98.207398	1		
AG-390-N04_a5_gnd002_p14_s1	AG-390-N04	AG-390-N04_a5_gnd002	0.017926	0.043607931	98.207398	0	14	1
AG-390-N04_a5_gnd002_p16_s4	AG-390-N04	AG-390-N04_a5_gnd002	0.017926	0.043607931	98.207398	0	16	4
AG-390-N04_a5_gnd002_p19_s5	AG-390-N04	AG-390-N04_a5_gnd002	0.017926	0.043607931	98.207398	0	19	5
AG-390-N04_a5_gnd002_p3_s2	AG-390-N04	AG-390-N04_a5_gnd002	0.017926	0.043607931	98.207398	0	3	2
AG-390-N04_a5_gnd002_p8_s3	AG-390-N04	AG-390-N04_a5_gnd002	0.017926	0.043607931	98.207398	0	8	3
AG-390-N04_a5_gnd003	AG-390-N04	AG-390-N04_a5_gnd003	0.026875615	0.064773316	97.312439	1		
AG-390-N04_a5_gnd003_p15_s3	AG-390-N04	AG-390-N04_a5_gnd003	0.026876	0.064773316	97.312439	0	15	3
AG-390-N04_a5_gnd003_p15_s5	AG-390-N04	AG-390-N04_a5_gnd003	0.026876	0.064773316	97.312439	0	15	5
AG-390-N04_a5_gnd003_p20_s4	AG-390-N04	AG-390-N04_a5_gnd003	0.026876	0.064773316	97.312439	0	20	4
AG-390-N04_a5_gnd003_p4_s1	AG-390-N04	AG-390-N04_a5_gnd003	0.026876	0.064773316	97.312439	0	4	1
AG-390-N04_a5_gnd003_p5_s2	AG-390-N04	AG-390-N04_a5_gnd003	0.026876	0.064773316	97.312439	0	5	2
AG-390-N04_a5_gnd004	AG-390-N04	AG-390-N04_a5_gnd004	0.035879639	0.085962352	96.412036	1		
AG-390-N04_a5_gnd004_p10_s3	AG-390-N04	AG-390-N04_a5_gnd004	0.035880	0.085962352	96.412036	0	10	3
AG-390-N04_a5_gnd004_p13_s1	AG-390-N04	AG-390-N04_a5_gnd004	0.035880	0.085962352	96.412036	0	13	1
AG-390-N04_a5_gnd004_p13_s4	AG-390-N04	AG-390-N04_a5_gnd004	0.035880	0.085962352	96.412036	0	13	4
AG-390-N04_a5_gnd004_p19_s5	AG-390-N04	AG-390-N04_a5_gnd004	0.035880	0.085962352	96.412036	0	19	5
AG-390-N04_a5_gnd004_p9_s2	AG-390-N04	AG-390-N04_a5_gnd004	0.035880	0.085962352	96.412036	0	9	2
AG-390-N04_a5_gnd005	AG-390-N04	AG-390-N04_a5_gnd005	0.044692771	0.106195883	95.530723	1		
AG-390-N04_a5_gnd005_p11_s2	AG-390-N04	AG-390-N04_a5_gnd005	0.044693	0.106195883	95.530723	0	11	2
AG-390-N04_a5_gnd005_p14_s1	AG-390-N04	AG-390-N04_a5_gnd005	0.044693	0.106195883	95.530723	0	14	1
AG-390-N04_a5_gnd005_p18_s4	AG-390-N04	AG-390-N04_a5_gnd005	0.044693	0.106195883	95.530723	0	18	4
AG-390-N04_a5_gnd005_p18_s5	AG-390-N04	AG-390-N04_a5_gnd005	0.044693	0.106195883	95.530723	0	18	5
AG-390-N04_a5_gnd005_p7_s3	AG-390-N04	AG-390-N04_a5_gnd005	0.044693	0.106195883	95.530723	0	7	3
AG-390-N04_a5_gnd006	AG-390-N04	AG-390-N04_a5_gnd006	0.053819832	0.126545305	94.618017	1		
AG-390-N04_a5_gnd006_p0_s3	AG-390-N04	AG-390-N04_a5_gnd006	0.053820	0.126545305	94.618017	0	0	3
AG-390-N04_a5_gnd006_p13_s2	AG-390-N04	AG-390-N04_a5_gnd006	0.053820	0.126545305	94.618017	0	13	2
AG-390-N04_a5_gnd006_p18_s1	AG-390-N04	AG-390-N04_a5_gnd006	0.053820	0.126545305	94.618017	0	18	1
AG-390-N04_a5_gnd006_p19_s5	AG-390-N04	AG-390-N04_a5_gnd006	0.053820	0.126545305	94.618017	0	19	5
AG-390-N04_a5_gnd006_p2_s4	AG-390-N04	AG-390-N04_a5_gnd006	0.053820	0.126545305	94.618017	0	2	4
AG-390-N04_a5_gnd007	AG-390-N04	AG-390-N04_a5_gnd007	0.062641166	0.145816236	93.735883	1		
AG-390-N04_a5_gnd007_p11_s2	AG-390-N04	AG-390-N04_a5_gnd007	0.062641	0.145816236	93.735883	0	11	2
AG-390-N04_a5_gnd007_p14_s5	AG-390-N04	AG-390-N04_a5_gnd007	0.062641	0.145816236	93.735883	0	14	5
AG-390-N04_a5_gnd007_p15_s4	AG-390-N04	AG-390-N04_a5_gnd007	0.062641	0.145816236	93.735883	0	15	4
AG-390-N04_a5_gnd007_p20_s3	AG-390-N04	AG-390-N04_a5_gnd007	0.062641	0.145816236	93.735883	0	20	3
AG-390-N04_a5_gnd007_p9_s1	AG-390-N04	AG-390-N04_a5_gnd007	0.062641	0.145816236	93.735883	0	9	1
AG-390-N04_a5_gnd008	AG-390-N04	AG-390-N04_a5_gnd008	0.071663086	0.165423012	92.833691	1		
AG-390-N04_a5_gnd008_p14_s5	AG-390-N04	AG-390-N04_a5_gnd008	0.071663	0.165423012	92.833691	0	14	5
AG-390-N04_a5_gnd008_p15_s1	AG-390-N04	AG-390-N04_a5_gnd008	0.071663	0.165423012	92.833691	0	15	1
AG-390-N04_a5_gnd008_p16_s2	AG-390-N04	AG-390-N04_a5_gnd008	0.071663	0.165423012	92.833691	0	16	2
AG-390-N04_a5_gnd008_p8_s3	AG-390-N04	AG-390-N04_a5_gnd008	0.071663	0.165423012	92.833691	0	8	3
AG-390-N04_a5_gnd008_p9_s4	AG-390-N04	AG-390-N04_a5_gnd008	0.071663	0.165423012	92.833691	0	9	4
AG-390-N04_a5_gnd009	AG-390-N04	AG-390-N04_a5_gnd009	0.080793875	0.184842945	91.920612	1		
AG-390-N04_a5_gnd009_p11_s2	AG-390-N04	AG-390-N04_a5_gnd009	0.080794	0.184842945	91.920612	0	11	2
AG-390-N04_a5_gnd009_p13_s1	AG-390-N04	AG-390-N04_a5_gnd009	0.080794	0.184842945	91.920612	0	13	1
AG-390-N04_a5_gnd009_p15_s5	AG-390-N04	AG-390-N04_a5_gnd009	0.080794	0.184842945	91.920612	0	15	5
AG-390-N04_a5_gnd009_p20_s3	AG-390-N04	AG-390-N04_a5_gnd009	0.080794	0.184842945	91.920612	0	20	3
AG-390-N04_a5_gnd009_p4_s4	AG-390-N04	AG-390-N04_a5_gnd009	0.080794	0.184842945	91.920612	0	4	4
AG-390-N04_a5_gnd010	AG-390-N04	AG-390-N04_a5_gnd010	0.089566741	0.202543441	91.043326	1		
AG-390-N04_a5_gnd010_p10_s4	AG-390-N04	AG-390-N04_a5_gnd010	0.089567	0.202543441	91.043326	0	10	4
AG-390-N04_a5_gnd010_p11_s2	AG-390-N04	AG-390-N04_a5_gnd010	0.089567	0.202543441	91.043326	0	11	2
AG-390-N04_a5_gnd010_p7_s1	AG-390-N04	AG-390-N04_a5_gnd010	0.089567	0.202543441	91.043326	0	7	1
AG-390-N04_a5_gnd010_p7_s3	AG-390-N04	AG-390-N04_a5_gnd010	0.089567	0.202543441	91.043326	0	7	3
AG-390-N04_a5_gnd010_p8_s5	AG-390-N04	AG-390-N04_a5_gnd010	0.089567	0.202543441	91.043326	0	8	5
AG-390-N04_a5_gnd011	AG-390-N04	AG-390-N04_a5_gnd011	0.098460405	0.220520656	90.153959	1		
AG-390-N04_a5_gnd011_p13_s5	AG-390-N04	AG-390-N04_a5_gnd011	0.098460	0.220520656	90.153959	0	13	5
AG-390-N04_a5_gnd011_p16_s2	AG-390-N04	AG-390-N04_a5_gnd011	0.098460	0.220520656	90.153959	0	16	2
AG-390-N04_a5_gnd011_p16_s3	AG-390-N04	AG-390-N04_a5_gnd011	0.098460	0.220520656	90.153959	0	16	3
AG-390-N04_a5_gnd011_p18_s4	AG-390-N04	AG-390-N04_a5_gnd011	0.098460	0.220520656	90.153959	0	18	4
AG-390-N04_a5_gnd011_p1_s1	AG-390-N04	AG-390-N04_a5_gnd011	0.098460	0.220520656	90.153959	0	1	1
AG-390-N04_a5_gnd012	AG-390-N04	AG-390-N04_a5_gnd012	0.107442059	0.238653968	89.255794	1		
AG-390-N04_a5_gnd012_p0_s1	AG-390-N04	AG-390-N04_a5_gnd012	0.107442	0.238653968	89.255794	0	0	1
AG-390-N04_a5_gnd012_p12_s5	AG-390-N04	AG-390-N04_a5_gnd012	0.107442	0.238653968	89.255794	0	12	5
AG-390-N04_a5_gnd012_p20_s4	AG-390-N04	AG-390-N04_a5_gnd012	0.107442	0.238653968	89.255794	0	20	4
AG-390-N04_a5_gnd012_p7_s2	AG-390-N04	AG-390-N04_a5_gnd012	0.107442	0.238653968	89.255794	0	7	2
AG-390-N04_a5_gnd012_p9_s3	AG-390-N04	AG-390-N04_a5_gnd012	0.107442	0.238653968	89.255794	0	9	3
AG-390-N04_a5_gnd013	AG-390-N04	AG-390-N04_a5_gnd013	0.116501264	0.257274493	88.349874	1		
AG-390-N04_a5_gnd013_p0_s1	AG-390-N04	AG-390-N04_a5_gnd013	0.116501	0.257274493	88.349874	0	0	1
AG-390-N04_a5_gnd013_p11_s2	AG-390-N04	AG-390-N04_a5_gnd013	0.116501	0.257274493	88.349874	0	11	2
AG-390-N04_a5_gnd013_p13_s3	AG-390-N04	AG-390-N04_a5_gnd013	0.116501	0.257274493	88.349874	0	13	3
AG-390-N04_a5_gnd013_p14_s5	AG-390-N04	AG-390-N04_a5_gnd013	0.116501	0.257274493	88.349874	0	14	5
AG-390-N04_a5_gnd013_p19_s4	AG-390-N04	AG-390-N04_a5_gnd013	0.116501	0.257274493	88.349874	0	19	4
AG-390-N04_a5_gnd014	AG-390-N04	AG-390-N04_a5_gnd014	0.125540335	0.274286741	87.445967	1		
AG-390-N04_a5_gnd014_p11_s4	AG-390-N04	AG-390-N04_a5_gnd014	0.125540	0.274286741	87.445967	0	11	4
AG-390-N04_a5_gnd014_p12_s1	AG-390-N04	AG-390-N04_a5_gnd014	0.125540	0.274286741	87.445967	0	12	1
AG-390-N04_a5_gnd014_p12_s5	AG-390-N04	AG-390-N04_a5_gnd014	0.125540	0.274286741	87.445967	0	12	5
AG-390-N04_a5_gnd014_p17_s2	AG-390-N04	AG-390-N04_a5_gnd014	0.125540	0.274286741	87.445967	0	17	2
AG-390-N04_a5_gnd014_p9_s3	AG-390-N04	AG-390-N04_a5_gnd014	0.125540	0.274286741	87.445967	0	9	3
AG-390-N04_a5_gnd015	AG-390-N04	AG-390-N04_a5_gnd015	0.134378074	0.291443262	86.562193	1		
AG-390-N04_a5_gnd015_p13_s1	AG-390-N04	AG-390-N04_a5_gnd015	0.134378	0.291443262	86.562193	0	13	1
AG-390-N04_a5_gnd015_p15_s3	AG-390-N04	AG-390-N04_a5_gnd015	0.134378	0.291443262	86.562193	0	15	3
AG-390-N04_a5_gnd015_p18_s2	AG-390-N04	AG-390-N04_a5_gnd015	0.134378	0.291443262	86.562193	0	18	2
AG-390-N04_a5_gnd015_p19_s4	AG-390-N04	AG-390-N04_a5_gnd015	0.134378	0.291443262	86.562193	0	19	4
AG-390-N04_a5_gnd015_p4_s5	AG-390-N04	AG-390-N04_a5_gnd015	0.134378	0.291443262	86.562193	0	4	5
AG-390-N04_a5_gnd016	AG-390-N04	AG-390-N04_a5_gnd016	0.143500660	0.307216193	85.649934	1		
AG-390-N04_a5_gnd016_p11_s2	AG-390-N04	AG-390-N04_a5_gnd016	0.143501	0.307216193	85.649934	0	11	2
AG-390-N04_a5_gnd016_p16_s4	AG-390-N04	AG-390-N04_a5_gnd016	0.143501	0.307216193	85.649934	0	16	4
AG-390-N04_a5_gnd016_p18_s5	AG-390-N04	AG-390-N04_a5_gnd016	0.143501	0.307216193	85.649934	0	18	5
AG-390-N04_a5_gnd016_p20_s3	AG-390-N04	AG-390-N04_a5_gnd016	0.143501	0.307216193	85.649934	0	20	3
AG-390-N04_a5_gnd016_p9_s1	AG-390-N04	AG-390-N04_a5_gnd016	0.143501	0.307216193	85.649934	0	9	1
AG-390-N04_a5_gnd017	AG-390-N04	AG-390-N04_a5_gnd017	0.152389851	0.324396364	84.761015	1		
AG-390-N04_a5_gnd017_p11_s1	AG-390-N04	AG-390-N04_a5_gnd017	0.152390	0.324396364	84.761015	0	11	1
AG-390-N04_a5_gnd017_p11_s5	AG-390-N04	AG-390-N04_a5_gnd017	0.152390	0.324396364	84.761015	0	11	5
AG-390-N04_a5_gnd017_p13_s2	AG-390-N04	AG-390-N04_a5_gnd017	0.152390	0.324396364	84.761015	0	13	2
AG-390-N04_a5_gnd017_p16_s3	AG-390-N04	AG-390-N04_a5_gnd017	0.152390	0.324396364	84.761015	0	16	3
AG-390-N04_a5_gnd017_p20_s4	AG-390-N04	AG-390-N04_a5_gnd017	0.152390	0.324396364	84.761015	0	20	4
AG-390-N04_a5_gnd018	AG-390-N04	AG-390-N04_a5_gnd018	0.161507963	0.340457838	83.849204	1		
AG-390-N04_a5_gnd018_p0_s4	AG-390-N04	AG-390-N04_a5_gnd018	0.161508	0.340457838	83.849204	0	0	4
AG-390-N04_a5_gnd018_p14_s1	AG-390-N04	AG-390-N04_a5_gnd018	0.161508	0.340457838	83.849204	0	14	1
AG-390-N04_a5_gnd018_p14_s5	AG-390-N04	AG-390-N04_a5_gnd018	0.161508	0.340457838	83.849204	0	14	5
AG-390-N04_a5_gnd018_p18_s2	AG-390-N04	AG-390-N04_a5_gnd018	0.161508	0.340457838	83.849204	0	18	2
AG-390-N04_a5_gnd018_p20_s3	AG-390-N04	AG-390-N04_a5_gnd018	0.161508	0.340457838	83.849204	0	20	3
AG-390-N04_a5_gnd019	AG-390-N04	AG-390-N04_a5_gnd019	0.170248019	0.356228404	82.975198	1		
AG-390-N04_a5_gnd019_p10_s2	AG-390-N04	AG-390-N04_a5_gnd019	0.170248	0.356228404	82.975198	0	10	2
AG-390-N04_a5_gnd019_p13_s3	AG-390-N04	AG-390-N04_a5_gnd019	0.170248	0.356228404	82.975198	0	13	3
AG-390-N04_a5_gnd019_p13_s4	AG-390-N04	AG-390-N04_a5_gnd019	0.170248	0.356228404	82.975198	0	13	4
AG-390-N04_a5_gnd019_p7_s5	AG-390-N04	AG-390-N04_a5_gnd019	0.170248	0.356228404	82.975198	0	7	5
AG-390-N04_a5_gnd019_p8_s1	AG-390-N04	AG-390-N04_a5_gnd019	0.170248	0.356228404	82.975198	0	8	1
AG-390-N04_a5_gnd020	AG-390-N04	AG-390-N04_a5_gnd020	0.179407889	0.372632819	82.059211	1		
AG-390-N04_a5_gnd020_p12_s3	AG-390-N04	AG-390-N04_a5_gnd020	0.179408	0.372632819	82.059211	0	12	3
AG-390-N04_a5_gnd020_p12_s5	AG-390-N04	AG-390-N04_a5_gnd020	0.179408	0.372632819	82.059211	0	12	5
AG-390-N04_a5_gnd020_p1_s4	AG-390-N04	AG-390-N04_a5_gnd020	0.179408	0.372632819	82.059211	0	1	4
AG-390-N04_a5_gnd020_p20_s1	AG-390-N04	AG-390-N04_a5_gnd020	0.179408	0.372632819	82.059211	0	20	1
AG-390-N04_a5_gnd020_p7_s2	AG-390-N04	AG-390-N04_a5_gnd020	0.179408	0.372632819	82.059211	0	7	2
AG-414-L04_a22_gnd00000	AG-414-L04	AG-414-L04_a22_gnd00000	0.000000000	0.000237532	100.000000	1		
AG-414-L04_a22_gnd00005	AG-414-L04	AG-414-L04_a22_gnd00005	0.000455127	0.001399374	99.954487	1		
AG-414-L04_a22_gnd00010	AG-414-L04	AG-414-L04_a22_gnd00010	0.000899536	0.002424377	99.910046	1		
AG-414-L04_a22_gnd00020	AG-414-L04	AG-414-L04_a22_gnd00020	0.001798247	0.004704169	99.820175	1		
AG-414-L04_a22_gnd00030	AG-414-L04	AG-414-L04_a22_gnd00030	0.002690362	0.006829049	99.730964	1		
AG-414-L04_a22_gnd00040	AG-414-L04	AG-414-L04_a22_gnd00040	0.003614633	0.009114005	99.638537	1		
AG-414-L04_a22_gnd00050	AG-414-L04	AG-414-L04_a22_gnd00050	0.004543851	0.011318923	99.545615	1		
AG-414-L04_a22_gnd00060	AG-414-L04	AG-414-L04_a22_gnd00060	0.005418651	0.013559987	99.458135	1		
AG-414-L04_a22_gnd00070	AG-414-L04	AG-414-L04_a22_gnd00070	0.006324783	0.015643557	99.367522	1		
AG-414-L04_a22_gnd00080	AG-414-L04	AG-414-L04_a22_gnd00080	0.007226792	0.017662580	99.277321	1		
AG-414-L04_a22_gnd00090	AG-414-L04	AG-414-L04_a22_gnd00090	0.008142818	0.019932045	99.185718	1		
AG-414-L04_a22_gnd001	AG-414-L04	AG-414-L04_a22_gnd001	0.009027512	0.022333185	99.097249	1		
AG-414-L04_a22_gnd002	AG-414-L04	AG-414-L04_a22_gnd002	0.018049253	0.043615549	98.195075	1		
AG-414-L04_a22_gnd003	AG-414-L04	AG-414-L04_a22_gnd003	0.027111394	0.065465924	97.288861	1		
AG-414-L04_a22_gnd004	AG-414-L04	AG-414-L04_a22_gnd004	0.036056456	0.085836888	96.394354	1		
AG-414-L04_a22_gnd005	AG-414-L04	AG-414-L04_a22_gnd005	0.045124368	0.106739716	95.487563	1		
AG-414-L04_a22_gnd006	AG-414-L04	AG-414-L04_a22_gnd006	0.054295345	0.127655454	94.570466	1		
AG-414-L04_a22_gnd007	AG-414-L04	AG-414-L04_a22_gnd007	0.063225565	0.147556517	93.677444	1		
AG-414-L04_a22_gnd008	AG-414-L04	AG-414-L04_a22_gnd008	0.072294302	0.167160665	92.770570	1		
AG-414-L04_a22_gnd009	AG-414-L04	AG-414-L04_a22_gnd009	0.081282238	0.186377532	91.871776	1		
AG-414-L04_a22_gnd010	AG-414-L04	AG-414-L04_a22_gnd010	0.090357572	0.204874056	90.964243	1		
AG-414-L04_a22_gnd011	AG-414-L04	AG-414-L04_a22_gnd011	0.099513707	0.225100435	90.048629	1		
AG-414-L04_a22_gnd012	AG-414-L04	AG-414-L04_a22_gnd012	0.108429086	0.242760433	89.157091	1		
AG-414-L04_a22_gnd013	AG-414-L04	AG-414-L04_a22_gnd013	0.117454125	0.260291338	88.254588	1		
AG-414-L04_a22_gnd014	AG-414-L04	AG-414-L04_a22_gnd014	0.126631697	0.278323126	87.336830	1		
AG-414-L04_a22_gnd015	AG-414-L04	AG-414-L04_a22_gnd015	0.135763921	0.296468517	86.423608	1		
AG-414-L04_a22_gnd016	AG-414-L04	AG-414-L04_a22_gnd016	0.144789784	0.312829834	85.521022	1		
AG-414-L04_a22_gnd017	AG-414-L04	AG-414-L04_a22_gnd017	0.153849452	0.330391721	84.615055	1		
AG-414-L04_a22_gnd018	AG-414-L04	AG-414-L04_a22_gnd018	0.162820073	0.347246176	83.717993	1		
AG-414-L04_a22_gnd019	AG-414-L04	AG-414-L04_a22_gnd019	0.171839340	0.362556672	82.816066	1		
AG-414-L04_a22_gnd020	AG-414-L04	AG-414-L04_a22_gnd020	0.180828100	0.378280267	81.917190	1		
AG-414-L04_a5_gnd00000	AG-414-L04	AG-414-L04_a5_gnd00000	0.000000000	0.000237532	100.000000	1		
AG-414-L04_a5_gnd00000_p10_s1	AG-414-L04	AG-414-L04_a5_gnd00000	0.000000	0.000237532	100.000000	0	10	1
AG-414-L04_a5_gnd00000_p10_s5	AG-414-L04	AG-414-L04_a5_gnd00000	0.000000	0.000237532	100.000000	0	10	5
AG-414-L04_a5_gnd00000_p17_s3	AG-414-L04	AG-414-L04_a5_gnd00000	0.000000	0.000237532	100.000000	0	17	3
AG-414-L04_a5_gnd00000_p18_s4	AG-414-L04	AG-414-L04_a5_gnd00000	0.000000	0.000237532	100.000000	0	18	4
AG-414-L04_a5_gnd00000_p19_s2	AG-414-L04	AG-414-L04_a5_gnd00000	0.000000	0.000237532	100.000000	0	19	2
AG-414-L04_a5_gnd00005	AG-414-L04	AG-414-L04_a5_gnd00005	0.000454303	0.001314172	99.954570	1		
AG-414-L04_a5_gnd00005_p0_s3	AG-414-L04	AG-414-L04_a5_gnd00005	0.000454	0.001314172	99.954570	0	0	3
AG-414-L04_a5_gnd00005_p14_s1	AG-414-L04	AG-414-L04_a5_gnd00005	0.000454	0.001314172	99.954570	0	14	1
AG-414-L04_a5_gnd00005_p14_s2	AG-414-L04	AG-414-L04_a5_gnd00005	0.000454	0.001314172	99.954570	0	14	2
AG-414-L04_a5_gnd00005_p18_s5	AG-414-L04	AG-414-L04_a5_gnd00005	0.000454	0.001314172	99.954570	0	18	5
AG-414-L04_a5_gnd00005_p1_s4	AG-414-L04	AG-414-L04_a5_gnd00005	0.000454	0.001314172	99.954570	0	1	4
AG-414-L04_a5_gnd00010	AG-414-L04	AG-414-L04_a5_gnd00010	0.000909430	0.002470851	99.909057	1		
AG-414-L04_a5_gnd00010_p10_s2	AG-414-L04	AG-414-L04_a5_gnd00010	0.000909	0.002470851	99.909057	0	10	2
AG-414-L04_a5_gnd00010_p11_s5	AG-414-L04	AG-414-L04_a5_gnd00010	0.000909	0.002470851	99.909057	0	11	5
AG-414-L04_a5_gnd00010_p14_s1	AG-414-L04	AG-414-L04_a5_gnd00010	0.000909	0.002470851	99.909057	0	14	1
AG-414-L04_a5_gnd00010_p14_s3	AG-414-L04	AG-414-L04_a5_gnd00010	0.000909	0.002470851	99.909057	0	14	3
AG-414-L04_a5_gnd00010_p20_s4	AG-414-L04	AG-414-L04_a5_gnd00010	0.000909	0.002470851	99.909057	0	20	4
AG-414-L04_a5_gnd00020	AG-414-L04	AG-414-L04_a5_gnd00020	0.001800720	0.004652532	99.819928	1		
AG-414-L04_a5_gnd00020_p16_s3	AG-414-L04	AG-414-L04_a5_gnd00020	0.001801	0.004652532	99.819928	0	16	3
AG-414-L04_a5_gnd00020_p17_s2	AG-414-L04	AG-414-L04_a5_gnd00020	0.001801	0.004652532	99.819928	0	17	2
AG-414-L04_a5_gnd00020_p5_s5	AG-414-L04	AG-414-L04_a5_gnd00020	0.001801	0.004652532	99.819928	0	5	5
AG-414-L04_a5_gnd00020_p7_s1	AG-414-L04	AG-414-L04_a5_gnd00020	0.001801	0.004652532	99.819928	0	7	1
AG-414-L04_a5_gnd00020_p7_s4	AG-414-L04	AG-414-L04_a5_gnd00020	0.001801	0.004652532	99.819928	0	7	4
AG-414-L04_a5_gnd00030	AG-414-L04	AG-414-L04_a5_gnd00030	0.002708501	0.006906505	99.729150	1		
AG-414-L04_a5_gnd00030_p11_s5	AG-414-L04	AG-414-L04_a5_gnd00030	0.002709	0.006906505	99.729150	0	11	5
AG-414-L04_a5_gnd00030_p15_s2	AG-414-L04	AG-414-L04_a5_gnd00030	0.002709	0.006906505	99.729150	0	15	2
AG-414-L04_a5_gnd00030_p16_s1	AG-414-L04	AG-414-L04_a5_gnd00030	0.002709	0.006906505	99.729150	0	16	1
AG-414-L04_a5_gnd00030_p16_s4	AG-414-L04	AG-414-L04_a5_gnd00030	0.002709	0.006906505	99.729150	0	16	4
AG-414-L04_a5_gnd00030_p19_s3	AG-414-L04	AG-414-L04_a5_gnd00030	0.002709	0.006906505	99.729150	0	19	3
AG-414-L04_a5_gnd00040	AG-414-L04	AG-414-L04_a5_gnd00040	0.003610510	0.009183716	99.638949	1		
AG-414-L04_a5_gnd00040_p10_s3	AG-414-L04	AG-414-L04_a5_gnd00040	0.003611	0.009183716	99.638949	0	10	3
AG-414-L04_a5_gnd00040_p14_s1	AG-414-L04	AG-414-L04_a5_gnd00040	0.003611	0.009183716	99.638949	0	14	1
AG-414-L04_a5_gnd00040_p17_s5	AG-414-L04	AG-414-L04_a5_gnd00040	0.003611	0.009183716	99.638949	0	17	5
AG-414-L04_a5_gnd00040_p19_s2	AG-414-L04	AG-414-L04_a5_gnd00040	0.003611	0.009183716	99.638949	0	19	2
AG-414-L04_a5_gnd00040_p19_s4	AG-414-L04	AG-414-L04_a5_gnd00040	0.003611	0.009183716	99.638949	0	19	4
AG-414-L04_a5_gnd00050	AG-414-L04	AG-414-L04_a5_gnd00050	0.004516642	0.011218230	99.548336	1		
AG-414-L04_a5_gnd00050_p11_s3	AG-414-L04	AG-414-L04_a5_gnd00050	0.004517	0.011218230	99.548336	0	11	3
AG-414-L04_a5_gnd00050_p12_s5	AG-414-L04	AG-414-L04_a5_gnd00050	0.004517	0.011218230	99.548336	0	12	5
AG-414-L04_a5_gnd00050_p18_s1	AG-414-L04	AG-414-L04_a5_gnd00050	0.004517	0.011218230	99.548336	0	18	1
AG-414-L04_a5_gnd00050_p6_s4	AG-414-L04	AG-414-L04_a5_gnd00050	0.004517	0.011218230	99.548336	0	6	4
AG-414-L04_a5_gnd00050_p8_s2	AG-414-L04	AG-414-L04_a5_gnd00050	0.004517	0.011218230	99.548336	0	8	2
AG-414-L04_a5_gnd00060	AG-414-L04	AG-414-L04_a5_gnd00060	0.005427721	0.013580642	99.457228	1		
AG-414-L04_a5_gnd00060_p10_s1	AG-414-L04	AG-414-L04_a5_gnd00060	0.005428	0.013580642	99.457228	0	10	1
AG-414-L04_a5_gnd00060_p10_s4	AG-414-L04	AG-414-L04_a5_gnd00060	0.005428	0.013580642	99.457228	0	10	4
AG-414-L04_a5_gnd00060_p11_s3	AG-414-L04	AG-414-L04_a5_gnd00060	0.005428	0.013580642	99.457228	0	11	3
AG-414-L04_a5_gnd00060_p15_s2	AG-414-L04	AG-414-L04_a5_gnd00060	0.005428	0.013580642	99.457228	0	15	2
AG-414-L04_a5_gnd00060_p8_s5	AG-414-L04	AG-414-L04_a5_gnd00060	0.005428	0.013580642	99.457228	0	8	5
AG-414-L04_a5_gnd00070	AG-414-L04	AG-414-L04_a5_gnd00070	0.006309942	0.015731341	99.369006	1		
AG-414-L04_a5_gnd00070_p11_s4	AG-414-L04	AG-414-L04_a5_gnd00070	0.006310	0.015731341	99.369006	0	11	4
AG-414-L04_a5_gnd00070_p14_s1	AG-414-L04	AG-414-L04_a5_gnd00070	0.006310	0.015731341	99.369006	0	14	1
AG-414-L04_a5_gnd00070_p17_s3	AG-414-L04	AG-414-L04_a5_gnd00070	0.006310	0.015731341	99.369006	0	17	3
AG-414-L04_a5_gnd00070_p18_s2	AG-414-L04	AG-414-L04_a5_gnd00070	0.006310	0.015731341	99.369006	0	18	2
AG-414-L04_a5_gnd00070_p20_s5	AG-414-L04	AG-414-L04_a5_gnd00070	0.006310	0.015731341	99.369006	0	20	5
AG-414-L04_a5_gnd00080	AG-414-L04	AG-414-L04_a5_gnd00080	0.007231739	0.017887203	99.276826	1		
AG-414-L04_a5_gnd00080_p13_s3	AG-414-L04	AG-414-L04_a5_gnd00080	0.007232	0.017887203	99.276826	0	13	3
AG-414-L04_a5_gnd00080_p13_s5	AG-414-L04	AG-414-L04_a5_gnd00080	0.007232	0.017887203	99.276826	0	13	5
AG-414-L04_a5_gnd00080_p4_s1	AG-414-L04	AG-414-L04_a5_gnd00080	0.007232	0.017887203	99.276826	0	4	1
AG-414-L04_a5_gnd00080_p8_s4	AG-414-L04	AG-414-L04_a5_gnd00080	0.007232	0.017887203	99.276826	0	8	4
AG-414-L04_a5_gnd00080_p9_s2	AG-414-L04	AG-414-L04_a5_gnd00080	0.007232	0.017887203	99.276826	0	9	2
AG-414-L04_a5_gnd00090	AG-414-L04	AG-414-L04_a5_gnd00090	0.008076857	0.019970773	99.192314	1		
AG-414-L04_a5_gnd00090_p11_s2	AG-414-L04	AG-414-L04_a5_gnd00090	0.008077	0.019970773	99.192314	0	11	2
AG-414-L04_a5_gnd00090_p11_s3	AG-414-L04	AG-414-L04_a5_gnd00090	0.008077	0.019970773	99.192314	0	11	3
AG-414-L04_a5_gnd00090_p12_s1	AG-414-L04	AG-414-L04_a5_gnd00090	0.008077	0.019970773	99.192314	0	12	1
AG-414-L04_a5_gnd00090_p13_s4	AG-414-L04	AG-414-L04_a5_gnd00090	0.008077	0.019970773	99.192314	0	13	4
AG-414-L04_a5_gnd00090_p19_s5	AG-414-L04	AG-414-L04_a5_gnd00090	0.008077	0.019970773	99.192314	0	19	5
AG-414-L04_a5_gnd001	AG-414-L04	AG-414-L04_a5_gnd001	0.009055545	0.022338349	99.094445	1		
AG-414-L04_a5_gnd001_p12_s4	AG-414-L04	AG-414-L04_a5_gnd001	0.009056	0.022338349	99.094445	0	12	4
AG-414-L04_a5_gnd001_p16_s5	AG-414-L04	AG-414-L04_a5_gnd001	0.009056	0.022338349	99.094445	0	16	5
AG-414-L04_a5_gnd001_p18_s1	AG-414-L04	AG-414-L04_a5_gnd001	0.009056	0.022338349	99.094445	0	18	1
AG-414-L04_a5_gnd001_p19_s2	AG-414-L04	AG-414-L04_a5_gnd001	0.009056	0.022338349	99.094445	0	19	2
AG-414-L04_a5_gnd001_p6_s3	AG-414-L04	AG-414-L04_a5_gnd001	0.009056	0.022338349	99.094445	0	6	3
AG-414-L04_a5_gnd002	AG-414-L04	AG-414-L04_a5_gnd002	0.018096249	0.043953774	98.190375	1		
AG-414-L04_a5_gnd002_p10_s3	AG-414-L04	AG-414-L04_a5_gnd002	0.018096	0.043953774	98.190375	0	10	3
AG-414-L04_a5_gnd002_p10_s5	AG-414-L04	AG-414-L04_a5_gnd002	0.018096	0.043953774	98.190375	0	10	5
AG-414-L04_a5_gnd002_p12_s2	AG-414-L04	AG-414-L04_a5_gnd002	0.018096	0.043953774	98.190375	0	12	2
AG-414-L04_a5_gnd002_p14_s1	AG-414-L04	AG-414-L04_a5_gnd002	0.018096	0.043953774	98.190375	0	14	1
AG-414-L04_a5_gnd002_p20_s4	AG-414-L04	AG-414-L04_a5_gnd002	0.018096	0.043953774	98.190375	0	20	4
AG-414-L04_a5_gnd003	AG-414-L04	AG-414-L04_a5_gnd003	0.027061924	0.064918568	97.293808	1		
AG-414-L04_a5_gnd003_p10_s5	AG-414-L04	AG-414-L04_a5_gnd003	0.027062	0.064918568	97.293808	0	10	5
AG-414-L04_a5_gnd003_p11_s3	AG-414-L04	AG-414-L04_a5_gnd003	0.027062	0.064918568	97.293808	0	11	3
AG-414-L04_a5_gnd003_p15_s1	AG-414-L04	AG-414-L04_a5_gnd003	0.027062	0.064918568	97.293808	0	15	1
AG-414-L04_a5_gnd003_p18_s2	AG-414-L04	AG-414-L04_a5_gnd003	0.027062	0.064918568	97.293808	0	18	2
AG-414-L04_a5_gnd003_p3_s4	AG-414-L04	AG-414-L04_a5_gnd003	0.027062	0.064918568	97.293808	0	3	4
AG-414-L04_a5_gnd004	AG-414-L04	AG-414-L04_a5_gnd004	0.036095207	0.085488335	96.390479	1		
AG-414-L04_a5_gnd004_p11_s4	AG-414-L04	AG-414-L04_a5_gnd004	0.036095	0.085488335	96.390479	0	11	4
AG-414-L04_a5_gnd004_p12_s1	AG-414-L04	AG-414-L04_a5_gnd004	0.036095	0.085488335	96.390479	0	12	1
AG-414-L04_a5_gnd004_p15_s3	AG-414-L04	AG-414-L04_a5_gnd004	0.036095	0.085488335	96.390479	0	15	3
AG-414-L04_a5_gnd004_p20_s5	AG-414-L04	AG-414-L04_a5_gnd004	0.036095	0.085488335	96.390479	0	20	5
AG-414-L04_a5_gnd004_p7_s2	AG-414-L04	AG-414-L04_a5_gnd004	0.036095	0.085488335	96.390479	0	7	2
AG-414-L04_a5_gnd005	AG-414-L04	AG-414-L04_a5_gnd005	0.045220836	0.106236252	95.477916	1		
AG-414-L04_a5_gnd005_p11_s3	AG-414-L04	AG-414-L04_a5_gnd005	0.045221	0.106236252	95.477916	0	11	3
AG-414-L04_a5_gnd005_p12_s5	AG-414-L04	AG-414-L04_a5_gnd005	0.045221	0.106236252	95.477916	0	12	5
AG-414-L04_a5_gnd005_p15_s2	AG-414-L04	AG-414-L04_a5_gnd005	0.045221	0.106236252	95.477916	0	15	2
AG-414-L04_a5_gnd005_p16_s4	AG-414-L04	AG-414-L04_a5_gnd005	0.045221	0.106236252	95.477916	0	16	4
AG-414-L04_a5_gnd005_p8_s1	AG-414-L04	AG-414-L04_a5_gnd005	0.045221	0.106236252	95.477916	0	8	1
AG-414-L04_a5_gnd006	AG-414-L04	AG-414-L04_a5_gnd006	0.054282977	0.126829256	94.571702	1		
AG-414-L04_a5_gnd006_p10_s5	AG-414-L04	AG-414-L04_a5_gnd006	0.054283	0.126829256	94.571702	0	10	5
AG-414-L04_a5_gnd006_p16_s3	AG-414-L04	AG-414-L04_a5_gnd006	0.054283	0.126829256	94.571702	0	16	3
AG-414-L04_a5_gnd006_p19_s1	AG-414-L04	AG-414-L04_a5_gnd006	0.054283	0.126829256	94.571702	0	19	1
AG-414-L04_a5_gnd006_p2_s2	AG-414-L04	AG-414-L04_a5_gnd006	0.054283	0.126829256	94.571702	0	2	2
AG-414-L04_a5_gnd006_p4_s4	AG-414-L04	AG-414-L04_a5_gnd006	0.054283	0.126829256	94.571702	0	4	4
AG-414-L04_a5_gnd007	AG-414-L04	AG-414-L04_a5_gnd007	0.063194234	0.146090014	93.680577	1		
AG-414-L04_a5_gnd007_p10_s1	AG-414-L04	AG-414-L04_a5_gnd007	0.063194	0.146090014	93.680577	0	10	1
AG-414-L04_a5_gnd007_p10_s2	AG-414-L04	AG-414-L04_a5_gnd007	0.063194	0.146090014	93.680577	0	10	2
AG-414-L04_a5_gnd007_p13_s5	AG-414-L04	AG-414-L04_a5_gnd007	0.063194	0.146090014	93.680577	0	13	5
AG-414-L04_a5_gnd007_p6_s3	AG-414-L04	AG-414-L04_a5_gnd007	0.063194	0.146090014	93.680577	0	6	3
AG-414-L04_a5_gnd007_p6_s4	AG-414-L04	AG-414-L04_a5_gnd007	0.063194	0.146090014	93.680577	0	6	4
AG-414-L04_a5_gnd008	AG-414-L04	AG-414-L04_a5_gnd008	0.072393243	0.166393849	92.760676	1		
AG-414-L04_a5_gnd008_p11_s5	AG-414-L04	AG-414-L04_a5_gnd008	0.072393	0.166393849	92.760676	0	11	5
AG-414-L04_a5_gnd008_p20_s2	AG-414-L04	AG-414-L04_a5_gnd008	0.072393	0.166393849	92.760676	0	20	2
AG-414-L04_a5_gnd008_p8_s1	AG-414-L04	AG-414-L04_a5_gnd008	0.072393	0.166393849	92.760676	0	8	1
AG-414-L04_a5_gnd008_p9_s3	AG-414-L04	AG-414-L04_a5_gnd008	0.072393	0.166393849	92.760676	0	9	3
AG-414-L04_a5_gnd008_p9_s4	AG-414-L04	AG-414-L04_a5_gnd008	0.072393	0.166393849	92.760676	0	9	4
AG-414-L04_a5_gnd009	AG-414-L04	AG-414-L04_a5_gnd009	0.081405090	0.184435964	91.859491	1		
AG-414-L04_a5_gnd009_p10_s2	AG-414-L04	AG-414-L04_a5_gnd009	0.081405	0.184435964	91.859491	0	10	2
AG-414-L04_a5_gnd009_p12_s4	AG-414-L04	AG-414-L04_a5_gnd009	0.081405	0.184435964	91.859491	0	12	4
AG-414-L04_a5_gnd009_p13_s3	AG-414-L04	AG-414-L04_a5_gnd009	0.081405	0.184435964	91.859491	0	13	3
AG-414-L04_a5_gnd009_p15_s5	AG-414-L04	AG-414-L04_a5_gnd009	0.081405	0.184435964	91.859491	0	15	5
AG-414-L04_a5_gnd009_p5_s1	AG-414-L04	AG-414-L04_a5_gnd009	0.081405	0.184435964	91.859491	0	5	1
AG-414-L04_a5_gnd010	AG-414-L04	AG-414-L04_a5_gnd010	0.090455688	0.202689793	90.954431	1		
AG-414-L04_a5_gnd010_p11_s1	AG-414-L04	AG-414-L04_a5_gnd010	0.090456	0.202689793	90.954431	0	11	1
AG-414-L04_a5_gnd010_p16_s4	AG-414-L04	AG-414-L04_a5_gnd010	0.090456	0.202689793	90.954431	0	16	4
AG-414-L04_a5_gnd010_p17_s2	AG-414-L04	AG-414-L04_a5_gnd010	0.090456	0.202689793	90.954431	0	17	2
AG-414-L04_a5_gnd010_p18_s5	AG-414-L04	AG-414-L04_a5_gnd010	0.090456	0.202689793	90.954431	0	18	5
AG-414-L04_a5_gnd010_p20_s3	AG-414-L04	AG-414-L04_a5_gnd010	0.090456	0.202689793	90.954431	0	20	3
AG-414-L04_a5_gnd011	AG-414-L04	AG-414-L04_a5_gnd011	0.099519478	0.222177757	90.048052	1		
AG-414-L04_a5_gnd011_p10_s2	AG-414-L04	AG-414-L04_a5_gnd011	0.099519	0.222177757	90.048052	0	10	2
AG-414-L04_a5_gnd011_p20_s5	AG-414-L04	AG-414-L04_a5_gnd011	0.099519	0.222177757	90.048052	0	20	5
AG-414-L04_a5_gnd011_p7_s1	AG-414-L04	AG-414-L04_a5_gnd011	0.099519	0.222177757	90.048052	0	7	1
AG-414-L04_a5_gnd011_p8_s3	AG-414-L04	AG-414-L04_a5_gnd011	0.099519	0.222177757	90.048052	0	8	3
AG-414-L04_a5_gnd011_p9_s4	AG-414-L04	AG-414-L04_a5_gnd011	0.099519	0.222177757	90.048052	0	9	4
AG-414-L04_a5_gnd012	AG-414-L04	AG-414-L04_a5_gnd012	0.108562656	0.239729317	89.143734	1		
AG-414-L04_a5_gnd012_p0_s2	AG-414-L04	AG-414-L04_a5_gnd012	0.108563	0.239729317	89.143734	0	0	2
AG-414-L04_a5_gnd012_p10_s4	AG-414-L04	AG-414-L04_a5_gnd012	0.108563	0.239729317	89.143734	0	10	4
AG-414-L04_a5_gnd012_p16_s1	AG-414-L04	AG-414-L04_a5_gnd012	0.108563	0.239729317	89.143734	0	16	1
AG-414-L04_a5_gnd012_p18_s5	AG-414-L04	AG-414-L04_a5_gnd012	0.108563	0.239729317	89.143734	0	18	5
AG-414-L04_a5_gnd012_p7_s3	AG-414-L04	AG-414-L04_a5_gnd012	0.108563	0.239729317	89.143734	0	7	3
AG-414-L04_a5_gnd013	AG-414-L04	AG-414-L04_a5_gnd013	0.117556363	0.257753359	88.244364	1		
AG-414-L04_a5_gnd013_p11_s5	AG-414-L04	AG-414-L04_a5_gnd013	0.117556	0.257753359	88.244364	0	11	5
AG-414-L04_a5_gnd013_p18_s2	AG-414-L04	AG-414-L04_a5_gnd013	0.117556	0.257753359	88.244364	0	18	2
AG-414-L04_a5_gnd013_p18_s3	AG-414-L04	AG-414-L04_a5_gnd013	0.117556	0.257753359	88.244364	0	18	3
AG-414-L04_a5_gnd013_p7_s1	AG-414-L04	AG-414-L04_a5_gnd013	0.117556	0.257753359	88.244364	0	7	1
AG-414-L04_a5_gnd013_p8_s4	AG-414-L04	AG-414-L04_a5_gnd013	0.117556	0.257753359	88.244364	0	8	4
AG-414-L04_a5_gnd014	AG-414-L04	AG-414-L04_a5_gnd014	0.126835350	0.275248118	87.316465	1		
AG-414-L04_a5_gnd014_p11_s4	AG-414-L04	AG-414-L04_a5_gnd014	0.126835	0.275248118	87.316465	0	11	4
AG-414-L04_a5_gnd014_p12_s3	AG-414-L04	AG-414-L04_a5_gnd014	0.126835	0.275248118	87.316465	0	12	3
AG-414-L04_a5_gnd014_p18_s2	AG-414-L04	AG-414-L04_a5_gnd014	0.126835	0.275248118	87.316465	0	18	2
AG-414-L04_a5_gnd014_p7_s1	AG-414-L04	AG-414-L04_a5_gnd014	0.126835	0.275248118	87.316465	0	7	1
AG-414-L04_a5_gnd014_p7_s5	AG-414-L04	AG-414-L04_a5_gnd014	0.126835	0.275248118	87.316465	0	7	5
AG-414-L04_a5_gnd015	AG-414-L04	AG-414-L04_a5_gnd015	0.135582530	0.292319450	86.441747	1		
AG-414-L04_a5_gnd015_p0_s1	AG-414-L04	AG-414-L04_a5_gnd015	0.135583	0.292319450	86.441747	0	0	1
AG-414-L04_a5_gnd015_p13_s2	AG-414-L04	AG-414-L04_a5_gnd015	0.135583	0.292319450	86.441747	0	13	2
AG-414-L04_a5_gnd015_p15_s4	AG-414-L04	AG-414-L04_a5_gnd015	0.135583	0.292319450	86.441747	0	15	4
AG-414-L04_a5_gnd015_p15_s5	AG-414-L04	AG-414-L04_a5_gnd015	0.135583	0.292319450	86.441747	0	15	5
AG-414-L04_a5_gnd015_p1_s3	AG-414-L04	AG-414-L04_a5_gnd015	0.135583	0.292319450	86.441747	0	1	3
AG-414-L04_a5_gnd016	AG-414-L04	AG-414-L04_a5_gnd016	0.144793907	0.308662694	85.520609	1		
AG-414-L04_a5_gnd016_p10_s5	AG-414-L04	AG-414-L04_a5_gnd016	0.144794	0.308662694	85.520609	0	10	5
AG-414-L04_a5_gnd016_p13_s1	AG-414-L04	AG-414-L04_a5_gnd016	0.144794	0.308662694	85.520609	0	13	1
AG-414-L04_a5_gnd016_p13_s4	AG-414-L04	AG-414-L04_a5_gnd016	0.144794	0.308662694	85.520609	0	13	4
AG-414-L04_a5_gnd016_p7_s2	AG-414-L04	AG-414-L04_a5_gnd016	0.144794	0.308662694	85.520609	0	7	2
AG-414-L04_a5_gnd016_p9_s3	AG-414-L04	AG-414-L04_a5_gnd016	0.144794	0.308662694	85.520609	0	9	3
AG-414-L04_a5_gnd017	AG-414-L04	AG-414-L04_a5_gnd017	0.153738144	0.324391453	84.626186	1		
AG-414-L04_a5_gnd017_p11_s2	AG-414-L04	AG-414-L04_a5_gnd017	0.153738	0.324391453	84.626186	0	11	2
AG-414-L04_a5_gnd017_p14_s5	AG-414-L04	AG-414-L04_a5_gnd017	0.153738	0.324391453	84.626186	0	14	5
AG-414-L04_a5_gnd017_p20_s3	AG-414-L04	AG-414-L04_a5_gnd017	0.153738	0.324391453	84.626186	0	20	3
AG-414-L04_a5_gnd017_p4_s1	AG-414-L04	AG-414-L04_a5_gnd017	0.153738	0.324391453	84.626186	0	4	1
AG-414-L04_a5_gnd017_p6_s4	AG-414-L04	AG-414-L04_a5_gnd017	0.153738	0.324391453	84.626186	0	6	4
AG-414-L04_a5_gnd018	AG-414-L04	AG-414-L04_a5_gnd018	0.162969309	0.341749373	83.703069	1		
AG-414-L04_a5_gnd018_p12_s3	AG-414-L04	AG-414-L04_a5_gnd018	0.162969	0.341749373	83.703069	0	12	3
AG-414-L04_a5_gnd018_p15_s1	AG-414-L04	AG-414-L04_a5_gnd018	0.162969	0.341749373	83.703069	0	15	1
AG-414-L04_a5_gnd018_p18_s5	AG-414-L04	AG-414-L04_a5_gnd018	0.162969	0.341749373	83.703069	0	18	5
AG-414-L04_a5_gnd018_p19_s2	AG-414-L04	AG-414-L04_a5_gnd018	0.162969	0.341749373	83.703069	0	19	2
AG-414-L04_a5_gnd018_p8_s4	AG-414-L04	AG-414-L04_a5_gnd018	0.162969	0.341749373	83.703069	0	8	4
AG-414-L04_a5_gnd019	AG-414-L04	AG-414-L04_a5_gnd019	0.171868198	0.357287073	82.813180	1		
AG-414-L04_a5_gnd019_p10_s1	AG-414-L04	AG-414-L04_a5_gnd019	0.171868	0.357287073	82.813180	0	10	1
AG-414-L04_a5_gnd019_p14_s4	AG-414-L04	AG-414-L04_a5_gnd019	0.171868	0.357287073	82.813180	0	14	4
AG-414-L04_a5_gnd019_p15_s2	AG-414-L04	AG-414-L04_a5_gnd019	0.171868	0.357287073	82.813180	0	15	2
AG-414-L04_a5_gnd019_p17_s5	AG-414-L04	AG-414-L04_a5_gnd019	0.171868	0.357287073	82.813180	0	17	5
AG-414-L04_a5_gnd019_p18_s3	AG-414-L04	AG-414-L04_a5_gnd019	0.171868	0.357287073	82.813180	0	18	3
AG-414-L04_a5_gnd020	AG-414-L04	AG-414-L04_a5_gnd020	0.180853660	0.372300654	81.914634	1		
AG-414-L04_a5_gnd020_p10_s4	AG-414-L04	AG-414-L04_a5_gnd020	0.180854	0.372300654	81.914634	0	10	4
AG-414-L04_a5_gnd020_p16_s2	AG-414-L04	AG-414-L04_a5_gnd020	0.180854	0.372300654	81.914634	0	16	2
AG-414-L04_a5_gnd020_p17_s5	AG-414-L04	AG-414-L04_a5_gnd020	0.180854	0.372300654	81.914634	0	17	5
AG-414-L04_a5_gnd020_p18_s3	AG-414-L04	AG-414-L04_a5_gnd020	0.180854	0.372300654	81.914634	0	18	3
AG-414-L04_a5_gnd020_p20_s1	AG-414-L04	AG-414-L04_a5_gnd020	0.180854	0.372300654	81.914634	0	20	1
AG-426-E17_a22_gnd00000	AG-426-E17	AG-426-E17_a22_gnd00000	0.000000000	0.000186210	100.000000	1		
AG-426-E17_a22_gnd00005	AG-426-E17	AG-426-E17_a22_gnd00005	0.000448279	0.001241401	99.955172	1		
AG-426-E17_a22_gnd00010	AG-426-E17	AG-426-E17_a22_gnd00010	0.000910458	0.002393745	99.908954	1		
AG-426-E17_a22_gnd00020	AG-426-E17	AG-426-E17_a22_gnd00020	0.001818310	0.004576993	99.818169	1		
AG-426-E17_a22_gnd00030	AG-426-E17	AG-426-E17_a22_gnd00030	0.002715736	0.006781829	99.728426	1		
AG-426-E17_a22_gnd00040	AG-426-E17	AG-426-E17_a22_gnd00040	0.003652257	0.008943487	99.634774	1		
AG-426-E17_a22_gnd00050	AG-426-E17	AG-426-E17_a22_gnd00050	0.004517540	0.011215791	99.548246	1		
AG-426-E17_a22_gnd00060	AG-426-E17	AG-426-E17_a22_gnd00060	0.005467092	0.013323474	99.453291	1		
AG-426-E17_a22_gnd00070	AG-426-E17	AG-426-E17_a22_gnd00070	0.006376681	0.015771194	99.362332	1		
AG-426-E17_a22_gnd00080	AG-426-E17	AG-426-E17_a22_gnd00080	0.007241964	0.017770929	99.275804	1		
AG-426-E17_a22_gnd00090	AG-426-E17	AG-426-E17_a22_gnd00090	0.008185435	0.020097207	99.181457	1		
AG-426-E17_a22_gnd001	AG-426-E17	AG-426-E17_a22_gnd001	0.009107186	0.022237275	99.089281	1		
AG-426-E17_a22_gnd002	AG-426-E17	AG-426-E17_a22_gnd002	0.018191785	0.044291038	98.180821	1		
AG-426-E17_a22_gnd003	AG-426-E17	AG-426-E17_a22_gnd003	0.027336328	0.065489315	97.266367	1		
AG-426-E17_a22_gnd004	AG-426-E17	AG-426-E17_a22_gnd004	0.036407027	0.086228812	96.359297	1		
AG-426-E17_a22_gnd005	AG-426-E17	AG-426-E17_a22_gnd005	0.045463825	0.106981803	95.453617	1		
AG-426-E17_a22_gnd006	AG-426-E17	AG-426-E17_a22_gnd006	0.054624875	0.127311098	94.537513	1		
AG-426-E17_a22_gnd007	AG-426-E17	AG-426-E17_a22_gnd007	0.063793743	0.147203204	93.620626	1		
AG-426-E17_a22_gnd008	AG-426-E17	AG-426-E17_a22_gnd008	0.073059912	0.167608063	92.694009	1		
AG-426-E17_a22_gnd009	AG-426-E17	AG-426-E17_a22_gnd009	0.081948172	0.186202095	91.805183	1		
AG-426-E17_a22_gnd010	AG-426-E17	AG-426-E17_a22_gnd010	0.091183934	0.205675903	90.881607	1		
AG-426-E17_a22_gnd011	AG-426-E17	AG-426-E17_a22_gnd011	0.100259845	0.224062135	89.974015	1		
AG-426-E17_a22_gnd012	AG-426-E17	AG-426-E17_a22_gnd012	0.109373982	0.243282265	89.062602	1		
AG-426-E17_a22_gnd013	AG-426-E17	AG-426-E17_a22_gnd013	0.118504625	0.260486467	88.149538	1		
AG-426-E17_a22_gnd014	AG-426-E17	AG-426-E17_a22_gnd014	0.127657855	0.278662201	87.234214	1		
AG-426-E17_a22_gnd015	AG-426-E17	AG-426-E17_a22_gnd015	0.136764173	0.296468213	86.323583	1		
AG-426-E17_a22_gnd016	AG-426-E17	AG-426-E17_a22_gnd016	0.146037292	0.313472712	85.396271	1		
AG-426-E17_a22_gnd017	AG-426-E17	AG-426-E17_a22_gnd017	0.155015034	0.329065792	84.498497	1		
AG-426-E17_a22_gnd018	AG-426-E17	AG-426-E17_a22_gnd018	0.164055326	0.346995944	83.594467	1		
AG-426-E17_a22_gnd019	AG-426-E17	AG-426-E17_a22_gnd019	0.173509147	0.364337780	82.649085	1		
AG-426-E17_a22_gnd020	AG-426-E17	AG-426-E17_a22_gnd020	0.182592008	0.379337146	81.740799	1		
AG-426-E17_a5_gnd00000	AG-426-E17	AG-426-E17_a5_gnd00000	0.000000000	0.000186210	100.000000	1		
AG-426-E17_a5_gnd00000_p10_s5	AG-426-E17	AG-426-E17_a5_gnd00000	0.000000	0.000186210	100.000000	0	10	5
AG-426-E17_a5_gnd00000_p3_s3	AG-426-E17	AG-426-E17_a5_gnd00000	0.000000	0.000186210	100.000000	0	3	3
AG-426-E17_a5_gnd00000_p5_s1	AG-426-E17	AG-426-E17_a5_gnd00000	0.000000	0.000186210	100.000000	0	5	1
AG-426-E17_a5_gnd00000_p7_s4	AG-426-E17	AG-426-E17_a5_gnd00000	0.000000	0.000186210	100.000000	0	7	4
AG-426-E17_a5_gnd00000_p9_s2	AG-426-E17	AG-426-E17_a5_gnd00000	0.000000	0.000186210	100.000000	0	9	2
AG-426-E17_a5_gnd00005	AG-426-E17	AG-426-E17_a5_gnd00005	0.000465654	0.001298074	99.953435	1		
AG-426-E17_a5_gnd00005_p10_s5	AG-426-E17	AG-426-E17_a5_gnd00005	0.000466	0.001298074	99.953435	0	10	5
AG-426-E17_a5_gnd00005_p11_s1	AG-426-E17	AG-426-E17_a5_gnd00005	0.000466	0.001298074	99.953435	0	11	1
AG-426-E17_a5_gnd00005_p18_s2	AG-426-E17	AG-426-E17_a5_gnd00005	0.000466	0.001298074	99.953435	0	18	2
AG-426-E17_a5_gnd00005_p19_s3	AG-426-E17	AG-426-E17_a5_gnd00005	0.000466	0.001298074	99.953435	0	19	3
AG-426-E17_a5_gnd00005_p6_s4	AG-426-E17	AG-426-E17_a5_gnd00005	0.000466	0.001298074	99.953435	0	6	4
AG-426-E17_a5_gnd00010	AG-426-E17	AG-426-E17_a5_gnd00010	0.000904377	0.002372156	99.909562	1		
AG-426-E17_a5_gnd00010_p0_s5	AG-426-E17	AG-426-E17_a5_gnd00010	0.000904	0.002372156	99.909562	0	0	5
AG-426-E17_a5_gnd00010_p10_s3	AG-426-E17	AG-426-E17_a5_gnd00010	0.000904	0.002372156	99.909562	0	10	3
AG-426-E17_a5_gnd00010_p13_s2	AG-426-E17	AG-426-E17_a5_gnd00010	0.000904	0.002372156	99.909562	0	13	2
AG-426-E17_a5_gnd00010_p1_s4	AG-426-E17	AG-426-E17_a5_gnd00010	0.000904	0.002372156	99.909562	0	1	4
AG-426-E17_a5_gnd00010_p6_s1	AG-426-E17	AG-426-E17_a5_gnd00010	0.000904	0.002372156	99.909562	0	6	1
AG-426-E17_a5_gnd00020	AG-426-E17	AG-426-E17_a5_gnd00020	0.001820047	0.004547307	99.817995	1		
AG-426-E17_a5_gnd00020_p10_s1	AG-426-E17	AG-426-E17_a5_gnd00020	0.001820	0.004547307	99.817995	0	10	1
AG-426-E17_a5_gnd00020_p13_s2	AG-426-E17	AG-426-E17_a5_gnd00020	0.001820	0.004547307	99.817995	0	13	2
AG-426-E17_a5_gnd00020_p13_s4	AG-426-E17	AG-426-E17_a5_gnd00020	0.001820	0.004547307	99.817995	0	13	4
AG-426-E17_a5_gnd00020_p18_s3	AG-426-E17	AG-426-E17_a5_gnd00020	0.001820	0.004547307	99.817995	0	18	3
AG-426-E17_a5_gnd00020_p7_s5	AG-426-E17	AG-426-E17_a5_gnd00020	0.001820	0.004547307	99.817995	0	7	5
AG-426-E17_a5_gnd00030	AG-426-E17	AG-426-E17_a5_gnd00030	0.002718343	0.006679279	99.728166	1		
AG-426-E17_a5_gnd00030_p0_s2	AG-426-E17	AG-426-E17_a5_gnd00030	0.002718	0.006679279	99.728166	0	0	2
AG-426-E17_a5_gnd00030_p14_s5	AG-426-E17	AG-426-E17_a5_gnd00030	0.002718	0.006679279	99.728166	0	14	5
AG-426-E17_a5_gnd00030_p15_s1	AG-426-E17	AG-426-E17_a5_gnd00030	0.002718	0.006679279	99.728166	0	15	1
AG-426-E17_a5_gnd00030_p15_s3	AG-426-E17	AG-426-E17_a5_gnd00030	0.002718	0.006679279	99.728166	0	15	3
AG-426-E17_a5_gnd00030_p20_s4	AG-426-E17	AG-426-E17_a5_gnd00030	0.002718	0.006679279	99.728166	0	20	4
AG-426-E17_a5_gnd00040	AG-426-E17	AG-426-E17_a5_gnd00040	0.003641832	0.008965076	99.635817	1		
AG-426-E17_a5_gnd00040_p11_s4	AG-426-E17	AG-426-E17_a5_gnd00040	0.003642	0.008965076	99.635817	0	11	4
AG-426-E17_a5_gnd00040_p13_s2	AG-426-E17	AG-426-E17_a5_gnd00040	0.003642	0.008965076	99.635817	0	13	2
AG-426-E17_a5_gnd00040_p14_s1	AG-426-E17	AG-426-E17_a5_gnd00040	0.003642	0.008965076	99.635817	0	14	1
AG-426-E17_a5_gnd00040_p15_s3	AG-426-E17	AG-426-E17_a5_gnd00040	0.003642	0.008965076	99.635817	0	15	3
AG-426-E17_a5_gnd00040_p19_s5	AG-426-E17	AG-426-E17_a5_gnd00040	0.003642	0.008965076	99.635817	0	19	5
AG-426-E17_a5_gnd00050	AG-426-E17	AG-426-E17_a5_gnd00050	0.004576615	0.011299450	99.542338	1		
AG-426-E17_a5_gnd00050_p12_s1	AG-426-E17	AG-426-E17_a5_gnd00050	0.004577	0.011299450	99.542338	0	12	1
AG-426-E17_a5_gnd00050_p13_s3	AG-426-E17	AG-426-E17_a5_gnd00050	0.004577	0.011299450	99.542338	0	13	3
AG-426-E17_a5_gnd00050_p17_s2	AG-426-E17	AG-426-E17_a5_gnd00050	0.004577	0.011299450	99.542338	0	17	2
AG-426-E17_a5_gnd00050_p19_s5	AG-426-E17	AG-426-E17_a5_gnd00050	0.004577	0.011299450	99.542338	0	19	5
AG-426-E17_a5_gnd00050_p6_s4	AG-426-E17	AG-426-E17_a5_gnd00050	0.004577	0.011299450	99.542338	0	6	4
AG-426-E17_a5_gnd00060	AG-426-E17	AG-426-E17_a5_gnd00060	0.005465354	0.013463806	99.453465	1		
AG-426-E17_a5_gnd00060_p0_s1	AG-426-E17	AG-426-E17_a5_gnd00060	0.005465	0.013463806	99.453465	0	0	1
AG-426-E17_a5_gnd00060_p13_s4	AG-426-E17	AG-426-E17_a5_gnd00060	0.005465	0.013463806	99.453465	0	13	4
AG-426-E17_a5_gnd00060_p18_s3	AG-426-E17	AG-426-E17_a5_gnd00060	0.005465	0.013463806	99.453465	0	18	3
AG-426-E17_a5_gnd00060_p19_s2	AG-426-E17	AG-426-E17_a5_gnd00060	0.005465	0.013463806	99.453465	0	19	2
AG-426-E17_a5_gnd00060_p8_s5	AG-426-E17	AG-426-E17_a5_gnd00060	0.005465	0.013463806	99.453465	0	8	5
AG-426-E17_a5_gnd00070	AG-426-E17	AG-426-E17_a5_gnd00070	0.006382762	0.015771194	99.361724	1		
AG-426-E17_a5_gnd00070_p11_s4	AG-426-E17	AG-426-E17_a5_gnd00070	0.006383	0.015771194	99.361724	0	11	4
AG-426-E17_a5_gnd00070_p13_s2	AG-426-E17	AG-426-E17_a5_gnd00070	0.006383	0.015771194	99.361724	0	13	2
AG-426-E17_a5_gnd00070_p16_s3	AG-426-E17	AG-426-E17_a5_gnd00070	0.006383	0.015771194	99.361724	0	16	3
AG-426-E17_a5_gnd00070_p5_s1	AG-426-E17	AG-426-E17_a5_gnd00070	0.006383	0.015771194	99.361724	0	5	1
AG-426-E17_a5_gnd00070_p6_s5	AG-426-E17	AG-426-E17_a5_gnd00070	0.006383	0.015771194	99.361724	0	6	5
AG-426-E17_a5_gnd00080	AG-426-E17	AG-426-E17_a5_gnd00080	0.007309727	0.017841095	99.269027	1		
AG-426-E17_a5_gnd00080_p10_s5	AG-426-E17	AG-426-E17_a5_gnd00080	0.007310	0.017841095	99.269027	0	10	5
AG-426-E17_a5_gnd00080_p17_s3	AG-426-E17	AG-426-E17_a5_gnd00080	0.007310	0.017841095	99.269027	0	17	3
AG-426-E17_a5_gnd00080_p19_s1	AG-426-E17	AG-426-E17_a5_gnd00080	0.007310	0.017841095	99.269027	0	19	1
AG-426-E17_a5_gnd00080_p6_s4	AG-426-E17	AG-426-E17_a5_gnd00080	0.007310	0.017841095	99.269027	0	6	4
AG-426-E17_a5_gnd00080_p8_s2	AG-426-E17	AG-426-E17_a5_gnd00080	0.007310	0.017841095	99.269027	0	8	2
AG-426-E17_a5_gnd00090	AG-426-E17	AG-426-E17_a5_gnd00090	0.008171534	0.019900202	99.182847	1		
AG-426-E17_a5_gnd00090_p10_s3	AG-426-E17	AG-426-E17_a5_gnd00090	0.008172	0.019900202	99.182847	0	10	3
AG-426-E17_a5_gnd00090_p11_s5	AG-426-E17	AG-426-E17_a5_gnd00090	0.008172	0.019900202	99.182847	0	11	5
AG-426-E17_a5_gnd00090_p12_s2	AG-426-E17	AG-426-E17_a5_gnd00090	0.008172	0.019900202	99.182847	0	12	2
AG-426-E17_a5_gnd00090_p17_s1	AG-426-E17	AG-426-E17_a5_gnd00090	0.008172	0.019900202	99.182847	0	17	1
AG-426-E17_a5_gnd00090_p7_s4	AG-426-E17	AG-426-E17_a5_gnd00090	0.008172	0.019900202	99.182847	0	7	4
AG-426-E17_a5_gnd001	AG-426-E17	AG-426-E17_a5_gnd001	0.009081124	0.022121231	99.091888	1		
AG-426-E17_a5_gnd001_p0_s5	AG-426-E17	AG-426-E17_a5_gnd001	0.009081	0.022121231	99.091888	0	0	5
AG-426-E17_a5_gnd001_p12_s3	AG-426-E17	AG-426-E17_a5_gnd001	0.009081	0.022121231	99.091888	0	12	3
AG-426-E17_a5_gnd001_p14_s4	AG-426-E17	AG-426-E17_a5_gnd001	0.009081	0.022121231	99.091888	0	14	4
AG-426-E17_a5_gnd001_p19_s2	AG-426-E17	AG-426-E17_a5_gnd001	0.009081	0.022121231	99.091888	0	19	2
AG-426-E17_a5_gnd001_p8_s1	AG-426-E17	AG-426-E17_a5_gnd001	0.009081	0.022121231	99.091888	0	8	1
AG-426-E17_a5_gnd002	AG-426-E17	AG-426-E17_a5_gnd002	0.018194391	0.043764792	98.180561	1		
AG-426-E17_a5_gnd002_p14_s3	AG-426-E17	AG-426-E17_a5_gnd002	0.018194	0.043764792	98.180561	0	14	3
AG-426-E17_a5_gnd002_p14_s4	AG-426-E17	AG-426-E17_a5_gnd002	0.018194	0.043764792	98.180561	0	14	4
AG-426-E17_a5_gnd002_p1_s2	AG-426-E17	AG-426-E17_a5_gnd002	0.018194	0.043764792	98.180561	0	1	2
AG-426-E17_a5_gnd002_p20_s5	AG-426-E17	AG-426-E17_a5_gnd002	0.018194	0.043764792	98.180561	0	20	5
AG-426-E17_a5_gnd002_p9_s1	AG-426-E17	AG-426-E17_a5_gnd002	0.018194	0.043764792	98.180561	0	9	1
AG-426-E17_a5_gnd003	AG-426-E17	AG-426-E17_a5_gnd003	0.027328509	0.065413751	97.267149	1		
AG-426-E17_a5_gnd003_p13_s5	AG-426-E17	AG-426-E17_a5_gnd003	0.027329	0.065413751	97.267149	0	13	5
AG-426-E17_a5_gnd003_p17_s2	AG-426-E17	AG-426-E17_a5_gnd003	0.027329	0.065413751	97.267149	0	17	2
AG-426-E17_a5_gnd003_p19_s3	AG-426-E17	AG-426-E17_a5_gnd003	0.027329	0.065413751	97.267149	0	19	3
AG-426-E17_a5_gnd003_p7_s1	AG-426-E17	AG-426-E17_a5_gnd003	0.027329	0.065413751	97.267149	0	7	1
AG-426-E17_a5_gnd003_p7_s4	AG-426-E17	AG-426-E17_a5_gnd003	0.027329	0.065413751	97.267149	0	7	4
AG-426-E17_a5_gnd004	AG-426-E17	AG-426-E17_a5_gnd004	0.036400946	0.086482489	96.359905	1		
AG-426-E17_a5_gnd004_p17_s3	AG-426-E17	AG-426-E17_a5_gnd004	0.036401	0.086482489	96.359905	0	17	3
AG-426-E17_a5_gnd004_p18_s5	AG-426-E17	AG-426-E17_a5_gnd004	0.036401	0.086482489	96.359905	0	18	5
AG-426-E17_a5_gnd004_p19_s4	AG-426-E17	AG-426-E17_a5_gnd004	0.036401	0.086482489	96.359905	0	19	4
AG-426-E17_a5_gnd004_p1_s2	AG-426-E17	AG-426-E17_a5_gnd004	0.036401	0.086482489	96.359905	0	1	2
AG-426-E17_a5_gnd004_p8_s1	AG-426-E17	AG-426-E17_a5_gnd004	0.036401	0.086482489	96.359905	0	8	1
AG-426-E17_a5_gnd005	AG-426-E17	AG-426-E17_a5_gnd005	0.045561995	0.106436666	95.443801	1		
AG-426-E17_a5_gnd005_p14_s1	AG-426-E17	AG-426-E17_a5_gnd005	0.045562	0.106436666	95.443801	0	14	1
AG-426-E17_a5_gnd005_p1_s4	AG-426-E17	AG-426-E17_a5_gnd005	0.045562	0.106436666	95.443801	0	1	4
AG-426-E17_a5_gnd005_p7_s5	AG-426-E17	AG-426-E17_a5_gnd005	0.045562	0.106436666	95.443801	0	7	5
AG-426-E17_a5_gnd005_p8_s2	AG-426-E17	AG-426-E17_a5_gnd005	0.045562	0.106436666	95.443801	0	8	2
AG-426-E17_a5_gnd005_p9_s3	AG-426-E17	AG-426-E17_a5_gnd005	0.045562	0.106436666	95.443801	0	9	3
AG-426-E17_a5_gnd006	AG-426-E17	AG-426-E17_a5_gnd006	0.054626612	0.126393540	94.537339	1		
AG-426-E17_a5_gnd006_p10_s3	AG-426-E17	AG-426-E17_a5_gnd006	0.054627	0.126393540	94.537339	0	10	3
AG-426-E17_a5_gnd006_p11_s1	AG-426-E17	AG-426-E17_a5_gnd006	0.054627	0.126393540	94.537339	0	11	1
AG-426-E17_a5_gnd006_p13_s4	AG-426-E17	AG-426-E17_a5_gnd006	0.054627	0.126393540	94.537339	0	13	4
AG-426-E17_a5_gnd006_p14_s5	AG-426-E17	AG-426-E17_a5_gnd006	0.054627	0.126393540	94.537339	0	14	5
AG-426-E17_a5_gnd006_p15_s2	AG-426-E17	AG-426-E17_a5_gnd006	0.054627	0.126393540	94.537339	0	15	2
AG-426-E17_a5_gnd007	AG-426-E17	AG-426-E17_a5_gnd007	0.063782449	0.146485350	93.621755	1		
AG-426-E17_a5_gnd007_p13_s1	AG-426-E17	AG-426-E17_a5_gnd007	0.063782	0.146485350	93.621755	0	13	1
AG-426-E17_a5_gnd007_p14_s5	AG-426-E17	AG-426-E17_a5_gnd007	0.063782	0.146485350	93.621755	0	14	5
AG-426-E17_a5_gnd007_p16_s3	AG-426-E17	AG-426-E17_a5_gnd007	0.063782	0.146485350	93.621755	0	16	3
AG-426-E17_a5_gnd007_p18_s2	AG-426-E17	AG-426-E17_a5_gnd007	0.063782	0.146485350	93.621755	0	18	2
AG-426-E17_a5_gnd007_p6_s4	AG-426-E17	AG-426-E17_a5_gnd007	0.063782	0.146485350	93.621755	0	6	4
AG-426-E17_a5_gnd008	AG-426-E17	AG-426-E17_a5_gnd008	0.072915698	0.166390950	92.708430	1		
AG-426-E17_a5_gnd008_p10_s1	AG-426-E17	AG-426-E17_a5_gnd008	0.072916	0.166390950	92.708430	0	10	1
AG-426-E17_a5_gnd008_p10_s2	AG-426-E17	AG-426-E17_a5_gnd008	0.072916	0.166390950	92.708430	0	10	2
AG-426-E17_a5_gnd008_p17_s3	AG-426-E17	AG-426-E17_a5_gnd008	0.072916	0.166390950	92.708430	0	17	3
AG-426-E17_a5_gnd008_p20_s5	AG-426-E17	AG-426-E17_a5_gnd008	0.072916	0.166390950	92.708430	0	20	5
AG-426-E17_a5_gnd008_p8_s4	AG-426-E17	AG-426-E17_a5_gnd008	0.072916	0.166390950	92.708430	0	8	4
AG-426-E17_a5_gnd009	AG-426-E17	AG-426-E17_a5_gnd009	0.081886490	0.184445242	91.811351	1		
AG-426-E17_a5_gnd009_p0_s5	AG-426-E17	AG-426-E17_a5_gnd009	0.081886	0.184445242	91.811351	0	0	5
AG-426-E17_a5_gnd009_p10_s3	AG-426-E17	AG-426-E17_a5_gnd009	0.081886	0.184445242	91.811351	0	10	3
AG-426-E17_a5_gnd009_p14_s4	AG-426-E17	AG-426-E17_a5_gnd009	0.081886	0.184445242	91.811351	0	14	4
AG-426-E17_a5_gnd009_p15_s1	AG-426-E17	AG-426-E17_a5_gnd009	0.081886	0.184445242	91.811351	0	15	1
AG-426-E17_a5_gnd009_p20_s2	AG-426-E17	AG-426-E17_a5_gnd009	0.081886	0.184445242	91.811351	0	20	2
AG-426-E17_a5_gnd010	AG-426-E17	AG-426-E17_a5_gnd010	0.091065783	0.203935242	90.893422	1		
AG-426-E17_a5_gnd010_p19_s3	AG-426-E17	AG-426-E17_a5_gnd010	0.091066	0.203935242	90.893422	0	19	3
AG-426-E17_a5_gnd010_p19_s5	AG-426-E17	AG-426-E17_a5_gnd010	0.091066	0.203935242	90.893422	0	19	5
AG-426-E17_a5_gnd010_p20_s2	AG-426-E17	AG-426-E17_a5_gnd010	0.091066	0.203935242	90.893422	0	20	2
AG-426-E17_a5_gnd010_p7_s4	AG-426-E17	AG-426-E17_a5_gnd010	0.091066	0.203935242	90.893422	0	7	4
AG-426-E17_a5_gnd010_p8_s1	AG-426-E17	AG-426-E17_a5_gnd010	0.091066	0.203935242	90.893422	0	8	1
AG-426-E17_a5_gnd011	AG-426-E17	AG-426-E17_a5_gnd011	0.100219014	0.221954451	89.978099	1		
AG-426-E17_a5_gnd011_p0_s5	AG-426-E17	AG-426-E17_a5_gnd011	0.100219	0.221954451	89.978099	0	0	5
AG-426-E17_a5_gnd011_p15_s4	AG-426-E17	AG-426-E17_a5_gnd011	0.100219	0.221954451	89.978099	0	15	4
AG-426-E17_a5_gnd011_p16_s2	AG-426-E17	AG-426-E17_a5_gnd011	0.100219	0.221954451	89.978099	0	16	2
AG-426-E17_a5_gnd011_p8_s3	AG-426-E17	AG-426-E17_a5_gnd011	0.100219	0.221954451	89.978099	0	8	3
AG-426-E17_a5_gnd011_p9_s1	AG-426-E17	AG-426-E17_a5_gnd011	0.100219	0.221954451	89.978099	0	9	1
AG-426-E17_a5_gnd012	AG-426-E17	AG-426-E17_a5_gnd012	0.109329675	0.239690297	89.067032	1		
AG-426-E17_a5_gnd012_p0_s2	AG-426-E17	AG-426-E17_a5_gnd012	0.109330	0.239690297	89.067032	0	0	2
AG-426-E17_a5_gnd012_p11_s3	AG-426-E17	AG-426-E17_a5_gnd012	0.109330	0.239690297	89.067032	0	11	3
AG-426-E17_a5_gnd012_p17_s5	AG-426-E17	AG-426-E17_a5_gnd012	0.109330	0.239690297	89.067032	0	17	5
AG-426-E17_a5_gnd012_p19_s4	AG-426-E17	AG-426-E17_a5_gnd012	0.109330	0.239690297	89.067032	0	19	4
AG-426-E17_a5_gnd012_p6_s1	AG-426-E17	AG-426-E17_a5_gnd012	0.109330	0.239690297	89.067032	0	6	1
AG-426-E17_a5_gnd013	AG-426-E17	AG-426-E17_a5_gnd013	0.118505494	0.257140081	88.149451	1		
AG-426-E17_a5_gnd013_p10_s1	AG-426-E17	AG-426-E17_a5_gnd013	0.118505	0.257140081	88.149451	0	10	1
AG-426-E17_a5_gnd013_p13_s3	AG-426-E17	AG-426-E17_a5_gnd013	0.118505	0.257140081	88.149451	0	13	3
AG-426-E17_a5_gnd013_p17_s4	AG-426-E17	AG-426-E17_a5_gnd013	0.118505	0.257140081	88.149451	0	17	4
AG-426-E17_a5_gnd013_p20_s2	AG-426-E17	AG-426-E17_a5_gnd013	0.118505	0.257140081	88.149451	0	20	2
AG-426-E17_a5_gnd013_p7_s5	AG-426-E17	AG-426-E17_a5_gnd013	0.118505	0.257140081	88.149451	0	7	5
AG-426-E17_a5_gnd014	AG-426-E17	AG-426-E17_a5_gnd014	0.127570980	0.275410270	87.242902	1		
AG-426-E17_a5_gnd014_p0_s3	AG-426-E17	AG-426-E17_a5_gnd014	0.127571	0.275410270	87.242902	0	0	3
AG-426-E17_a5_gnd014_p10_s2	AG-426-E17	AG-426-E17_a5_gnd014	0.127571	0.275410270	87.242902	0	10	2
AG-426-E17_a5_gnd014_p11_s1	AG-426-E17	AG-426-E17_a5_gnd014	0.127571	0.275410270	87.242902	0	11	1
AG-426-E17_a5_gnd014_p11_s4	AG-426-E17	AG-426-E17_a5_gnd014	0.127571	0.275410270	87.242902	0	11	4
AG-426-E17_a5_gnd014_p19_s5	AG-426-E17	AG-426-E17_a5_gnd014	0.127571	0.275410270	87.242902	0	19	5
AG-426-E17_a5_gnd015	AG-426-E17	AG-426-E17_a5_gnd015	0.136852786	0.292768298	86.314721	1		
AG-426-E17_a5_gnd015_p13_s2	AG-426-E17	AG-426-E17_a5_gnd015	0.136853	0.292768298	86.314721	0	13	2
AG-426-E17_a5_gnd015_p1_s5	AG-426-E17	AG-426-E17_a5_gnd015	0.136853	0.292768298	86.314721	0	1	5
AG-426-E17_a5_gnd015_p6_s4	AG-426-E17	AG-426-E17_a5_gnd015	0.136853	0.292768298	86.314721	0	6	4
AG-426-E17_a5_gnd015_p8_s3	AG-426-E17	AG-426-E17_a5_gnd015	0.136853	0.292768298	86.314721	0	8	3
AG-426-E17_a5_gnd015_p9_s1	AG-426-E17	AG-426-E17_a5_gnd015	0.136853	0.292768298	86.314721	0	9	1
AG-426-E17_a5_gnd016	AG-426-E17	AG-426-E17_a5_gnd016	0.145876572	0.309117013	85.412343	1		
AG-426-E17_a5_gnd016_p10_s4	AG-426-E17	AG-426-E17_a5_gnd016	0.145877	0.309117013	85.412343	0	10	4
AG-426-E17_a5_gnd016_p11_s3	AG-426-E17	AG-426-E17_a5_gnd016	0.145877	0.309117013	85.412343	0	11	3
AG-426-E17_a5_gnd016_p17_s5	AG-426-E17	AG-426-E17_a5_gnd016	0.145877	0.309117013	85.412343	0	17	5
AG-426-E17_a5_gnd016_p4_s1	AG-426-E17	AG-426-E17_a5_gnd016	0.145877	0.309117013	85.412343	0	4	1
AG-426-E17_a5_gnd016_p7_s2	AG-426-E17	AG-426-E17_a5_gnd016	0.145877	0.309117013	85.412343	0	7	2
AG-426-E17_a5_gnd017	AG-426-E17	AG-426-E17_a5_gnd017	0.155113203	0.325587169	84.488680	1		
AG-426-E17_a5_gnd017_p11_s2	AG-426-E17	AG-426-E17_a5_gnd017	0.155113	0.325587169	84.488680	0	11	2
AG-426-E17_a5_gnd017_p14_s3	AG-426-E17	AG-426-E17_a5_gnd017	0.155113	0.325587169	84.488680	0	14	3
AG-426-E17_a5_gnd017_p18_s4	AG-426-E17	AG-426-E17_a5_gnd017	0.155113	0.325587169	84.488680	0	18	4
AG-426-E17_a5_gnd017_p20_s1	AG-426-E17	AG-426-E17_a5_gnd017	0.155113	0.325587169	84.488680	0	20	1
AG-426-E17_a5_gnd017_p7_s5	AG-426-E17	AG-426-E17_a5_gnd017	0.155113	0.325587169	84.488680	0	7	5
AG-426-E17_a5_gnd018	AG-426-E17	AG-426-E17_a5_gnd018	0.164244715	0.341711892	83.575528	1		
AG-426-E17_a5_gnd018_p13_s3	AG-426-E17	AG-426-E17_a5_gnd018	0.164245	0.341711892	83.575528	0	13	3
AG-426-E17_a5_gnd018_p16_s5	AG-426-E17	AG-426-E17_a5_gnd018	0.164245	0.341711892	83.575528	0	16	5
AG-426-E17_a5_gnd018_p19_s4	AG-426-E17	AG-426-E17_a5_gnd018	0.164245	0.341711892	83.575528	0	19	4
AG-426-E17_a5_gnd018_p20_s1	AG-426-E17	AG-426-E17_a5_gnd018	0.164245	0.341711892	83.575528	0	20	1
AG-426-E17_a5_gnd018_p7_s2	AG-426-E17	AG-426-E17_a5_gnd018	0.164245	0.341711892	83.575528	0	7	2
AG-426-E17_a5_gnd019	AG-426-E17	AG-426-E17_a5_gnd019	0.173312807	0.358308888	82.668719	1		
AG-426-E17_a5_gnd019_p0_s4	AG-426-E17	AG-426-E17_a5_gnd019	0.173313	0.358308888	82.668719	0	0	4
AG-426-E17_a5_gnd019_p11_s2	AG-426-E17	AG-426-E17_a5_gnd019	0.173313	0.358308888	82.668719	0	11	2
AG-426-E17_a5_gnd019_p11_s5	AG-426-E17	AG-426-E17_a5_gnd019	0.173313	0.358308888	82.668719	0	11	5
AG-426-E17_a5_gnd019_p13_s1	AG-426-E17	AG-426-E17_a5_gnd019	0.173313	0.358308888	82.668719	0	13	1
AG-426-E17_a5_gnd019_p17_s3	AG-426-E17	AG-426-E17_a5_gnd019	0.173313	0.358308888	82.668719	0	17	3
AG-426-E17_a5_gnd020	AG-426-E17	AG-426-E17_a5_gnd020	0.182522507	0.373381118	81.747749	1		
AG-426-E17_a5_gnd020_p0_s5	AG-426-E17	AG-426-E17_a5_gnd020	0.182523	0.373381118	81.747749	0	0	5
AG-426-E17_a5_gnd020_p12_s3	AG-426-E17	AG-426-E17_a5_gnd020	0.182523	0.373381118	81.747749	0	12	3
AG-426-E17_a5_gnd020_p13_s4	AG-426-E17	AG-426-E17_a5_gnd020	0.182523	0.373381118	81.747749	0	13	4
AG-426-E17_a5_gnd020_p14_s1	AG-426-E17	AG-426-E17_a5_gnd020	0.182523	0.373381118	81.747749	0	14	1
AG-426-E17_a5_gnd020_p20_s2	AG-426-E17	AG-426-E17_a5_gnd020	0.182523	0.373381118	81.747749	0	20	2
AG-435-F03_a22_gnd00000	AG-435-F03	AG-435-F03_a22_gnd00000	0.000000000	0.000280250	100.000000	1		
AG-435-F03_a22_gnd00005	AG-435-F03	AG-435-F03_a22_gnd00005	0.000452895	0.001388213	99.954710	1		
AG-435-F03_a22_gnd00010	AG-435-F03	AG-435-F03_a22_gnd00010	0.000915485	0.002550488	99.908451	1		
AG-435-F03_a22_gnd00020	AG-435-F03	AG-435-F03_a22_gnd00020	0.001802578	0.004649101	99.819742	1		
AG-435-F03_a22_gnd00030	AG-435-F03	AG-435-F03_a22_gnd00030	0.002736761	0.006917168	99.726324	1		
AG-435-F03_a22_gnd00040	AG-435-F03	AG-435-F03_a22_gnd00040	0.003617621	0.009141785	99.638238	1		
AG-435-F03_a22_gnd00050	AG-435-F03	AG-435-F03_a22_gnd00050	0.004530336	0.011353366	99.546966	1		
AG-435-F03_a22_gnd00060	AG-435-F03	AG-435-F03_a22_gnd00060	0.005442359	0.013486739	99.455764	1		
AG-435-F03_a22_gnd00070	AG-435-F03	AG-435-F03_a22_gnd00070	0.006333606	0.015672251	99.366639	1		
AG-435-F03_a22_gnd00080	AG-435-F03	AG-435-F03_a22_gnd00080	0.007233164	0.017877316	99.276684	1		
AG-435-F03_a22_gnd00090	AG-435-F03	AG-435-F03_a22_gnd00090	0.008150727	0.020025896	99.184927	1		
AG-435-F03_a22_gnd001	AG-435-F03	AG-435-F03_a22_gnd001	0.009064135	0.022235305	99.093587	1		
AG-435-F03_a22_gnd002	AG-435-F03	AG-435-F03_a22_gnd002	0.018091567	0.043814523	98.190843	1		
AG-435-F03_a22_gnd003	AG-435-F03	AG-435-F03_a22_gnd003	0.027200714	0.065191699	97.279929	1		
AG-435-F03_a22_gnd004	AG-435-F03	AG-435-F03_a22_gnd004	0.036261386	0.086425493	96.373861	1		
AG-435-F03_a22_gnd005	AG-435-F03	AG-435-F03_a22_gnd005	0.045227878	0.106410112	95.477212	1		
AG-435-F03_a22_gnd006	AG-435-F03	AG-435-F03_a22_gnd006	0.054335640	0.126761879	94.566436	1		
AG-435-F03_a22_gnd007	AG-435-F03	AG-435-F03_a22_gnd007	0.063405314	0.146976781	93.659469	1		
AG-435-F03_a22_gnd008	AG-435-F03	AG-435-F03_a22_gnd008	0.072493686	0.166896225	92.750631	1		
AG-435-F03_a22_gnd009	AG-435-F03	AG-435-F03_a22_gnd009	0.081551588	0.185405732	91.844841	1		
AG-435-F03_a22_gnd010	AG-435-F03	AG-435-F03_a22_gnd010	0.090610183	0.204219385	90.938982	1		
AG-435-F03_a22_gnd011	AG-435-F03	AG-435-F03_a22_gnd011	0.099747722	0.223291564	90.025228	1		
AG-435-F03_a22_gnd012	AG-435-F03	AG-435-F03_a22_gnd012	0.108787619	0.241968351	89.121238	1		
AG-435-F03_a22_gnd013	AG-435-F03	AG-435-F03_a22_gnd013	0.117792199	0.259526313	88.220780	1		
AG-435-F03_a22_gnd014	AG-435-F03	AG-435-F03_a22_gnd014	0.126830018	0.277279798	87.316998	1		
AG-435-F03_a22_gnd015	AG-435-F03	AG-435-F03_a22_gnd015	0.135936395	0.295111492	86.406360	1		
AG-435-F03_a22_gnd016	AG-435-F03	AG-435-F03_a22_gnd016	0.145104405	0.312500000	85.489560	1		
AG-435-F03_a22_gnd017	AG-435-F03	AG-435-F03_a22_gnd017	0.154024499	0.329249800	84.597550	1		
AG-435-F03_a22_gnd018	AG-435-F03	AG-435-F03_a22_gnd018	0.163108024	0.345315270	83.689198	1		
AG-435-F03_a22_gnd019	AG-435-F03	AG-435-F03_a22_gnd019	0.172264953	0.362412666	82.773505	1		
AG-435-F03_a22_gnd020	AG-435-F03	AG-435-F03_a22_gnd020	0.181367175	0.378154437	81.863282	1		
AG-435-F03_a5_gnd00000	AG-435-F03	AG-435-F03_a5_gnd00000	0.000000000	0.000280250	100.000000	1		
AG-435-F03_a5_gnd00000_p0_s5	AG-435-F03	AG-435-F03_a5_gnd00000	0.000000	0.000280250	100.000000	0	0	5
AG-435-F03_a5_gnd00000_p10_s2	AG-435-F03	AG-435-F03_a5_gnd00000	0.000000	0.000280250	100.000000	0	10	2
AG-435-F03_a5_gnd00000_p15_s3	AG-435-F03	AG-435-F03_a5_gnd00000	0.000000	0.000280250	100.000000	0	15	3
AG-435-F03_a5_gnd00000_p17_s1	AG-435-F03	AG-435-F03_a5_gnd00000	0.000000	0.000280250	100.000000	0	17	1
AG-435-F03_a5_gnd00000_p20_s4	AG-435-F03	AG-435-F03_a5_gnd00000	0.000000	0.000280250	100.000000	0	20	4
AG-435-F03_a5_gnd00005	AG-435-F03	AG-435-F03_a5_gnd00005	0.000452203	0.001403420	99.954780	1		
AG-435-F03_a5_gnd00005_p13_s2	AG-435-F03	AG-435-F03_a5_gnd00005	0.000452	0.001403420	99.954780	0	13	2
AG-435-F03_a5_gnd00005_p16_s4	AG-435-F03	AG-435-F03_a5_gnd00005	0.000452	0.001403420	99.954780	0	16	4
AG-435-F03_a5_gnd00005_p17_s1	AG-435-F03	AG-435-F03_a5_gnd00005	0.000452	0.001403420	99.954780	0	17	1
AG-435-F03_a5_gnd00005_p2_s3	AG-435-F03	AG-435-F03_a5_gnd00005	0.000452	0.001403420	99.954780	0	2	3
AG-435-F03_a5_gnd00005_p8_s5	AG-435-F03	AG-435-F03_a5_gnd00005	0.000452	0.001403420	99.954780	0	8	5
AG-435-F03_a5_gnd00010	AG-435-F03	AG-435-F03_a5_gnd00010	0.000907868	0.002520074	99.909213	1		
AG-435-F03_a5_gnd00010_p15_s5	AG-435-F03	AG-435-F03_a5_gnd00010	0.000908	0.002520074	99.909213	0	15	5
AG-435-F03_a5_gnd00010_p18_s3	AG-435-F03	AG-435-F03_a5_gnd00010	0.000908	0.002520074	99.909213	0	18	3
AG-435-F03_a5_gnd00010_p19_s4	AG-435-F03	AG-435-F03_a5_gnd00010	0.000908	0.002520074	99.909213	0	19	4
AG-435-F03_a5_gnd00010_p5_s1	AG-435-F03	AG-435-F03_a5_gnd00010	0.000908	0.002520074	99.909213	0	5	1
AG-435-F03_a5_gnd00010_p7_s2	AG-435-F03	AG-435-F03_a5_gnd00010	0.000908	0.002520074	99.909213	0	7	2
AG-435-F03_a5_gnd00020	AG-435-F03	AG-435-F03_a5_gnd00020	0.001811580	0.004629549	99.818842	1		
AG-435-F03_a5_gnd00020_p13_s2	AG-435-F03	AG-435-F03_a5_gnd00020	0.001812	0.004629549	99.818842	0	13	2
AG-435-F03_a5_gnd00020_p17_s4	AG-435-F03	AG-435-F03_a5_gnd00020	0.001812	0.004629549	99.818842	0	17	4
AG-435-F03_a5_gnd00020_p17_s5	AG-435-F03	AG-435-F03_a5_gnd00020	0.001812	0.004629549	99.818842	0	17	5
AG-435-F03_a5_gnd00020_p2_s3	AG-435-F03	AG-435-F03_a5_gnd00020	0.001812	0.004629549	99.818842	0	2	3
AG-435-F03_a5_gnd00020_p7_s1	AG-435-F03	AG-435-F03_a5_gnd00020	0.001812	0.004629549	99.818842	0	7	1
AG-435-F03_a5_gnd00030	AG-435-F03	AG-435-F03_a5_gnd00030	0.002699366	0.006904133	99.730063	1		
AG-435-F03_a5_gnd00030_p11_s1	AG-435-F03	AG-435-F03_a5_gnd00030	0.002699	0.006904133	99.730063	0	11	1
AG-435-F03_a5_gnd00030_p13_s4	AG-435-F03	AG-435-F03_a5_gnd00030	0.002699	0.006904133	99.730063	0	13	4
AG-435-F03_a5_gnd00030_p14_s3	AG-435-F03	AG-435-F03_a5_gnd00030	0.002699	0.006904133	99.730063	0	14	3
AG-435-F03_a5_gnd00030_p18_s5	AG-435-F03	AG-435-F03_a5_gnd00030	0.002699	0.006904133	99.730063	0	18	5
AG-435-F03_a5_gnd00030_p7_s2	AG-435-F03	AG-435-F03_a5_gnd00030	0.002699	0.006904133	99.730063	0	7	2
AG-435-F03_a5_gnd00040	AG-435-F03	AG-435-F03_a5_gnd00040	0.003624546	0.009085300	99.637545	1		
AG-435-F03_a5_gnd00040_p10_s2	AG-435-F03	AG-435-F03_a5_gnd00040	0.003625	0.009085300	99.637545	0	10	2
AG-435-F03_a5_gnd00040_p18_s5	AG-435-F03	AG-435-F03_a5_gnd00040	0.003625	0.009085300	99.637545	0	18	5
AG-435-F03_a5_gnd00040_p20_s3	AG-435-F03	AG-435-F03_a5_gnd00040	0.003625	0.009085300	99.637545	0	20	3
AG-435-F03_a5_gnd00040_p3_s4	AG-435-F03	AG-435-F03_a5_gnd00040	0.003625	0.009085300	99.637545	0	3	4
AG-435-F03_a5_gnd00040_p7_s1	AG-435-F03	AG-435-F03_a5_gnd00040	0.003625	0.009085300	99.637545	0	7	1
AG-435-F03_a5_gnd00050	AG-435-F03	AG-435-F03_a5_gnd00050	0.004555959	0.011136119	99.544404	1		
AG-435-F03_a5_gnd00050_p11_s2	AG-435-F03	AG-435-F03_a5_gnd00050	0.004556	0.011136119	99.544404	0	11	2
AG-435-F03_a5_gnd00050_p16_s3	AG-435-F03	AG-435-F03_a5_gnd00050	0.004556	0.011136119	99.544404	0	16	3
AG-435-F03_a5_gnd00050_p18_s1	AG-435-F03	AG-435-F03_a5_gnd00050	0.004556	0.011136119	99.544404	0	18	1
AG-435-F03_a5_gnd00050_p18_s4	AG-435-F03	AG-435-F03_a5_gnd00050	0.004556	0.011136119	99.544404	0	18	4
AG-435-F03_a5_gnd00050_p4_s5	AG-435-F03	AG-435-F03_a5_gnd00050	0.004556	0.011136119	99.544404	0	4	5
AG-435-F03_a5_gnd00060	AG-435-F03	AG-435-F03_a5_gnd00060	0.005423661	0.013436772	99.457634	1		
AG-435-F03_a5_gnd00060_p14_s2	AG-435-F03	AG-435-F03_a5_gnd00060	0.005424	0.013436772	99.457634	0	14	2
AG-435-F03_a5_gnd00060_p19_s4	AG-435-F03	AG-435-F03_a5_gnd00060	0.005424	0.013436772	99.457634	0	19	4
AG-435-F03_a5_gnd00060_p20_s3	AG-435-F03	AG-435-F03_a5_gnd00060	0.005424	0.013436772	99.457634	0	20	3
AG-435-F03_a5_gnd00060_p6_s1	AG-435-F03	AG-435-F03_a5_gnd00060	0.005424	0.013436772	99.457634	0	6	1
AG-435-F03_a5_gnd00060_p7_s5	AG-435-F03	AG-435-F03_a5_gnd00060	0.005424	0.013436772	99.457634	0	7	5
AG-435-F03_a5_gnd00070	AG-435-F03	AG-435-F03_a5_gnd00070	0.006362691	0.015717873	99.363731	1		
AG-435-F03_a5_gnd00070_p10_s2	AG-435-F03	AG-435-F03_a5_gnd00070	0.006363	0.015717873	99.363731	0	10	2
AG-435-F03_a5_gnd00070_p14_s1	AG-435-F03	AG-435-F03_a5_gnd00070	0.006363	0.015717873	99.363731	0	14	1
AG-435-F03_a5_gnd00070_p18_s4	AG-435-F03	AG-435-F03_a5_gnd00070	0.006363	0.015717873	99.363731	0	18	4
AG-435-F03_a5_gnd00070_p20_s5	AG-435-F03	AG-435-F03_a5_gnd00070	0.006363	0.015717873	99.363731	0	20	5
AG-435-F03_a5_gnd00070_p4_s3	AG-435-F03	AG-435-F03_a5_gnd00070	0.006363	0.015717873	99.363731	0	4	3
AG-435-F03_a5_gnd00080	AG-435-F03	AG-435-F03_a5_gnd00080	0.007256709	0.017851246	99.274329	1		
AG-435-F03_a5_gnd00080_p0_s4	AG-435-F03	AG-435-F03_a5_gnd00080	0.007257	0.017851246	99.274329	0	0	4
AG-435-F03_a5_gnd00080_p11_s5	AG-435-F03	AG-435-F03_a5_gnd00080	0.007257	0.017851246	99.274329	0	11	5
AG-435-F03_a5_gnd00080_p20_s1	AG-435-F03	AG-435-F03_a5_gnd00080	0.007257	0.017851246	99.274329	0	20	1
AG-435-F03_a5_gnd00080_p7_s2	AG-435-F03	AG-435-F03_a5_gnd00080	0.007257	0.017851246	99.274329	0	7	2
AG-435-F03_a5_gnd00080_p7_s3	AG-435-F03	AG-435-F03_a5_gnd00080	0.007257	0.017851246	99.274329	0	7	3
AG-435-F03_a5_gnd00090	AG-435-F03	AG-435-F03_a5_gnd00090	0.008159037	0.019902065	99.184096	1		
AG-435-F03_a5_gnd00090_p17_s1	AG-435-F03	AG-435-F03_a5_gnd00090	0.008159	0.019902065	99.184096	0	17	1
AG-435-F03_a5_gnd00090_p17_s3	AG-435-F03	AG-435-F03_a5_gnd00090	0.008159	0.019902065	99.184096	0	17	3
AG-435-F03_a5_gnd00090_p20_s4	AG-435-F03	AG-435-F03_a5_gnd00090	0.008159	0.019902065	99.184096	0	20	4
AG-435-F03_a5_gnd00090_p5_s2	AG-435-F03	AG-435-F03_a5_gnd00090	0.008159	0.019902065	99.184096	0	5	2
AG-435-F03_a5_gnd00090_p8_s5	AG-435-F03	AG-435-F03_a5_gnd00090	0.008159	0.019902065	99.184096	0	8	5
AG-435-F03_a5_gnd001	AG-435-F03	AG-435-F03_a5_gnd001	0.009032972	0.022159269	99.096703	1		
AG-435-F03_a5_gnd001_p13_s4	AG-435-F03	AG-435-F03_a5_gnd001	0.009033	0.022159269	99.096703	0	13	4
AG-435-F03_a5_gnd001_p14_s3	AG-435-F03	AG-435-F03_a5_gnd001	0.009033	0.022159269	99.096703	0	14	3
AG-435-F03_a5_gnd001_p19_s5	AG-435-F03	AG-435-F03_a5_gnd001	0.009033	0.022159269	99.096703	0	19	5
AG-435-F03_a5_gnd001_p4_s1	AG-435-F03	AG-435-F03_a5_gnd001	0.009033	0.022159269	99.096703	0	4	1
AG-435-F03_a5_gnd001_p9_s2	AG-435-F03	AG-435-F03_a5_gnd001	0.009033	0.022159269	99.096703	0	9	2
AG-435-F03_a5_gnd002	AG-435-F03	AG-435-F03_a5_gnd002	0.018081872	0.043497341	98.191813	1		
AG-435-F03_a5_gnd002_p10_s5	AG-435-F03	AG-435-F03_a5_gnd002	0.018082	0.043497341	98.191813	0	10	5
AG-435-F03_a5_gnd002_p11_s2	AG-435-F03	AG-435-F03_a5_gnd002	0.018082	0.043497341	98.191813	0	11	2
AG-435-F03_a5_gnd002_p13_s1	AG-435-F03	AG-435-F03_a5_gnd002	0.018082	0.043497341	98.191813	0	13	1
AG-435-F03_a5_gnd002_p19_s3	AG-435-F03	AG-435-F03_a5_gnd002	0.018082	0.043497341	98.191813	0	19	3
AG-435-F03_a5_gnd002_p9_s4	AG-435-F03	AG-435-F03_a5_gnd002	0.018082	0.043497341	98.191813	0	9	4
AG-435-F03_a5_gnd003	AG-435-F03	AG-435-F03_a5_gnd003	0.027124539	0.064718099	97.287546	1		
AG-435-F03_a5_gnd003_p10_s5	AG-435-F03	AG-435-F03_a5_gnd003	0.027125	0.064718099	97.287546	0	10	5
AG-435-F03_a5_gnd003_p12_s1	AG-435-F03	AG-435-F03_a5_gnd003	0.027125	0.064718099	97.287546	0	12	1
AG-435-F03_a5_gnd003_p19_s3	AG-435-F03	AG-435-F03_a5_gnd003	0.027125	0.064718099	97.287546	0	19	3
AG-435-F03_a5_gnd003_p19_s4	AG-435-F03	AG-435-F03_a5_gnd003	0.027125	0.064718099	97.287546	0	19	4
AG-435-F03_a5_gnd003_p4_s2	AG-435-F03	AG-435-F03_a5_gnd003	0.027125	0.064718099	97.287546	0	4	2
AG-435-F03_a5_gnd004	AG-435-F03	AG-435-F03_a5_gnd004	0.036192136	0.085337082	96.380786	1		
AG-435-F03_a5_gnd004_p10_s3	AG-435-F03	AG-435-F03_a5_gnd004	0.036192	0.085337082	96.380786	0	10	3
AG-435-F03_a5_gnd004_p13_s4	AG-435-F03	AG-435-F03_a5_gnd004	0.036192	0.085337082	96.380786	0	13	4
AG-435-F03_a5_gnd004_p17_s5	AG-435-F03	AG-435-F03_a5_gnd004	0.036192	0.085337082	96.380786	0	17	5
AG-435-F03_a5_gnd004_p18_s1	AG-435-F03	AG-435-F03_a5_gnd004	0.036192	0.085337082	96.380786	0	18	1
AG-435-F03_a5_gnd004_p20_s2	AG-435-F03	AG-435-F03_a5_gnd004	0.036192	0.085337082	96.380786	0	20	2
AG-435-F03_a5_gnd005	AG-435-F03	AG-435-F03_a5_gnd005	0.045245883	0.106032101	95.475412	1		
AG-435-F03_a5_gnd005_p19_s1	AG-435-F03	AG-435-F03_a5_gnd005	0.045246	0.106032101	95.475412	0	19	1
AG-435-F03_a5_gnd005_p19_s5	AG-435-F03	AG-435-F03_a5_gnd005	0.045246	0.106032101	95.475412	0	19	5
AG-435-F03_a5_gnd005_p20_s2	AG-435-F03	AG-435-F03_a5_gnd005	0.045246	0.106032101	95.475412	0	20	2
AG-435-F03_a5_gnd005_p5_s4	AG-435-F03	AG-435-F03_a5_gnd005	0.045246	0.106032101	95.475412	0	5	4
AG-435-F03_a5_gnd005_p9_s3	AG-435-F03	AG-435-F03_a5_gnd005	0.045246	0.106032101	95.475412	0	9	3
AG-435-F03_a5_gnd006	AG-435-F03	AG-435-F03_a5_gnd006	0.054310017	0.125962407	94.568998	1		
AG-435-F03_a5_gnd006_p10_s3	AG-435-F03	AG-435-F03_a5_gnd006	0.054310	0.125962407	94.568998	0	10	3
AG-435-F03_a5_gnd006_p10_s5	AG-435-F03	AG-435-F03_a5_gnd006	0.054310	0.125962407	94.568998	0	10	5
AG-435-F03_a5_gnd006_p16_s2	AG-435-F03	AG-435-F03_a5_gnd006	0.054310	0.125962407	94.568998	0	16	2
AG-435-F03_a5_gnd006_p3_s4	AG-435-F03	AG-435-F03_a5_gnd006	0.054310	0.125962407	94.568998	0	3	4
AG-435-F03_a5_gnd006_p6_s1	AG-435-F03	AG-435-F03_a5_gnd006	0.054310	0.125962407	94.568998	0	6	1
AG-435-F03_a5_gnd007	AG-435-F03	AG-435-F03_a5_gnd007	0.063457944	0.145983958	93.654206	1		
AG-435-F03_a5_gnd007_p11_s1	AG-435-F03	AG-435-F03_a5_gnd007	0.063458	0.145983958	93.654206	0	11	1
AG-435-F03_a5_gnd007_p17_s5	AG-435-F03	AG-435-F03_a5_gnd007	0.063458	0.145983958	93.654206	0	17	5
AG-435-F03_a5_gnd007_p18_s3	AG-435-F03	AG-435-F03_a5_gnd007	0.063458	0.145983958	93.654206	0	18	3
AG-435-F03_a5_gnd007_p19_s4	AG-435-F03	AG-435-F03_a5_gnd007	0.063458	0.145983958	93.654206	0	19	4
AG-435-F03_a5_gnd007_p6_s2	AG-435-F03	AG-435-F03_a5_gnd007	0.063458	0.145983958	93.654206	0	6	2
AG-435-F03_a5_gnd008	AG-435-F03	AG-435-F03_a5_gnd008	0.072578171	0.165240797	92.742183	1		
AG-435-F03_a5_gnd008_p14_s4	AG-435-F03	AG-435-F03_a5_gnd008	0.072578	0.165240797	92.742183	0	14	4
AG-435-F03_a5_gnd008_p15_s5	AG-435-F03	AG-435-F03_a5_gnd008	0.072578	0.165240797	92.742183	0	15	5
AG-435-F03_a5_gnd008_p16_s3	AG-435-F03	AG-435-F03_a5_gnd008	0.072578	0.165240797	92.742183	0	16	3
AG-435-F03_a5_gnd008_p4_s1	AG-435-F03	AG-435-F03_a5_gnd008	0.072578	0.165240797	92.742183	0	4	1
AG-435-F03_a5_gnd008_p9_s2	AG-435-F03	AG-435-F03_a5_gnd008	0.072578	0.165240797	92.742183	0	9	2
AG-435-F03_a5_gnd009	AG-435-F03	AG-435-F03_a5_gnd009	0.081455331	0.184186972	91.854467	1		
AG-435-F03_a5_gnd009_p11_s3	AG-435-F03	AG-435-F03_a5_gnd009	0.081455	0.184186972	91.854467	0	11	3
AG-435-F03_a5_gnd009_p16_s1	AG-435-F03	AG-435-F03_a5_gnd009	0.081455	0.184186972	91.854467	0	16	1
AG-435-F03_a5_gnd009_p7_s2	AG-435-F03	AG-435-F03_a5_gnd009	0.081455	0.184186972	91.854467	0	7	2
AG-435-F03_a5_gnd009_p8_s4	AG-435-F03	AG-435-F03_a5_gnd009	0.081455	0.184186972	91.854467	0	8	4
AG-435-F03_a5_gnd009_p8_s5	AG-435-F03	AG-435-F03_a5_gnd009	0.081455	0.184186972	91.854467	0	8	5
AG-435-F03_a5_gnd010	AG-435-F03	AG-435-F03_a5_gnd010	0.090611568	0.202646512	90.938843	1		
AG-435-F03_a5_gnd010_p16_s1	AG-435-F03	AG-435-F03_a5_gnd010	0.090612	0.202646512	90.938843	0	16	1
AG-435-F03_a5_gnd010_p16_s4	AG-435-F03	AG-435-F03_a5_gnd010	0.090612	0.202646512	90.938843	0	16	4
AG-435-F03_a5_gnd010_p20_s2	AG-435-F03	AG-435-F03_a5_gnd010	0.090612	0.202646512	90.938843	0	20	2
AG-435-F03_a5_gnd010_p2_s3	AG-435-F03	AG-435-F03_a5_gnd010	0.090612	0.202646512	90.938843	0	2	3
AG-435-F03_a5_gnd010_p7_s5	AG-435-F03	AG-435-F03_a5_gnd010	0.090612	0.202646512	90.938843	0	7	5
AG-435-F03_a5_gnd011	AG-435-F03	AG-435-F03_a5_gnd011	0.099627920	0.221271160	90.037208	1		
AG-435-F03_a5_gnd011_p10_s1	AG-435-F03	AG-435-F03_a5_gnd011	0.099628	0.221271160	90.037208	0	10	1
AG-435-F03_a5_gnd011_p11_s5	AG-435-F03	AG-435-F03_a5_gnd011	0.099628	0.221271160	90.037208	0	11	5
AG-435-F03_a5_gnd011_p14_s3	AG-435-F03	AG-435-F03_a5_gnd011	0.099628	0.221271160	90.037208	0	14	3
AG-435-F03_a5_gnd011_p19_s4	AG-435-F03	AG-435-F03_a5_gnd011	0.099628	0.221271160	90.037208	0	19	4
AG-435-F03_a5_gnd011_p4_s2	AG-435-F03	AG-435-F03_a5_gnd011	0.099628	0.221271160	90.037208	0	4	2
AG-435-F03_a5_gnd012	AG-435-F03	AG-435-F03_a5_gnd012	0.108708674	0.239126751	89.129133	1		
AG-435-F03_a5_gnd012_p10_s5	AG-435-F03	AG-435-F03_a5_gnd012	0.108709	0.239126751	89.129133	0	10	5
AG-435-F03_a5_gnd012_p13_s4	AG-435-F03	AG-435-F03_a5_gnd012	0.108709	0.239126751	89.129133	0	13	4
AG-435-F03_a5_gnd012_p16_s3	AG-435-F03	AG-435-F03_a5_gnd012	0.108709	0.239126751	89.129133	0	16	3
AG-435-F03_a5_gnd012_p4_s1	AG-435-F03	AG-435-F03_a5_gnd012	0.108709	0.239126751	89.129133	0	4	1
AG-435-F03_a5_gnd012_p8_s2	AG-435-F03	AG-435-F03_a5_gnd012	0.108709	0.239126751	89.129133	0	8	2
AG-435-F03_a5_gnd013	AG-435-F03	AG-435-F03_a5_gnd013	0.117961861	0.257303869	88.203814	1		
AG-435-F03_a5_gnd013_p13_s5	AG-435-F03	AG-435-F03_a5_gnd013	0.117962	0.257303869	88.203814	0	13	5
AG-435-F03_a5_gnd013_p14_s2	AG-435-F03	AG-435-F03_a5_gnd013	0.117962	0.257303869	88.203814	0	14	2
AG-435-F03_a5_gnd013_p18_s1	AG-435-F03	AG-435-F03_a5_gnd013	0.117962	0.257303869	88.203814	0	18	1
AG-435-F03_a5_gnd013_p20_s3	AG-435-F03	AG-435-F03_a5_gnd013	0.117962	0.257303869	88.203814	0	20	3
AG-435-F03_a5_gnd013_p20_s4	AG-435-F03	AG-435-F03_a5_gnd013	0.117962	0.257303869	88.203814	0	20	4
AG-435-F03_a5_gnd014	AG-435-F03	AG-435-F03_a5_gnd014	0.126921428	0.273740832	87.307857	1		
AG-435-F03_a5_gnd014_p10_s4	AG-435-F03	AG-435-F03_a5_gnd014	0.126921	0.273740832	87.307857	0	10	4
AG-435-F03_a5_gnd014_p14_s2	AG-435-F03	AG-435-F03_a5_gnd014	0.126921	0.273740832	87.307857	0	14	2
AG-435-F03_a5_gnd014_p16_s3	AG-435-F03	AG-435-F03_a5_gnd014	0.126921	0.273740832	87.307857	0	16	3
AG-435-F03_a5_gnd014_p19_s1	AG-435-F03	AG-435-F03_a5_gnd014	0.126921	0.273740832	87.307857	0	19	1
AG-435-F03_a5_gnd014_p19_s5	AG-435-F03	AG-435-F03_a5_gnd014	0.126921	0.273740832	87.307857	0	19	5
AG-435-F03_a5_gnd015	AG-435-F03	AG-435-F03_a5_gnd015	0.136061738	0.291516042	86.393826	1		
AG-435-F03_a5_gnd015_p0_s3	AG-435-F03	AG-435-F03_a5_gnd015	0.136062	0.291516042	86.393826	0	0	3
AG-435-F03_a5_gnd015_p15_s4	AG-435-F03	AG-435-F03_a5_gnd015	0.136062	0.291516042	86.393826	0	15	4
AG-435-F03_a5_gnd015_p16_s2	AG-435-F03	AG-435-F03_a5_gnd015	0.136062	0.291516042	86.393826	0	16	2
AG-435-F03_a5_gnd015_p17_s1	AG-435-F03	AG-435-F03_a5_gnd015	0.136062	0.291516042	86.393826	0	17	1
AG-435-F03_a5_gnd015_p18_s5	AG-435-F03	AG-435-F03_a5_gnd015	0.136062	0.291516042	86.393826	0	18	5
AG-435-F03_a5_gnd016	AG-435-F03	AG-435-F03_a5_gnd016	0.144965212	0.308291911	85.503479	1		
AG-435-F03_a5_gnd016_p10_s3	AG-435-F03	AG-435-F03_a5_gnd016	0.144965	0.308291911	85.503479	0	10	3
AG-435-F03_a5_gnd016_p10_s4	AG-435-F03	AG-435-F03_a5_gnd016	0.144965	0.308291911	85.503479	0	10	4
AG-435-F03_a5_gnd016_p13_s2	AG-435-F03	AG-435-F03_a5_gnd016	0.144965	0.308291911	85.503479	0	13	2
AG-435-F03_a5_gnd016_p15_s1	AG-435-F03	AG-435-F03_a5_gnd016	0.144965	0.308291911	85.503479	0	15	1
AG-435-F03_a5_gnd016_p17_s5	AG-435-F03	AG-435-F03_a5_gnd016	0.144965	0.308291911	85.503479	0	17	5
AG-435-F03_a5_gnd017	AG-435-F03	AG-435-F03_a5_gnd017	0.154175464	0.323951128	84.582454	1		
AG-435-F03_a5_gnd017_p10_s5	AG-435-F03	AG-435-F03_a5_gnd017	0.154175	0.323951128	84.582454	0	10	5
AG-435-F03_a5_gnd017_p11_s4	AG-435-F03	AG-435-F03_a5_gnd017	0.154175	0.323951128	84.582454	0	11	4
AG-435-F03_a5_gnd017_p13_s2	AG-435-F03	AG-435-F03_a5_gnd017	0.154175	0.323951128	84.582454	0	13	2
AG-435-F03_a5_gnd017_p16_s3	AG-435-F03	AG-435-F03_a5_gnd017	0.154175	0.323951128	84.582454	0	16	3
AG-435-F03_a5_gnd017_p20_s1	AG-435-F03	AG-435-F03_a5_gnd017	0.154175	0.323951128	84.582454	0	20	1
AG-435-F03_a5_gnd018	AG-435-F03	AG-435-F03_a5_gnd018	0.163334471	0.340648789	83.666553	1		
AG-435-F03_a5_gnd018_p10_s2	AG-435-F03	AG-435-F03_a5_gnd018	0.163334	0.340648789	83.666553	0	10	2
AG-435-F03_a5_gnd018_p10_s4	AG-435-F03	AG-435-F03_a5_gnd018	0.163334	0.340648789	83.666553	0	10	4
AG-435-F03_a5_gnd018_p19_s5	AG-435-F03	AG-435-F03_a5_gnd018	0.163334	0.340648789	83.666553	0	19	5
AG-435-F03_a5_gnd018_p4_s3	AG-435-F03	AG-435-F03_a5_gnd018	0.163334	0.340648789	83.666553	0	4	3
AG-435-F03_a5_gnd018_p9_s1	AG-435-F03	AG-435-F03_a5_gnd018	0.163334	0.340648789	83.666553	0	9	1
AG-435-F03_a5_gnd019	AG-435-F03	AG-435-F03_a5_gnd019	0.172463008	0.356314523	82.753699	1		
AG-435-F03_a5_gnd019_p13_s2	AG-435-F03	AG-435-F03_a5_gnd019	0.172463	0.356314523	82.753699	0	13	2
AG-435-F03_a5_gnd019_p14_s3	AG-435-F03	AG-435-F03_a5_gnd019	0.172463	0.356314523	82.753699	0	14	3
AG-435-F03_a5_gnd019_p5_s5	AG-435-F03	AG-435-F03_a5_gnd019	0.172463	0.356314523	82.753699	0	5	5
AG-435-F03_a5_gnd019_p7_s4	AG-435-F03	AG-435-F03_a5_gnd019	0.172463	0.356314523	82.753699	0	7	4
AG-435-F03_a5_gnd019_p8_s1	AG-435-F03	AG-435-F03_a5_gnd019	0.172463	0.356314523	82.753699	0	8	1
AG-435-F03_a5_gnd020	AG-435-F03	AG-435-F03_a5_gnd020	0.181478668	0.371502312	81.852133	1		
AG-435-F03_a5_gnd020_p18_s2	AG-435-F03	AG-435-F03_a5_gnd020	0.181479	0.371502312	81.852133	0	18	2
AG-435-F03_a5_gnd020_p18_s5	AG-435-F03	AG-435-F03_a5_gnd020	0.181479	0.371502312	81.852133	0	18	5
AG-435-F03_a5_gnd020_p19_s1	AG-435-F03	AG-435-F03_a5_gnd020	0.181479	0.371502312	81.852133	0	19	1
AG-435-F03_a5_gnd020_p20_s3	AG-435-F03	AG-435-F03_a5_gnd020	0.181479	0.371502312	81.852133	0	20	3
AG-435-F03_a5_gnd020_p20_s4	AG-435-F03	AG-435-F03_a5_gnd020	0.181479	0.371502312	81.852133	0	20	4
AG-891-G05_a22_gnd00000	AG-891-G05	AG-891-G05_a22_gnd00000	0.000000000	0.000530108	100.000000	1		
AG-891-G05_a22_gnd00005	AG-891-G05	AG-891-G05_a22_gnd00005	0.000454899	0.001613042	99.954510	1		
AG-891-G05_a22_gnd00010	AG-891-G05	AG-891-G05_a22_gnd00010	0.000897721	0.002751511	99.910228	1		
AG-891-G05_a22_gnd00020	AG-891-G05	AG-891-G05_a22_gnd00020	0.001820401	0.005020876	99.817960	1		
AG-891-G05_a22_gnd00030	AG-891-G05	AG-891-G05_a22_gnd00030	0.002704435	0.007126161	99.729557	1		
AG-891-G05_a22_gnd00040	AG-891-G05	AG-891-G05_a22_gnd00040	0.003631141	0.009405623	99.636886	1		
AG-891-G05_a22_gnd00050	AG-891-G05	AG-891-G05_a22_gnd00050	0.004482164	0.011427605	99.551784	1		
AG-891-G05_a22_gnd00060	AG-891-G05	AG-891-G05_a22_gnd00060	0.005419336	0.013795419	99.458066	1		
AG-891-G05_a22_gnd00070	AG-891-G05	AG-891-G05_a22_gnd00070	0.006344432	0.016009249	99.365557	1		
AG-891-G05_a22_gnd00080	AG-891-G05	AG-891-G05_a22_gnd00080	0.007239737	0.018165020	99.276026	1		
AG-891-G05_a22_gnd00090	AG-891-G05	AG-891-G05_a22_gnd00090	0.008157587	0.020366229	99.184241	1		
AG-891-G05_a22_gnd001	AG-891-G05	AG-891-G05_a22_gnd001	0.009037595	0.022655789	99.096241	1		
AG-891-G05_a22_gnd002	AG-891-G05	AG-891-G05_a22_gnd002	0.018127523	0.044311946	98.187248	1		
AG-891-G05_a22_gnd003	AG-891-G05	AG-891-G05_a22_gnd003	0.027095071	0.065314303	97.290493	1		
AG-891-G05_a22_gnd004	AG-891-G05	AG-891-G05_a22_gnd004	0.036177754	0.086710455	96.382225	1		
AG-891-G05_a22_gnd005	AG-891-G05	AG-891-G05_a22_gnd005	0.045167846	0.107119597	95.483215	1		
AG-891-G05_a22_gnd006	AG-891-G05	AG-891-G05_a22_gnd006	0.054325405	0.127975544	94.567460	1		
AG-891-G05_a22_gnd007	AG-891-G05	AG-891-G05_a22_gnd007	0.063317107	0.147910114	93.668289	1		
AG-891-G05_a22_gnd008	AG-891-G05	AG-891-G05_a22_gnd008	0.072351482	0.167460987	92.764852	1		
AG-891-G05_a22_gnd009	AG-891-G05	AG-891-G05_a22_gnd009	0.081434164	0.187198659	91.856584	1		
AG-891-G05_a22_gnd010	AG-891-G05	AG-891-G05_a22_gnd010	0.090488666	0.206143694	90.951133	1		
AG-891-G05_a22_gnd011	AG-891-G05	AG-891-G05_a22_gnd011	0.099512574	0.224530855	90.048743	1		
AG-891-G05_a22_gnd012	AG-891-G05	AG-891-G05_a22_gnd012	0.108670938	0.243183069	89.132906	1		
AG-891-G05_a22_gnd013	AG-891-G05	AG-891-G05_a22_gnd013	0.117729466	0.261630813	88.227053	1		
AG-891-G05_a22_gnd014	AG-891-G05	AG-891-G05_a22_gnd014	0.126701040	0.278750764	87.329896	1		
AG-891-G05_a22_gnd015	AG-891-G05	AG-891-G05_a22_gnd015	0.135751517	0.296991513	86.424848	1		
AG-891-G05_a22_gnd016	AG-891-G05	AG-891-G05_a22_gnd016	0.144908271	0.313747962	85.509173	1		
AG-891-G05_a22_gnd017	AG-891-G05	AG-891-G05_a22_gnd017	0.153958748	0.331319766	84.604125	1		
AG-891-G05_a22_gnd018	AG-891-G05	AG-891-G05_a22_gnd018	0.162952866	0.347243188	83.704713	1		
AG-891-G05_a22_gnd019	AG-891-G05	AG-891-G05_a22_gnd019	0.172112841	0.363350886	82.788716	1		
AG-891-G05_a22_gnd020	AG-891-G05	AG-891-G05_a22_gnd020	0.181234974	0.380125004	81.876503	1		
AG-891-G05_a5_gnd00000	AG-891-G05	AG-891-G05_a5_gnd00000	0.000000000	0.000530108	100.000000	1		
AG-891-G05_a5_gnd00000_p10_s5	AG-891-G05	AG-891-G05_a5_gnd00000	0.000000	0.000530108	100.000000	0	10	5
AG-891-G05_a5_gnd00000_p13_s3	AG-891-G05	AG-891-G05_a5_gnd00000	0.000000	0.000530108	100.000000	0	13	3
AG-891-G05_a5_gnd00000_p15_s4	AG-891-G05	AG-891-G05_a5_gnd00000	0.000000	0.000530108	100.000000	0	15	4
AG-891-G05_a5_gnd00000_p16_s2	AG-891-G05	AG-891-G05_a5_gnd00000	0.000000	0.000530108	100.000000	0	16	2
AG-891-G05_a5_gnd00000_p19_s1	AG-891-G05	AG-891-G05_a5_gnd00000	0.000000	0.000530108	100.000000	0	19	1
AG-891-G05_a5_gnd00005	AG-891-G05	AG-891-G05_a5_gnd00005	0.000454899	0.001653431	99.954510	1		
AG-891-G05_a5_gnd00005_p12_s1	AG-891-G05	AG-891-G05_a5_gnd00005	0.000455	0.001653431	99.954510	0	12	1
AG-891-G05_a5_gnd00005_p12_s4	AG-891-G05	AG-891-G05_a5_gnd00005	0.000455	0.001653431	99.954510	0	12	4
AG-891-G05_a5_gnd00005_p13_s2	AG-891-G05	AG-891-G05_a5_gnd00005	0.000455	0.001653431	99.954510	0	13	2
AG-891-G05_a5_gnd00005_p20_s5	AG-891-G05	AG-891-G05_a5_gnd00005	0.000455	0.001653431	99.954510	0	20	5
AG-891-G05_a5_gnd00005_p7_s3	AG-891-G05	AG-891-G05_a5_gnd00005	0.000455	0.001653431	99.954510	0	7	3
AG-891-G05_a5_gnd00010	AG-891-G05	AG-891-G05_a5_gnd00010	0.000894500	0.002746462	99.910550	1		
AG-891-G05_a5_gnd00010_p12_s3	AG-891-G05	AG-891-G05_a5_gnd00010	0.000895	0.002746462	99.910550	0	12	3
AG-891-G05_a5_gnd00010_p13_s1	AG-891-G05	AG-891-G05_a5_gnd00010	0.000895	0.002746462	99.910550	0	13	1
AG-891-G05_a5_gnd00010_p13_s4	AG-891-G05	AG-891-G05_a5_gnd00010	0.000895	0.002746462	99.910550	0	13	4
AG-891-G05_a5_gnd00010_p14_s2	AG-891-G05	AG-891-G05_a5_gnd00010	0.000895	0.002746462	99.910550	0	14	2
AG-891-G05_a5_gnd00010_p16_s5	AG-891-G05	AG-891-G05_a5_gnd00010	0.000895	0.002746462	99.910550	0	16	5
AG-891-G05_a5_gnd00020	AG-891-G05	AG-891-G05_a5_gnd00020	0.001805909	0.004977963	99.819409	1		
AG-891-G05_a5_gnd00020_p10_s5	AG-891-G05	AG-891-G05_a5_gnd00020	0.001806	0.004977963	99.819409	0	10	5
AG-891-G05_a5_gnd00020_p11_s2	AG-891-G05	AG-891-G05_a5_gnd00020	0.001806	0.004977963	99.819409	0	11	2
AG-891-G05_a5_gnd00020_p15_s1	AG-891-G05	AG-891-G05_a5_gnd00020	0.001806	0.004977963	99.819409	0	15	1
AG-891-G05_a5_gnd00020_p18_s4	AG-891-G05	AG-891-G05_a5_gnd00020	0.001806	0.004977963	99.819409	0	18	4
AG-891-G05_a5_gnd00020_p5_s3	AG-891-G05	AG-891-G05_a5_gnd00020	0.001806	0.004977963	99.819409	0	5	3
AG-891-G05_a5_gnd00030	AG-891-G05	AG-891-G05_a5_gnd00030	0.002714902	0.007164025	99.728510	1		
AG-891-G05_a5_gnd00030_p11_s4	AG-891-G05	AG-891-G05_a5_gnd00030	0.002715	0.007164025	99.728510	0	11	4
AG-891-G05_a5_gnd00030_p15_s2	AG-891-G05	AG-891-G05_a5_gnd00030	0.002715	0.007164025	99.728510	0	15	2
AG-891-G05_a5_gnd00030_p17_s5	AG-891-G05	AG-891-G05_a5_gnd00030	0.002715	0.007164025	99.728510	0	17	5
AG-891-G05_a5_gnd00030_p18_s3	AG-891-G05	AG-891-G05_a5_gnd00030	0.002715	0.007164025	99.728510	0	18	3
AG-891-G05_a5_gnd00030_p20_s1	AG-891-G05	AG-891-G05_a5_gnd00030	0.002715	0.007164025	99.728510	0	20	1
AG-891-G05_a5_gnd00040	AG-891-G05	AG-891-G05_a5_gnd00040	0.003618258	0.009390477	99.638174	1		
AG-891-G05_a5_gnd00040_p15_s5	AG-891-G05	AG-891-G05_a5_gnd00040	0.003618	0.009390477	99.638174	0	15	5
AG-891-G05_a5_gnd00040_p17_s2	AG-891-G05	AG-891-G05_a5_gnd00040	0.003618	0.009390477	99.638174	0	17	2
AG-891-G05_a5_gnd00040_p18_s1	AG-891-G05	AG-891-G05_a5_gnd00040	0.003618	0.009390477	99.638174	0	18	1
AG-891-G05_a5_gnd00040_p19_s3	AG-891-G05	AG-891-G05_a5_gnd00040	0.003618	0.009390477	99.638174	0	19	3
AG-891-G05_a5_gnd00040_p9_s4	AG-891-G05	AG-891-G05_a5_gnd00040	0.003618	0.009390477	99.638174	0	9	4
AG-891-G05_a5_gnd00050	AG-891-G05	AG-891-G05_a5_gnd00050	0.004506318	0.011483140	99.549368	1		
AG-891-G05_a5_gnd00050_p0_s3	AG-891-G05	AG-891-G05_a5_gnd00050	0.004506	0.011483140	99.549368	0	0	3
AG-891-G05_a5_gnd00050_p2_s5	AG-891-G05	AG-891-G05_a5_gnd00050	0.004506	0.011483140	99.549368	0	2	5
AG-891-G05_a5_gnd00050_p4_s2	AG-891-G05	AG-891-G05_a5_gnd00050	0.004506	0.011483140	99.549368	0	4	2
AG-891-G05_a5_gnd00050_p7_s1	AG-891-G05	AG-891-G05_a5_gnd00050	0.004506	0.011483140	99.549368	0	7	1
AG-891-G05_a5_gnd00050_p7_s4	AG-891-G05	AG-891-G05_a5_gnd00050	0.004506	0.011483140	99.549368	0	7	4
AG-891-G05_a5_gnd00060	AG-891-G05	AG-891-G05_a5_gnd00060	0.005425777	0.013671727	99.457422	1		
AG-891-G05_a5_gnd00060_p14_s2	AG-891-G05	AG-891-G05_a5_gnd00060	0.005426	0.013671727	99.457422	0	14	2
AG-891-G05_a5_gnd00060_p16_s4	AG-891-G05	AG-891-G05_a5_gnd00060	0.005426	0.013671727	99.457422	0	16	4
AG-891-G05_a5_gnd00060_p18_s3	AG-891-G05	AG-891-G05_a5_gnd00060	0.005426	0.013671727	99.457422	0	18	3
AG-891-G05_a5_gnd00060_p18_s5	AG-891-G05	AG-891-G05_a5_gnd00060	0.005426	0.013671727	99.457422	0	18	5
AG-891-G05_a5_gnd00060_p7_s1	AG-891-G05	AG-891-G05_a5_gnd00060	0.005426	0.013671727	99.457422	0	7	1
AG-891-G05_a5_gnd00070	AG-891-G05	AG-891-G05_a5_gnd00070	0.006333160	0.016047114	99.366684	1		
AG-891-G05_a5_gnd00070_p12_s1	AG-891-G05	AG-891-G05_a5_gnd00070	0.006333	0.016047114	99.366684	0	12	1
AG-891-G05_a5_gnd00070_p13_s4	AG-891-G05	AG-891-G05_a5_gnd00070	0.006333	0.016047114	99.366684	0	13	4
AG-891-G05_a5_gnd00070_p13_s5	AG-891-G05	AG-891-G05_a5_gnd00070	0.006333	0.016047114	99.366684	0	13	5
AG-891-G05_a5_gnd00070_p14_s3	AG-891-G05	AG-891-G05_a5_gnd00070	0.006333	0.016047114	99.366684	0	14	3
AG-891-G05_a5_gnd00070_p20_s2	AG-891-G05	AG-891-G05_a5_gnd00070	0.006333	0.016047114	99.366684	0	20	2
AG-891-G05_a5_gnd00080	AG-891-G05	AG-891-G05_a5_gnd00080	0.007247789	0.017902490	99.275221	1		
AG-891-G05_a5_gnd00080_p0_s3	AG-891-G05	AG-891-G05_a5_gnd00080	0.007248	0.017902490	99.275221	0	0	3
AG-891-G05_a5_gnd00080_p13_s1	AG-891-G05	AG-891-G05_a5_gnd00080	0.007248	0.017902490	99.275221	0	13	1
AG-891-G05_a5_gnd00080_p18_s4	AG-891-G05	AG-891-G05_a5_gnd00080	0.007248	0.017902490	99.275221	0	18	4
AG-891-G05_a5_gnd00080_p19_s5	AG-891-G05	AG-891-G05_a5_gnd00080	0.007248	0.017902490	99.275221	0	19	5
AG-891-G05_a5_gnd00080_p6_s2	AG-891-G05	AG-891-G05_a5_gnd00080	0.007248	0.017902490	99.275221	0	6	2
AG-891-G05_a5_gnd00090	AG-891-G05	AG-891-G05_a5_gnd00090	0.008136653	0.020262731	99.186335	1		
AG-891-G05_a5_gnd00090_p10_s4	AG-891-G05	AG-891-G05_a5_gnd00090	0.008137	0.020262731	99.186335	0	10	4
AG-891-G05_a5_gnd00090_p10_s5	AG-891-G05	AG-891-G05_a5_gnd00090	0.008137	0.020262731	99.186335	0	10	5
AG-891-G05_a5_gnd00090_p11_s2	AG-891-G05	AG-891-G05_a5_gnd00090	0.008137	0.020262731	99.186335	0	11	2
AG-891-G05_a5_gnd00090_p7_s3	AG-891-G05	AG-891-G05_a5_gnd00090	0.008137	0.020262731	99.186335	0	7	3
AG-891-G05_a5_gnd00090_p9_s1	AG-891-G05	AG-891-G05_a5_gnd00090	0.008137	0.020262731	99.186335	0	9	1
AG-891-G05_a5_gnd001	AG-891-G05	AG-891-G05_a5_gnd001	0.009030349	0.022501805	99.096965	1		
AG-891-G05_a5_gnd001_p0_s1	AG-891-G05	AG-891-G05_a5_gnd001	0.009030	0.022501805	99.096965	0	0	1
AG-891-G05_a5_gnd001_p0_s3	AG-891-G05	AG-891-G05_a5_gnd001	0.009030	0.022501805	99.096965	0	0	3
AG-891-G05_a5_gnd001_p14_s5	AG-891-G05	AG-891-G05_a5_gnd001	0.009030	0.022501805	99.096965	0	14	5
AG-891-G05_a5_gnd001_p18_s2	AG-891-G05	AG-891-G05_a5_gnd001	0.009030	0.022501805	99.096965	0	18	2
AG-891-G05_a5_gnd001_p9_s4	AG-891-G05	AG-891-G05_a5_gnd001	0.009030	0.022501805	99.096965	0	9	4
AG-891-G05_a5_gnd002	AG-891-G05	AG-891-G05_a5_gnd002	0.018060697	0.044059513	98.193930	1		
AG-891-G05_a5_gnd002_p12_s3	AG-891-G05	AG-891-G05_a5_gnd002	0.018061	0.044059513	98.193930	0	12	3
AG-891-G05_a5_gnd002_p14_s1	AG-891-G05	AG-891-G05_a5_gnd002	0.018061	0.044059513	98.193930	0	14	1
AG-891-G05_a5_gnd002_p19_s4	AG-891-G05	AG-891-G05_a5_gnd002	0.018061	0.044059513	98.193930	0	19	4
AG-891-G05_a5_gnd002_p20_s5	AG-891-G05	AG-891-G05_a5_gnd002	0.018061	0.044059513	98.193930	0	20	5
AG-891-G05_a5_gnd002_p3_s2	AG-891-G05	AG-891-G05_a5_gnd002	0.018061	0.044059513	98.193930	0	3	2
AG-891-G05_a5_gnd003	AG-891-G05	AG-891-G05_a5_gnd003	0.027036297	0.065054298	97.296370	1		
AG-891-G05_a5_gnd003_p14_s4	AG-891-G05	AG-891-G05_a5_gnd003	0.027036	0.065054298	97.296370	0	14	4
AG-891-G05_a5_gnd003_p15_s1	AG-891-G05	AG-891-G05_a5_gnd003	0.027036	0.065054298	97.296370	0	15	1
AG-891-G05_a5_gnd003_p17_s3	AG-891-G05	AG-891-G05_a5_gnd003	0.027036	0.065054298	97.296370	0	17	3
AG-891-G05_a5_gnd003_p20_s5	AG-891-G05	AG-891-G05_a5_gnd003	0.027036	0.065054298	97.296370	0	20	5
AG-891-G05_a5_gnd003_p5_s2	AG-891-G05	AG-891-G05_a5_gnd003	0.027036	0.065054298	97.296370	0	5	2
AG-891-G05_a5_gnd004	AG-891-G05	AG-891-G05_a5_gnd004	0.036213984	0.086675115	96.378602	1		
AG-891-G05_a5_gnd004_p0_s5	AG-891-G05	AG-891-G05_a5_gnd004	0.036214	0.086675115	96.378602	0	0	5
AG-891-G05_a5_gnd004_p12_s3	AG-891-G05	AG-891-G05_a5_gnd004	0.036214	0.086675115	96.378602	0	12	3
AG-891-G05_a5_gnd004_p18_s1	AG-891-G05	AG-891-G05_a5_gnd004	0.036214	0.086675115	96.378602	0	18	1
AG-891-G05_a5_gnd004_p4_s4	AG-891-G05	AG-891-G05_a5_gnd004	0.036214	0.086675115	96.378602	0	4	4
AG-891-G05_a5_gnd004_p8_s2	AG-891-G05	AG-891-G05_a5_gnd004	0.036214	0.086675115	96.378602	0	8	2
AG-891-G05_a5_gnd005	AG-891-G05	AG-891-G05_a5_gnd005	0.045187974	0.106859592	95.481203	1		
AG-891-G05_a5_gnd005_p13_s1	AG-891-G05	AG-891-G05_a5_gnd005	0.045188	0.106859592	95.481203	0	13	1
AG-891-G05_a5_gnd005_p15_s5	AG-891-G05	AG-891-G05_a5_gnd005	0.045188	0.106859592	95.481203	0	15	5
AG-891-G05_a5_gnd005_p4_s3	AG-891-G05	AG-891-G05_a5_gnd005	0.045188	0.106859592	95.481203	0	4	3
AG-891-G05_a5_gnd005_p5_s4	AG-891-G05	AG-891-G05_a5_gnd005	0.045188	0.106859592	95.481203	0	5	4
AG-891-G05_a5_gnd005_p7_s2	AG-891-G05	AG-891-G05_a5_gnd005	0.045188	0.106859592	95.481203	0	7	2
AG-891-G05_a5_gnd006	AG-891-G05	AG-891-G05_a5_gnd006	0.054360026	0.126877464	94.563997	1		
AG-891-G05_a5_gnd006_p15_s4	AG-891-G05	AG-891-G05_a5_gnd006	0.054360	0.126877464	94.563997	0	15	4
AG-891-G05_a5_gnd006_p18_s3	AG-891-G05	AG-891-G05_a5_gnd006	0.054360	0.126877464	94.563997	0	18	3
AG-891-G05_a5_gnd006_p7_s1	AG-891-G05	AG-891-G05_a5_gnd006	0.054360	0.126877464	94.563997	0	7	1
AG-891-G05_a5_gnd006_p7_s2	AG-891-G05	AG-891-G05_a5_gnd006	0.054360	0.126877464	94.563997	0	7	2
AG-891-G05_a5_gnd006_p8_s5	AG-891-G05	AG-891-G05_a5_gnd006	0.054360	0.126877464	94.563997	0	8	5
AG-891-G05_a5_gnd007	AG-891-G05	AG-891-G05_a5_gnd007	0.063352533	0.146496494	93.664747	1		
AG-891-G05_a5_gnd007_p0_s1	AG-891-G05	AG-891-G05_a5_gnd007	0.063353	0.146496494	93.664747	0	0	1
AG-891-G05_a5_gnd007_p18_s3	AG-891-G05	AG-891-G05_a5_gnd007	0.063353	0.146496494	93.664747	0	18	3
AG-891-G05_a5_gnd007_p19_s2	AG-891-G05	AG-891-G05_a5_gnd007	0.063353	0.146496494	93.664747	0	19	2
AG-891-G05_a5_gnd007_p19_s5	AG-891-G05	AG-891-G05_a5_gnd007	0.063353	0.146496494	93.664747	0	19	5
AG-891-G05_a5_gnd007_p6_s4	AG-891-G05	AG-891-G05_a5_gnd007	0.063353	0.146496494	93.664747	0	6	4
AG-891-G05_a5_gnd008	AG-891-G05	AG-891-G05_a5_gnd008	0.072467420	0.166219020	92.753258	1		
AG-891-G05_a5_gnd008_p0_s1	AG-891-G05	AG-891-G05_a5_gnd008	0.072467	0.166219020	92.753258	0	0	1
AG-891-G05_a5_gnd008_p10_s3	AG-891-G05	AG-891-G05_a5_gnd008	0.072467	0.166219020	92.753258	0	10	3
AG-891-G05_a5_gnd008_p12_s4	AG-891-G05	AG-891-G05_a5_gnd008	0.072467	0.166219020	92.753258	0	12	4
AG-891-G05_a5_gnd008_p14_s2	AG-891-G05	AG-891-G05_a5_gnd008	0.072467	0.166219020	92.753258	0	14	2
AG-891-G05_a5_gnd008_p17_s5	AG-891-G05	AG-891-G05_a5_gnd008	0.072467	0.166219020	92.753258	0	17	5
AG-891-G05_a5_gnd009	AG-891-G05	AG-891-G05_a5_gnd009	0.081443825	0.184881332	91.855617	1		
AG-891-G05_a5_gnd009_p0_s5	AG-891-G05	AG-891-G05_a5_gnd009	0.081444	0.184881332	91.855617	0	0	5
AG-891-G05_a5_gnd009_p13_s2	AG-891-G05	AG-891-G05_a5_gnd009	0.081444	0.184881332	91.855617	0	13	2
AG-891-G05_a5_gnd009_p15_s1	AG-891-G05	AG-891-G05_a5_gnd009	0.081444	0.184881332	91.855617	0	15	1
AG-891-G05_a5_gnd009_p18_s3	AG-891-G05	AG-891-G05_a5_gnd009	0.081444	0.184881332	91.855617	0	18	3
AG-891-G05_a5_gnd009_p8_s4	AG-891-G05	AG-891-G05_a5_gnd009	0.081444	0.184881332	91.855617	0	8	4
AG-891-G05_a5_gnd010	AG-891-G05	AG-891-G05_a5_gnd010	0.090444384	0.203732967	90.955562	1		
AG-891-G05_a5_gnd010_p14_s3	AG-891-G05	AG-891-G05_a5_gnd010	0.090444	0.203732967	90.955562	0	14	3
AG-891-G05_a5_gnd010_p16_s2	AG-891-G05	AG-891-G05_a5_gnd010	0.090444	0.203732967	90.955562	0	16	2
AG-891-G05_a5_gnd010_p17_s5	AG-891-G05	AG-891-G05_a5_gnd010	0.090444	0.203732967	90.955562	0	17	5
AG-891-G05_a5_gnd010_p20_s4	AG-891-G05	AG-891-G05_a5_gnd010	0.090444	0.203732967	90.955562	0	20	4
AG-891-G05_a5_gnd010_p9_s1	AG-891-G05	AG-891-G05_a5_gnd010	0.090444	0.203732967	90.955562	0	9	1
AG-891-G05_a5_gnd011	AG-891-G05	AG-891-G05_a5_gnd011	0.099579400	0.222041873	90.042060	1		
AG-891-G05_a5_gnd011_p12_s1	AG-891-G05	AG-891-G05_a5_gnd011	0.099579	0.222041873	90.042060	0	12	1
AG-891-G05_a5_gnd011_p12_s4	AG-891-G05	AG-891-G05_a5_gnd011	0.099579	0.222041873	90.042060	0	12	4
AG-891-G05_a5_gnd011_p16_s5	AG-891-G05	AG-891-G05_a5_gnd011	0.099579	0.222041873	90.042060	0	16	5
AG-891-G05_a5_gnd011_p20_s2	AG-891-G05	AG-891-G05_a5_gnd011	0.099579	0.222041873	90.042060	0	20	2
AG-891-G05_a5_gnd011_p9_s3	AG-891-G05	AG-891-G05_a5_gnd011	0.099579	0.222041873	90.042060	0	9	3
AG-891-G05_a5_gnd012	AG-891-G05	AG-891-G05_a5_gnd012	0.108646784	0.240128639	89.135322	1		
AG-891-G05_a5_gnd012_p10_s1	AG-891-G05	AG-891-G05_a5_gnd012	0.108647	0.240128639	89.135322	0	10	1
AG-891-G05_a5_gnd012_p14_s2	AG-891-G05	AG-891-G05_a5_gnd012	0.108647	0.240128639	89.135322	0	14	2
AG-891-G05_a5_gnd012_p18_s5	AG-891-G05	AG-891-G05_a5_gnd012	0.108647	0.240128639	89.135322	0	18	5
AG-891-G05_a5_gnd012_p4_s3	AG-891-G05	AG-891-G05_a5_gnd012	0.108647	0.240128639	89.135322	0	4	3
AG-891-G05_a5_gnd012_p7_s4	AG-891-G05	AG-891-G05_a5_gnd012	0.108647	0.240128639	89.135322	0	7	4
AG-891-G05_a5_gnd013	AG-891-G05	AG-891-G05_a5_gnd013	0.117728661	0.258003362	88.227134	1		
AG-891-G05_a5_gnd013_p0_s3	AG-891-G05	AG-891-G05_a5_gnd013	0.117729	0.258003362	88.227134	0	0	3
AG-891-G05_a5_gnd013_p10_s1	AG-891-G05	AG-891-G05_a5_gnd013	0.117729	0.258003362	88.227134	0	10	1
AG-891-G05_a5_gnd013_p11_s5	AG-891-G05	AG-891-G05_a5_gnd013	0.117729	0.258003362	88.227134	0	11	5
AG-891-G05_a5_gnd013_p17_s4	AG-891-G05	AG-891-G05_a5_gnd013	0.117729	0.258003362	88.227134	0	17	4
AG-891-G05_a5_gnd013_p18_s2	AG-891-G05	AG-891-G05_a5_gnd013	0.117729	0.258003362	88.227134	0	18	2
AG-891-G05_a5_gnd014	AG-891-G05	AG-891-G05_a5_gnd014	0.126700235	0.275148556	87.329976	1		
AG-891-G05_a5_gnd014_p11_s5	AG-891-G05	AG-891-G05_a5_gnd014	0.126700	0.275148556	87.329976	0	11	5
AG-891-G05_a5_gnd014_p16_s1	AG-891-G05	AG-891-G05_a5_gnd014	0.126700	0.275148556	87.329976	0	16	1
AG-891-G05_a5_gnd014_p17_s2	AG-891-G05	AG-891-G05_a5_gnd014	0.126700	0.275148556	87.329976	0	17	2
AG-891-G05_a5_gnd014_p17_s3	AG-891-G05	AG-891-G05_a5_gnd014	0.126700	0.275148556	87.329976	0	17	3
AG-891-G05_a5_gnd014_p7_s4	AG-891-G05	AG-891-G05_a5_gnd014	0.126700	0.275148556	87.329976	0	7	4
AG-891-G05_a5_gnd015	AG-891-G05	AG-891-G05_a5_gnd015	0.135633163	0.291963064	86.436684	1		
AG-891-G05_a5_gnd015_p0_s3	AG-891-G05	AG-891-G05_a5_gnd015	0.135633	0.291963064	86.436684	0	0	3
AG-891-G05_a5_gnd015_p19_s1	AG-891-G05	AG-891-G05_a5_gnd015	0.135633	0.291963064	86.436684	0	19	1
AG-891-G05_a5_gnd015_p8_s2	AG-891-G05	AG-891-G05_a5_gnd015	0.135633	0.291963064	86.436684	0	8	2
AG-891-G05_a5_gnd015_p8_s4	AG-891-G05	AG-891-G05_a5_gnd015	0.135633	0.291963064	86.436684	0	8	4
AG-891-G05_a5_gnd015_p8_s5	AG-891-G05	AG-891-G05_a5_gnd015	0.135633	0.291963064	86.436684	0	8	5
AG-891-G05_a5_gnd016	AG-891-G05	AG-891-G05_a5_gnd016	0.144935646	0.308845729	85.506435	1		
AG-891-G05_a5_gnd016_p11_s3	AG-891-G05	AG-891-G05_a5_gnd016	0.144936	0.308845729	85.506435	0	11	3
AG-891-G05_a5_gnd016_p11_s5	AG-891-G05	AG-891-G05_a5_gnd016	0.144936	0.308845729	85.506435	0	11	5
AG-891-G05_a5_gnd016_p13_s2	AG-891-G05	AG-891-G05_a5_gnd016	0.144936	0.308845729	85.506435	0	13	2
AG-891-G05_a5_gnd016_p15_s4	AG-891-G05	AG-891-G05_a5_gnd016	0.144936	0.308845729	85.506435	0	15	4
AG-891-G05_a5_gnd016_p16_s1	AG-891-G05	AG-891-G05_a5_gnd016	0.144936	0.308845729	85.506435	0	16	1
AG-891-G05_a5_gnd017	AG-891-G05	AG-891-G05_a5_gnd017	0.153738948	0.324804491	84.626105	1		
AG-891-G05_a5_gnd017_p11_s5	AG-891-G05	AG-891-G05_a5_gnd017	0.153739	0.324804491	84.626105	0	11	5
AG-891-G05_a5_gnd017_p14_s3	AG-891-G05	AG-891-G05_a5_gnd017	0.153739	0.324804491	84.626105	0	14	3
AG-891-G05_a5_gnd017_p20_s1	AG-891-G05	AG-891-G05_a5_gnd017	0.153739	0.324804491	84.626105	0	20	1
AG-891-G05_a5_gnd017_p7_s2	AG-891-G05	AG-891-G05_a5_gnd017	0.153739	0.324804491	84.626105	0	7	2
AG-891-G05_a5_gnd017_p9_s4	AG-891-G05	AG-891-G05_a5_gnd017	0.153739	0.324804491	84.626105	0	9	4
AG-891-G05_a5_gnd018	AG-891-G05	AG-891-G05_a5_gnd018	0.163113892	0.341114135	83.688611	1		
AG-891-G05_a5_gnd018_p10_s4	AG-891-G05	AG-891-G05_a5_gnd018	0.163114	0.341114135	83.688611	0	10	4
AG-891-G05_a5_gnd018_p17_s2	AG-891-G05	AG-891-G05_a5_gnd018	0.163114	0.341114135	83.688611	0	17	2
AG-891-G05_a5_gnd018_p18_s3	AG-891-G05	AG-891-G05_a5_gnd018	0.163114	0.341114135	83.688611	0	18	3
AG-891-G05_a5_gnd018_p7_s1	AG-891-G05	AG-891-G05_a5_gnd018	0.163114	0.341114135	83.688611	0	7	1
AG-891-G05_a5_gnd018_p7_s5	AG-891-G05	AG-891-G05_a5_gnd018	0.163114	0.341114135	83.688611	0	7	5
AG-891-G05_a5_gnd019	AG-891-G05	AG-891-G05_a5_gnd019	0.172230390	0.356202006	82.776961	1		
AG-891-G05_a5_gnd019_p11_s2	AG-891-G05	AG-891-G05_a5_gnd019	0.172230	0.356202006	82.776961	0	11	2
AG-891-G05_a5_gnd019_p19_s3	AG-891-G05	AG-891-G05_a5_gnd019	0.172230	0.356202006	82.776961	0	19	3
AG-891-G05_a5_gnd019_p19_s5	AG-891-G05	AG-891-G05_a5_gnd019	0.172230	0.356202006	82.776961	0	19	5
AG-891-G05_a5_gnd019_p7_s4	AG-891-G05	AG-891-G05_a5_gnd019	0.172230	0.356202006	82.776961	0	7	4
AG-891-G05_a5_gnd019_p8_s1	AG-891-G05	AG-891-G05_a5_gnd019	0.172230	0.356202006	82.776961	0	8	1
AG-891-G05_a5_gnd020	AG-891-G05	AG-891-G05_a5_gnd020	0.181318708	0.373453222	81.868129	1		
AG-891-G05_a5_gnd020_p13_s4	AG-891-G05	AG-891-G05_a5_gnd020	0.181319	0.373453222	81.868129	0	13	4
AG-891-G05_a5_gnd020_p18_s2	AG-891-G05	AG-891-G05_a5_gnd020	0.181319	0.373453222	81.868129	0	18	2
AG-891-G05_a5_gnd020_p8_s1	AG-891-G05	AG-891-G05_a5_gnd020	0.181319	0.373453222	81.868129	0	8	1
AG-891-G05_a5_gnd020_p8_s3	AG-891-G05	AG-891-G05_a5_gnd020	0.181319	0.373453222	81.868129	0	8	3
AG-891-G05_a5_gnd020_p9_s5	AG-891-G05	AG-891-G05_a5_gnd020	0.181319	0.373453222	81.868129	0	9	5
AG-891-I18_a22_gnd00000	AG-891-I18	AG-891-I18_a22_gnd00000	0.000000000	0.000271048	100.000000	1		
AG-891-I18_a22_gnd00005	AG-891-I18	AG-891-I18_a22_gnd00005	0.000453095	0.001350723	99.954691	1		
AG-891-I18_a22_gnd00010	AG-891-I18	AG-891-I18_a22_gnd00010	0.000891713	0.002520746	99.910829	1		
AG-891-I18_a22_gnd00020	AG-891-I18	AG-891-I18_a22_gnd00020	0.001798626	0.004691389	99.820137	1		
AG-891-I18_a22_gnd00030	AG-891-I18	AG-891-I18_a22_gnd00030	0.002733043	0.006932053	99.726696	1		
AG-891-I18_a22_gnd00040	AG-891-I18	AG-891-I18_a22_gnd00040	0.003594357	0.009104954	99.640564	1		
AG-891-I18_a22_gnd00050	AG-891-I18	AG-891-I18_a22_gnd00050	0.004503442	0.011094898	99.549656	1		
AG-891-I18_a22_gnd00060	AG-891-I18	AG-891-I18_a22_gnd00060	0.005436411	0.013511743	99.456359	1		
AG-891-I18_a22_gnd00070	AG-891-I18	AG-891-I18_a22_gnd00070	0.006346219	0.015646246	99.365378	1		
AG-891-I18_a22_gnd00080	AG-891-I18	AG-891-I18_a22_gnd00080	0.007258923	0.017850770	99.274108	1		
AG-891-I18_a22_gnd00090	AG-891-I18	AG-891-I18_a22_gnd00090	0.008181759	0.020145643	99.181824	1		
AG-891-I18_a22_gnd001	AG-891-I18	AG-891-I18_a22_gnd001	0.009051035	0.022173986	99.094897	1		
AG-891-I18_a22_gnd002	AG-891-I18	AG-891-I18_a22_gnd002	0.018119440	0.043776512	98.188056	1		
AG-891-I18_a22_gnd003	AG-891-I18	AG-891-I18_a22_gnd003	0.027176989	0.064651726	97.282301	1		
AG-891-I18_a22_gnd004	AG-891-I18	AG-891-I18_a22_gnd004	0.036211377	0.086152609	96.378862	1		
AG-891-I18_a22_gnd005	AG-891-I18	AG-891-I18_a22_gnd005	0.045399932	0.107143018	95.460007	1		
AG-891-I18_a22_gnd006	AG-891-I18	AG-891-I18_a22_gnd006	0.054440834	0.127349647	94.555917	1		
AG-891-I18_a22_gnd007	AG-891-I18	AG-891-I18_a22_gnd007	0.063538191	0.147280711	93.646181	1		
AG-891-I18_a22_gnd008	AG-891-I18	AG-891-I18_a22_gnd008	0.072556655	0.167180152	92.744335	1		
AG-891-I18_a22_gnd009	AG-891-I18	AG-891-I18_a22_gnd009	0.081622165	0.186682056	91.837783	1		
AG-891-I18_a22_gnd010	AG-891-I18	AG-891-I18_a22_gnd010	0.090853425	0.205551515	90.914658	1		
AG-891-I18_a22_gnd011	AG-891-I18	AG-891-I18_a22_gnd011	0.099818328	0.223752389	90.018167	1		
AG-891-I18_a22_gnd012	AG-891-I18	AG-891-I18_a22_gnd012	0.109003264	0.242294331	89.099674	1		
AG-891-I18_a22_gnd013	AG-891-I18	AG-891-I18_a22_gnd013	0.118138983	0.260795616	88.186102	1		
AG-891-I18_a22_gnd014	AG-891-I18	AG-891-I18_a22_gnd014	0.127082172	0.278038787	87.291783	1		
AG-891-I18_a22_gnd015	AG-891-I18	AG-891-I18_a22_gnd015	0.136131759	0.296135759	86.386824	1		
AG-891-I18_a22_gnd016	AG-891-I18	AG-891-I18_a22_gnd016	0.145216088	0.312012396	85.478391	1		
AG-891-I18_a22_gnd017	AG-891-I18	AG-891-I18_a22_gnd017	0.154474852	0.329601153	84.552515	1		
AG-891-I18_a22_gnd018	AG-891-I18	AG-891-I18_a22_gnd018	0.163607675	0.346643296	83.639232	1		
AG-891-I18_a22_gnd019	AG-891-I18	AG-891-I18_a22_gnd019	0.172678252	0.363604125	82.732175	1		
AG-891-I18_a22_gnd020	AG-891-I18	AG-891-I18_a22_gnd020	0.181549786	0.377868027	81.845021	1		
AG-891-I18_a5_gnd00000	AG-891-I18	AG-891-I18_a5_gnd00000	0.000000000	0.000271048	100.000000	1		
AG-891-I18_a5_gnd00000_p13_s1	AG-891-I18	AG-891-I18_a5_gnd00000	0.000000	0.000271048	100.000000	0	13	1
AG-891-I18_a5_gnd00000_p18_s2	AG-891-I18	AG-891-I18_a5_gnd00000	0.000000	0.000271048	100.000000	0	18	2
AG-891-I18_a5_gnd00000_p18_s4	AG-891-I18	AG-891-I18_a5_gnd00000	0.000000	0.000271048	100.000000	0	18	4
AG-891-I18_a5_gnd00000_p19_s3	AG-891-I18	AG-891-I18_a5_gnd00000	0.000000	0.000271048	100.000000	0	19	3
AG-891-I18_a5_gnd00000_p2_s5	AG-891-I18	AG-891-I18_a5_gnd00000	0.000000	0.000271048	100.000000	0	2	5
AG-891-I18_a5_gnd00005	AG-891-I18	AG-891-I18_a5_gnd00005	0.000449476	0.001339429	99.955052	1		
AG-891-I18_a5_gnd00005_p12_s3	AG-891-I18	AG-891-I18_a5_gnd00005	0.000449	0.001339429	99.955052	0	12	3
AG-891-I18_a5_gnd00005_p12_s5	AG-891-I18	AG-891-I18_a5_gnd00005	0.000449	0.001339429	99.955052	0	12	5
AG-891-I18_a5_gnd00005_p13_s2	AG-891-I18	AG-891-I18_a5_gnd00005	0.000449	0.001339429	99.955052	0	13	2
AG-891-I18_a5_gnd00005_p8_s1	AG-891-I18	AG-891-I18_a5_gnd00005	0.000449	0.001339429	99.955052	0	8	1
AG-891-I18_a5_gnd00005_p9_s4	AG-891-I18	AG-891-I18_a5_gnd00005	0.000449	0.001339429	99.955052	0	9	4
AG-891-I18_a5_gnd00010	AG-891-I18	AG-891-I18_a5_gnd00010	0.000901846	0.002543334	99.909815	1		
AG-891-I18_a5_gnd00010_p10_s5	AG-891-I18	AG-891-I18_a5_gnd00010	0.000902	0.002543334	99.909815	0	10	5
AG-891-I18_a5_gnd00010_p13_s2	AG-891-I18	AG-891-I18_a5_gnd00010	0.000902	0.002543334	99.909815	0	13	2
AG-891-I18_a5_gnd00010_p13_s3	AG-891-I18	AG-891-I18_a5_gnd00010	0.000902	0.002543334	99.909815	0	13	3
AG-891-I18_a5_gnd00010_p14_s4	AG-891-I18	AG-891-I18_a5_gnd00010	0.000902	0.002543334	99.909815	0	14	4
AG-891-I18_a5_gnd00010_p15_s1	AG-891-I18	AG-891-I18_a5_gnd00010	0.000902	0.002543334	99.909815	0	15	1
AG-891-I18_a5_gnd00020	AG-891-I18	AG-891-I18_a5_gnd00020	0.001808759	0.004745599	99.819124	1		
AG-891-I18_a5_gnd00020_p18_s1	AG-891-I18	AG-891-I18_a5_gnd00020	0.001809	0.004745599	99.819124	0	18	1
AG-891-I18_a5_gnd00020_p5_s2	AG-891-I18	AG-891-I18_a5_gnd00020	0.001809	0.004745599	99.819124	0	5	2
AG-891-I18_a5_gnd00020_p5_s4	AG-891-I18	AG-891-I18_a5_gnd00020	0.001809	0.004745599	99.819124	0	5	4
AG-891-I18_a5_gnd00020_p7_s5	AG-891-I18	AG-891-I18_a5_gnd00020	0.001809	0.004745599	99.819124	0	7	5
AG-891-I18_a5_gnd00020_p8_s3	AG-891-I18	AG-891-I18_a5_gnd00020	0.001809	0.004745599	99.819124	0	8	3
AG-891-I18_a5_gnd00030	AG-891-I18	AG-891-I18_a5_gnd00030	0.002711330	0.006866550	99.728867	1		
AG-891-I18_a5_gnd00030_p13_s3	AG-891-I18	AG-891-I18_a5_gnd00030	0.002711	0.006866550	99.728867	0	13	3
AG-891-I18_a5_gnd00030_p14_s1	AG-891-I18	AG-891-I18_a5_gnd00030	0.002711	0.006866550	99.728867	0	14	1
AG-891-I18_a5_gnd00030_p18_s4	AG-891-I18	AG-891-I18_a5_gnd00030	0.002711	0.006866550	99.728867	0	18	4
AG-891-I18_a5_gnd00030_p4_s5	AG-891-I18	AG-891-I18_a5_gnd00030	0.002711	0.006866550	99.728867	0	4	5
AG-891-I18_a5_gnd00030_p7_s2	AG-891-I18	AG-891-I18_a5_gnd00030	0.002711	0.006866550	99.728867	0	7	2
AG-891-I18_a5_gnd00040	AG-891-I18	AG-891-I18_a5_gnd00040	0.003645747	0.009136577	99.635425	1		
AG-891-I18_a5_gnd00040_p0_s1	AG-891-I18	AG-891-I18_a5_gnd00040	0.003646	0.009136577	99.635425	0	0	1
AG-891-I18_a5_gnd00040_p11_s2	AG-891-I18	AG-891-I18_a5_gnd00040	0.003646	0.009136577	99.635425	0	11	2
AG-891-I18_a5_gnd00040_p13_s3	AG-891-I18	AG-891-I18_a5_gnd00040	0.003646	0.009136577	99.635425	0	13	3
AG-891-I18_a5_gnd00040_p13_s5	AG-891-I18	AG-891-I18_a5_gnd00040	0.003646	0.009136577	99.635425	0	13	5
AG-891-I18_a5_gnd00040_p20_s4	AG-891-I18	AG-891-I18_a5_gnd00040	0.003646	0.009136577	99.635425	0	20	4
AG-891-I18_a5_gnd00050	AG-891-I18	AG-891-I18_a5_gnd00050	0.004522260	0.011325289	99.547774	1		
AG-891-I18_a5_gnd00050_p11_s4	AG-891-I18	AG-891-I18_a5_gnd00050	0.004522	0.011325289	99.547774	0	11	4
AG-891-I18_a5_gnd00050_p13_s1	AG-891-I18	AG-891-I18_a5_gnd00050	0.004522	0.011325289	99.547774	0	13	1
AG-891-I18_a5_gnd00050_p16_s3	AG-891-I18	AG-891-I18_a5_gnd00050	0.004522	0.011325289	99.547774	0	16	3
AG-891-I18_a5_gnd00050_p7_s2	AG-891-I18	AG-891-I18_a5_gnd00050	0.004522	0.011325289	99.547774	0	7	2
AG-891-I18_a5_gnd00050_p7_s5	AG-891-I18	AG-891-I18_a5_gnd00050	0.004522	0.011325289	99.547774	0	7	5
AG-891-I18_a5_gnd00060	AG-891-I18	AG-891-I18_a5_gnd00060	0.005426278	0.013428170	99.457372	1		
AG-891-I18_a5_gnd00060_p10_s4	AG-891-I18	AG-891-I18_a5_gnd00060	0.005426	0.013428170	99.457372	0	10	4
AG-891-I18_a5_gnd00060_p10_s5	AG-891-I18	AG-891-I18_a5_gnd00060	0.005426	0.013428170	99.457372	0	10	5
AG-891-I18_a5_gnd00060_p15_s1	AG-891-I18	AG-891-I18_a5_gnd00060	0.005426	0.013428170	99.457372	0	15	1
AG-891-I18_a5_gnd00060_p19_s2	AG-891-I18	AG-891-I18_a5_gnd00060	0.005426	0.013428170	99.457372	0	19	2
AG-891-I18_a5_gnd00060_p7_s3	AG-891-I18	AG-891-I18_a5_gnd00060	0.005426	0.013428170	99.457372	0	7	3
AG-891-I18_a5_gnd00070	AG-891-I18	AG-891-I18_a5_gnd00070	0.006346943	0.015551379	99.365306	1		
AG-891-I18_a5_gnd00070_p0_s5	AG-891-I18	AG-891-I18_a5_gnd00070	0.006347	0.015551379	99.365306	0	0	5
AG-891-I18_a5_gnd00070_p12_s3	AG-891-I18	AG-891-I18_a5_gnd00070	0.006347	0.015551379	99.365306	0	12	3
AG-891-I18_a5_gnd00070_p14_s4	AG-891-I18	AG-891-I18_a5_gnd00070	0.006347	0.015551379	99.365306	0	14	4
AG-891-I18_a5_gnd00070_p20_s1	AG-891-I18	AG-891-I18_a5_gnd00070	0.006347	0.015551379	99.365306	0	20	1
AG-891-I18_a5_gnd00070_p2_s2	AG-891-I18	AG-891-I18_a5_gnd00070	0.006347	0.015551379	99.365306	0	2	2
AG-891-I18_a5_gnd00080	AG-891-I18	AG-891-I18_a5_gnd00080	0.007250237	0.017749127	99.274976	1		
AG-891-I18_a5_gnd00080_p10_s3	AG-891-I18	AG-891-I18_a5_gnd00080	0.007250	0.017749127	99.274976	0	10	3
AG-891-I18_a5_gnd00080_p13_s1	AG-891-I18	AG-891-I18_a5_gnd00080	0.007250	0.017749127	99.274976	0	13	1
AG-891-I18_a5_gnd00080_p13_s2	AG-891-I18	AG-891-I18_a5_gnd00080	0.007250	0.017749127	99.274976	0	13	2
AG-891-I18_a5_gnd00080_p14_s4	AG-891-I18	AG-891-I18_a5_gnd00080	0.007250	0.017749127	99.274976	0	14	4
AG-891-I18_a5_gnd00080_p18_s5	AG-891-I18	AG-891-I18_a5_gnd00080	0.007250	0.017749127	99.274976	0	18	5
AG-891-I18_a5_gnd00090	AG-891-I18	AG-891-I18_a5_gnd00090	0.008134712	0.019980756	99.186529	1		
AG-891-I18_a5_gnd00090_p10_s4	AG-891-I18	AG-891-I18_a5_gnd00090	0.008135	0.019980756	99.186529	0	10	4
AG-891-I18_a5_gnd00090_p12_s1	AG-891-I18	AG-891-I18_a5_gnd00090	0.008135	0.019980756	99.186529	0	12	1
AG-891-I18_a5_gnd00090_p19_s2	AG-891-I18	AG-891-I18_a5_gnd00090	0.008135	0.019980756	99.186529	0	19	2
AG-891-I18_a5_gnd00090_p4_s5	AG-891-I18	AG-891-I18_a5_gnd00090	0.008135	0.019980756	99.186529	0	4	5
AG-891-I18_a5_gnd00090_p6_s3	AG-891-I18	AG-891-I18_a5_gnd00090	0.008135	0.019980756	99.186529	0	6	3
AG-891-I18_a5_gnd001	AG-891-I18	AG-891-I18_a5_gnd001	0.009051035	0.022232713	99.094897	1		
AG-891-I18_a5_gnd001_p13_s5	AG-891-I18	AG-891-I18_a5_gnd001	0.009051	0.022232713	99.094897	0	13	5
AG-891-I18_a5_gnd001_p18_s4	AG-891-I18	AG-891-I18_a5_gnd001	0.009051	0.022232713	99.094897	0	18	4
AG-891-I18_a5_gnd001_p19_s1	AG-891-I18	AG-891-I18_a5_gnd001	0.009051	0.022232713	99.094897	0	19	1
AG-891-I18_a5_gnd001_p6_s3	AG-891-I18	AG-891-I18_a5_gnd001	0.009051	0.022232713	99.094897	0	6	3
AG-891-I18_a5_gnd001_p7_s2	AG-891-I18	AG-891-I18_a5_gnd001	0.009051	0.022232713	99.094897	0	7	2
AG-891-I18_a5_gnd002	AG-891-I18	AG-891-I18_a5_gnd002	0.018085422	0.043616142	98.191458	1		
AG-891-I18_a5_gnd002_p14_s2	AG-891-I18	AG-891-I18_a5_gnd002	0.018085	0.043616142	98.191458	0	14	2
AG-891-I18_a5_gnd002_p15_s1	AG-891-I18	AG-891-I18_a5_gnd002	0.018085	0.043616142	98.191458	0	15	1
AG-891-I18_a5_gnd002_p4_s4	AG-891-I18	AG-891-I18_a5_gnd002	0.018085	0.043616142	98.191458	0	4	4
AG-891-I18_a5_gnd002_p4_s5	AG-891-I18	AG-891-I18_a5_gnd002	0.018085	0.043616142	98.191458	0	4	5
AG-891-I18_a5_gnd002_p7_s3	AG-891-I18	AG-891-I18_a5_gnd002	0.018085	0.043616142	98.191458	0	7	3
AG-891-I18_a5_gnd003	AG-891-I18	AG-891-I18_a5_gnd003	0.027154552	0.065058298	97.284545	1		
AG-891-I18_a5_gnd003_p0_s5	AG-891-I18	AG-891-I18_a5_gnd003	0.027155	0.065058298	97.284545	0	0	5
AG-891-I18_a5_gnd003_p14_s1	AG-891-I18	AG-891-I18_a5_gnd003	0.027155	0.065058298	97.284545	0	14	1
AG-891-I18_a5_gnd003_p19_s2	AG-891-I18	AG-891-I18_a5_gnd003	0.027155	0.065058298	97.284545	0	19	2
AG-891-I18_a5_gnd003_p19_s3	AG-891-I18	AG-891-I18_a5_gnd003	0.027155	0.065058298	97.284545	0	19	3
AG-891-I18_a5_gnd003_p4_s4	AG-891-I18	AG-891-I18_a5_gnd003	0.027155	0.065058298	97.284545	0	4	4
AG-891-I18_a5_gnd004	AG-891-I18	AG-891-I18_a5_gnd004	0.036346726	0.086132280	96.365327	1		
AG-891-I18_a5_gnd004_p12_s3	AG-891-I18	AG-891-I18_a5_gnd004	0.036347	0.086132280	96.365327	0	12	3
AG-891-I18_a5_gnd004_p4_s1	AG-891-I18	AG-891-I18_a5_gnd004	0.036347	0.086132280	96.365327	0	4	1
AG-891-I18_a5_gnd004_p4_s2	AG-891-I18	AG-891-I18_a5_gnd004	0.036347	0.086132280	96.365327	0	4	2
AG-891-I18_a5_gnd004_p6_s4	AG-891-I18	AG-891-I18_a5_gnd004	0.036347	0.086132280	96.365327	0	6	4
AG-891-I18_a5_gnd004_p6_s5	AG-891-I18	AG-891-I18_a5_gnd004	0.036347	0.086132280	96.365327	0	6	5
AG-891-I18_a5_gnd005	AG-891-I18	AG-891-I18_a5_gnd005	0.045317420	0.106015911	95.468258	1		
AG-891-I18_a5_gnd005_p0_s2	AG-891-I18	AG-891-I18_a5_gnd005	0.045317	0.106015911	95.468258	0	0	2
AG-891-I18_a5_gnd005_p12_s1	AG-891-I18	AG-891-I18_a5_gnd005	0.045317	0.106015911	95.468258	0	12	1
AG-891-I18_a5_gnd005_p18_s3	AG-891-I18	AG-891-I18_a5_gnd005	0.045317	0.106015911	95.468258	0	18	3
AG-891-I18_a5_gnd005_p18_s4	AG-891-I18	AG-891-I18_a5_gnd005	0.045317	0.106015911	95.468258	0	18	4
AG-891-I18_a5_gnd005_p7_s5	AG-891-I18	AG-891-I18_a5_gnd005	0.045317	0.106015911	95.468258	0	7	5
AG-891-I18_a5_gnd006	AG-891-I18	AG-891-I18_a5_gnd006	0.054400301	0.126498105	94.559970	1		
AG-891-I18_a5_gnd006_p10_s1	AG-891-I18	AG-891-I18_a5_gnd006	0.054400	0.126498105	94.559970	0	10	1
AG-891-I18_a5_gnd006_p11_s4	AG-891-I18	AG-891-I18_a5_gnd006	0.054400	0.126498105	94.559970	0	11	4
AG-891-I18_a5_gnd006_p12_s5	AG-891-I18	AG-891-I18_a5_gnd006	0.054400	0.126498105	94.559970	0	12	5
AG-891-I18_a5_gnd006_p15_s2	AG-891-I18	AG-891-I18_a5_gnd006	0.054400	0.126498105	94.559970	0	15	2
AG-891-I18_a5_gnd006_p18_s3	AG-891-I18	AG-891-I18_a5_gnd006	0.054400	0.126498105	94.559970	0	18	3
AG-891-I18_a5_gnd007	AG-891-I18	AG-891-I18_a5_gnd007	0.063504173	0.146072289	93.649583	1		
AG-891-I18_a5_gnd007_p14_s5	AG-891-I18	AG-891-I18_a5_gnd007	0.063504	0.146072289	93.649583	0	14	5
AG-891-I18_a5_gnd007_p17_s3	AG-891-I18	AG-891-I18_a5_gnd007	0.063504	0.146072289	93.649583	0	17	3
AG-891-I18_a5_gnd007_p18_s4	AG-891-I18	AG-891-I18_a5_gnd007	0.063504	0.146072289	93.649583	0	18	4
AG-891-I18_a5_gnd007_p4_s2	AG-891-I18	AG-891-I18_a5_gnd007	0.063504	0.146072289	93.649583	0	4	2
AG-891-I18_a5_gnd007_p7_s1	AG-891-I18	AG-891-I18_a5_gnd007	0.063504	0.146072289	93.649583	0	7	1
AG-891-I18_a5_gnd008	AG-891-I18	AG-891-I18_a5_gnd008	0.072659434	0.165334767	92.734057	1		
AG-891-I18_a5_gnd008_p14_s3	AG-891-I18	AG-891-I18_a5_gnd008	0.072659	0.165334767	92.734057	0	14	3
AG-891-I18_a5_gnd008_p18_s1	AG-891-I18	AG-891-I18_a5_gnd008	0.072659	0.165334767	92.734057	0	18	1
AG-891-I18_a5_gnd008_p19_s2	AG-891-I18	AG-891-I18_a5_gnd008	0.072659	0.165334767	92.734057	0	19	2
AG-891-I18_a5_gnd008_p7_s4	AG-891-I18	AG-891-I18_a5_gnd008	0.072659	0.165334767	92.734057	0	7	4
AG-891-I18_a5_gnd008_p8_s5	AG-891-I18	AG-891-I18_a5_gnd008	0.072659	0.165334767	92.734057	0	8	5
AG-891-I18_a5_gnd009	AG-891-I18	AG-891-I18_a5_gnd009	0.081654012	0.184502378	91.834599	1		
AG-891-I18_a5_gnd009_p10_s2	AG-891-I18	AG-891-I18_a5_gnd009	0.081654	0.184502378	91.834599	0	10	2
AG-891-I18_a5_gnd009_p15_s5	AG-891-I18	AG-891-I18_a5_gnd009	0.081654	0.184502378	91.834599	0	15	5
AG-891-I18_a5_gnd009_p16_s4	AG-891-I18	AG-891-I18_a5_gnd009	0.081654	0.184502378	91.834599	0	16	4
AG-891-I18_a5_gnd009_p18_s3	AG-891-I18	AG-891-I18_a5_gnd009	0.081654	0.184502378	91.834599	0	18	3
AG-891-I18_a5_gnd009_p20_s1	AG-891-I18	AG-891-I18_a5_gnd009	0.081654	0.184502378	91.834599	0	20	1
AG-891-I18_a5_gnd010	AG-891-I18	AG-891-I18_a5_gnd010	0.090666686	0.203351509	90.933331	1		
AG-891-I18_a5_gnd010_p13_s4	AG-891-I18	AG-891-I18_a5_gnd010	0.090667	0.203351509	90.933331	0	13	4
AG-891-I18_a5_gnd010_p14_s3	AG-891-I18	AG-891-I18_a5_gnd010	0.090667	0.203351509	90.933331	0	14	3
AG-891-I18_a5_gnd010_p14_s5	AG-891-I18	AG-891-I18_a5_gnd010	0.090667	0.203351509	90.933331	0	14	5
AG-891-I18_a5_gnd010_p20_s2	AG-891-I18	AG-891-I18_a5_gnd010	0.090667	0.203351509	90.933331	0	20	2
AG-891-I18_a5_gnd010_p2_s1	AG-891-I18	AG-891-I18_a5_gnd010	0.090667	0.203351509	90.933331	0	2	1
AG-891-I18_a5_gnd011	AG-891-I18	AG-891-I18_a5_gnd011	0.099771281	0.221836983	90.022872	1		
AG-891-I18_a5_gnd011_p12_s2	AG-891-I18	AG-891-I18_a5_gnd011	0.099771	0.221836983	90.022872	0	12	2
AG-891-I18_a5_gnd011_p14_s1	AG-891-I18	AG-891-I18_a5_gnd011	0.099771	0.221836983	90.022872	0	14	1
AG-891-I18_a5_gnd011_p19_s3	AG-891-I18	AG-891-I18_a5_gnd011	0.099771	0.221836983	90.022872	0	19	3
AG-891-I18_a5_gnd011_p19_s4	AG-891-I18	AG-891-I18_a5_gnd011	0.099771	0.221836983	90.022872	0	19	4
AG-891-I18_a5_gnd011_p19_s5	AG-891-I18	AG-891-I18_a5_gnd011	0.099771	0.221836983	90.022872	0	19	5
AG-891-I18_a5_gnd012	AG-891-I18	AG-891-I18_a5_gnd012	0.108885286	0.239690011	89.111471	1		
AG-891-I18_a5_gnd012_p13_s1	AG-891-I18	AG-891-I18_a5_gnd012	0.108885	0.239690011	89.111471	0	13	1
AG-891-I18_a5_gnd012_p13_s5	AG-891-I18	AG-891-I18_a5_gnd012	0.108885	0.239690011	89.111471	0	13	5
AG-891-I18_a5_gnd012_p17_s4	AG-891-I18	AG-891-I18_a5_gnd012	0.108885	0.239690011	89.111471	0	17	4
AG-891-I18_a5_gnd012_p5_s2	AG-891-I18	AG-891-I18_a5_gnd012	0.108885	0.239690011	89.111471	0	5	2
AG-891-I18_a5_gnd012_p9_s3	AG-891-I18	AG-891-I18_a5_gnd012	0.108885	0.239690011	89.111471	0	9	3
AG-891-I18_a5_gnd013	AG-891-I18	AG-891-I18_a5_gnd013	0.117958758	0.257229076	88.204124	1		
AG-891-I18_a5_gnd013_p15_s2	AG-891-I18	AG-891-I18_a5_gnd013	0.117959	0.257229076	88.204124	0	15	2
AG-891-I18_a5_gnd013_p17_s5	AG-891-I18	AG-891-I18_a5_gnd013	0.117959	0.257229076	88.204124	0	17	5
AG-891-I18_a5_gnd013_p19_s3	AG-891-I18	AG-891-I18_a5_gnd013	0.117959	0.257229076	88.204124	0	19	3
AG-891-I18_a5_gnd013_p20_s4	AG-891-I18	AG-891-I18_a5_gnd013	0.117959	0.257229076	88.204124	0	20	4
AG-891-I18_a5_gnd013_p7_s1	AG-891-I18	AG-891-I18_a5_gnd013	0.117959	0.257229076	88.204124	0	7	1
AG-891-I18_a5_gnd014	AG-891-I18	AG-891-I18_a5_gnd014	0.127126324	0.275253769	87.287368	1		
AG-891-I18_a5_gnd014_p10_s3	AG-891-I18	AG-891-I18_a5_gnd014	0.127126	0.275253769	87.287368	0	10	3
AG-891-I18_a5_gnd014_p18_s2	AG-891-I18	AG-891-I18_a5_gnd014	0.127126	0.275253769	87.287368	0	18	2
AG-891-I18_a5_gnd014_p19_s4	AG-891-I18	AG-891-I18_a5_gnd014	0.127126	0.275253769	87.287368	0	19	4
AG-891-I18_a5_gnd014_p19_s5	AG-891-I18	AG-891-I18_a5_gnd014	0.127126	0.275253769	87.287368	0	19	5
AG-891-I18_a5_gnd014_p20_s1	AG-891-I18	AG-891-I18_a5_gnd014	0.127126	0.275253769	87.287368	0	20	1
AG-891-I18_a5_gnd015	AG-891-I18	AG-891-I18_a5_gnd015	0.136069513	0.290818701	86.393049	1		
AG-891-I18_a5_gnd015_p10_s1	AG-891-I18	AG-891-I18_a5_gnd015	0.136070	0.290818701	86.393049	0	10	1
AG-891-I18_a5_gnd015_p10_s5	AG-891-I18	AG-891-I18_a5_gnd015	0.136070	0.290818701	86.393049	0	10	5
AG-891-I18_a5_gnd015_p13_s3	AG-891-I18	AG-891-I18_a5_gnd015	0.136070	0.290818701	86.393049	0	13	3
AG-891-I18_a5_gnd015_p19_s2	AG-891-I18	AG-891-I18_a5_gnd015	0.136070	0.290818701	86.393049	0	19	2
AG-891-I18_a5_gnd015_p7_s4	AG-891-I18	AG-891-I18_a5_gnd015	0.136070	0.290818701	86.393049	0	7	4
AG-891-I18_a5_gnd016	AG-891-I18	AG-891-I18_a5_gnd016	0.145290639	0.308226759	85.470936	1		
AG-891-I18_a5_gnd016_p18_s4	AG-891-I18	AG-891-I18_a5_gnd016	0.145291	0.308226759	85.470936	0	18	4
AG-891-I18_a5_gnd016_p20_s2	AG-891-I18	AG-891-I18_a5_gnd016	0.145291	0.308226759	85.470936	0	20	2
AG-891-I18_a5_gnd016_p20_s3	AG-891-I18	AG-891-I18_a5_gnd016	0.145291	0.308226759	85.470936	0	20	3
AG-891-I18_a5_gnd016_p3_s5	AG-891-I18	AG-891-I18_a5_gnd016	0.145291	0.308226759	85.470936	0	3	5
AG-891-I18_a5_gnd016_p9_s1	AG-891-I18	AG-891-I18_a5_gnd016	0.145291	0.308226759	85.470936	0	9	1
AG-891-I18_a5_gnd017	AG-891-I18	AG-891-I18_a5_gnd017	0.154511041	0.325695803	84.548896	1		
AG-891-I18_a5_gnd017_p13_s2	AG-891-I18	AG-891-I18_a5_gnd017	0.154511	0.325695803	84.548896	0	13	2
AG-891-I18_a5_gnd017_p16_s3	AG-891-I18	AG-891-I18_a5_gnd017	0.154511	0.325695803	84.548896	0	16	3
AG-891-I18_a5_gnd017_p17_s1	AG-891-I18	AG-891-I18_a5_gnd017	0.154511	0.325695803	84.548896	0	17	1
AG-891-I18_a5_gnd017_p19_s4	AG-891-I18	AG-891-I18_a5_gnd017	0.154511	0.325695803	84.548896	0	19	4
AG-891-I18_a5_gnd017_p5_s5	AG-891-I18	AG-891-I18_a5_gnd017	0.154511	0.325695803	84.548896	0	5	5
AG-891-I18_a5_gnd018	AG-891-I18	AG-891-I18_a5_gnd018	0.163463640	0.340178801	83.653636	1		
AG-891-I18_a5_gnd018_p11_s1	AG-891-I18	AG-891-I18_a5_gnd018	0.163464	0.340178801	83.653636	0	11	1
AG-891-I18_a5_gnd018_p11_s4	AG-891-I18	AG-891-I18_a5_gnd018	0.163464	0.340178801	83.653636	0	11	4
AG-891-I18_a5_gnd018_p14_s2	AG-891-I18	AG-891-I18_a5_gnd018	0.163464	0.340178801	83.653636	0	14	2
AG-891-I18_a5_gnd018_p17_s3	AG-891-I18	AG-891-I18_a5_gnd018	0.163464	0.340178801	83.653636	0	17	3
AG-891-I18_a5_gnd018_p7_s5	AG-891-I18	AG-891-I18_a5_gnd018	0.163464	0.340178801	83.653636	0	7	5
AG-891-I18_a5_gnd019	AG-891-I18	AG-891-I18_a5_gnd019	0.172894666	0.357681726	82.710533	1		
AG-891-I18_a5_gnd019_p10_s2	AG-891-I18	AG-891-I18_a5_gnd019	0.172895	0.357681726	82.710533	0	10	2
AG-891-I18_a5_gnd019_p11_s1	AG-891-I18	AG-891-I18_a5_gnd019	0.172895	0.357681726	82.710533	0	11	1
AG-891-I18_a5_gnd019_p16_s5	AG-891-I18	AG-891-I18_a5_gnd019	0.172895	0.357681726	82.710533	0	16	5
AG-891-I18_a5_gnd019_p20_s3	AG-891-I18	AG-891-I18_a5_gnd019	0.172895	0.357681726	82.710533	0	20	3
AG-891-I18_a5_gnd019_p8_s4	AG-891-I18	AG-891-I18_a5_gnd019	0.172895	0.357681726	82.710533	0	8	4
AG-891-I18_a5_gnd020	AG-891-I18	AG-891-I18_a5_gnd020	0.181848713	0.372112774	81.815129	1		
AG-891-I18_a5_gnd020_p14_s3	AG-891-I18	AG-891-I18_a5_gnd020	0.181849	0.372112774	81.815129	0	14	3
AG-891-I18_a5_gnd020_p16_s1	AG-891-I18	AG-891-I18_a5_gnd020	0.181849	0.372112774	81.815129	0	16	1
AG-891-I18_a5_gnd020_p18_s4	AG-891-I18	AG-891-I18_a5_gnd020	0.181849	0.372112774	81.815129	0	18	4
AG-891-I18_a5_gnd020_p19_s2	AG-891-I18	AG-891-I18_a5_gnd020	0.181849	0.372112774	81.815129	0	19	2
AG-891-I18_a5_gnd020_p3_s5	AG-891-I18	AG-891-I18_a5_gnd020	0.181849	0.372112774	81.815129	0	3	5
AG-891-J04_a22_gnd00000	AG-891-J04	AG-891-J04_a22_gnd00000	0.000000000	0.000285379	100.000000	1		
AG-891-J04_a22_gnd00005	AG-891-J04	AG-891-J04_a22_gnd00005	0.000449447	0.001387452	99.955055	1		
AG-891-J04_a22_gnd00010	AG-891-J04	AG-891-J04_a22_gnd00010	0.000912985	0.002566090	99.908701	1		
AG-891-J04_a22_gnd00020	AG-891-J04	AG-891-J04_a22_gnd00020	0.001833387	0.004730793	99.816661	1		
AG-891-J04_a22_gnd00030	AG-891-J04	AG-891-J04_a22_gnd00030	0.002751564	0.006995262	99.724844	1		
AG-891-J04_a22_gnd00040	AG-891-J04	AG-891-J04_a22_gnd00040	0.003637850	0.009078760	99.636215	1		
AG-891-J04_a22_gnd00050	AG-891-J04	AG-891-J04_a22_gnd00050	0.004539710	0.011410514	99.546029	1		
AG-891-J04_a22_gnd00060	AG-891-J04	AG-891-J04_a22_gnd00060	0.005454920	0.013387285	99.454508	1		
AG-891-J04_a22_gnd00070	AG-891-J04	AG-891-J04_a22_gnd00070	0.006375322	0.015698157	99.362468	1		
AG-891-J04_a22_gnd00080	AG-891-J04	AG-891-J04_a22_gnd00080	0.007271991	0.017937105	99.272801	1		
AG-891-J04_a22_gnd00090	AG-891-J04	AG-891-J04_a22_gnd00090	0.008184976	0.019948678	99.181502	1		
AG-891-J04_a22_gnd001	AG-891-J04	AG-891-J04_a22_gnd001	0.009086837	0.022196907	99.091316	1		
AG-891-J04_a22_gnd002	AG-891-J04	AG-891-J04_a22_gnd002	0.018177382	0.043948344	98.182262	1		
AG-891-J04_a22_gnd003	AG-891-J04	AG-891-J04_a22_gnd003	0.027275343	0.065015336	97.272466	1		
AG-891-J04_a22_gnd004	AG-891-J04	AG-891-J04_a22_gnd004	0.036354763	0.086163534	96.364524	1		
AG-891-J04_a22_gnd005	AG-891-J04	AG-891-J04_a22_gnd005	0.045432700	0.106566962	95.456730	1		
AG-891-J04_a22_gnd006	AG-891-J04	AG-891-J04_a22_gnd006	0.054514345	0.126912386	94.548565	1		
AG-891-J04_a22_gnd007	AG-891-J04	AG-891-J04_a22_gnd007	0.063678315	0.147403980	93.632169	1		
AG-891-J04_a22_gnd008	AG-891-J04	AG-891-J04_a22_gnd008	0.072699885	0.166547565	92.730011	1		
AG-891-J04_a22_gnd009	AG-891-J04	AG-891-J04_a22_gnd009	0.081811938	0.186421999	91.818806	1		
AG-891-J04_a22_gnd010	AG-891-J04	AG-891-J04_a22_gnd010	0.090803842	0.205252363	90.919616	1		
AG-891-J04_a22_gnd011	AG-891-J04	AG-891-J04_a22_gnd011	0.099964104	0.223583894	90.003590	1		
AG-891-J04_a22_gnd012	AG-891-J04	AG-891-J04_a22_gnd012	0.109053907	0.241541881	89.094609	1		
AG-891-J04_a22_gnd013	AG-891-J04	AG-891-J04_a22_gnd013	0.118092536	0.259562512	88.190746	1		
AG-891-J04_a22_gnd014	AG-891-J04	AG-891-J04_a22_gnd014	0.127356629	0.277578502	87.264337	1		
AG-891-J04_a22_gnd015	AG-891-J04	AG-891-J04_a22_gnd015	0.136324800	0.294928609	86.367520	1		
AG-891-J04_a22_gnd016	AG-891-J04	AG-891-J04_a22_gnd016	0.145429437	0.312137186	85.457056	1		
AG-891-J04_a22_gnd017	AG-891-J04	AG-891-J04_a22_gnd017	0.154528882	0.329545296	84.547112	1		
AG-891-J04_a22_gnd018	AG-891-J04	AG-891-J04_a22_gnd018	0.163531911	0.345431386	83.646809	1		
AG-891-J04_a22_gnd019	AG-891-J04	AG-891-J04_a22_gnd019	0.172715163	0.362556438	82.728484	1		
AG-891-J04_a22_gnd020	AG-891-J04	AG-891-J04_a22_gnd020	0.182019307	0.379045767	81.798069	1		
AG-891-J04_a5_gnd00000	AG-891-J04	AG-891-J04_a5_gnd00000	0.000000000	0.000285379	100.000000	1		
AG-891-J04_a5_gnd00000_p11_s5	AG-891-J04	AG-891-J04_a5_gnd00000	0.000000	0.000285379	100.000000	0	11	5
AG-891-J04_a5_gnd00000_p14_s2	AG-891-J04	AG-891-J04_a5_gnd00000	0.000000	0.000285379	100.000000	0	14	2
AG-891-J04_a5_gnd00000_p1_s4	AG-891-J04	AG-891-J04_a5_gnd00000	0.000000	0.000285379	100.000000	0	1	4
AG-891-J04_a5_gnd00000_p20_s3	AG-891-J04	AG-891-J04_a5_gnd00000	0.000000	0.000285379	100.000000	0	20	3
AG-891-J04_a5_gnd00000_p4_s1	AG-891-J04	AG-891-J04_a5_gnd00000	0.000000	0.000285379	100.000000	0	4	1
AG-891-J04_a5_gnd00005	AG-891-J04	AG-891-J04_a5_gnd00005	0.000463538	0.001429214	99.953646	1		
AG-891-J04_a5_gnd00005_p10_s1	AG-891-J04	AG-891-J04_a5_gnd00005	0.000464	0.001429214	99.953646	0	10	1
AG-891-J04_a5_gnd00005_p11_s4	AG-891-J04	AG-891-J04_a5_gnd00005	0.000464	0.001429214	99.953646	0	11	4
AG-891-J04_a5_gnd00005_p14_s3	AG-891-J04	AG-891-J04_a5_gnd00005	0.000464	0.001429214	99.953646	0	14	3
AG-891-J04_a5_gnd00005_p17_s5	AG-891-J04	AG-891-J04_a5_gnd00005	0.000464	0.001429214	99.953646	0	17	5
AG-891-J04_a5_gnd00005_p5_s2	AG-891-J04	AG-891-J04_a5_gnd00005	0.000464	0.001429214	99.953646	0	5	2
AG-891-J04_a5_gnd00010	AG-891-J04	AG-891-J04_a5_gnd00010	0.000909277	0.002522007	99.909072	1		
AG-891-J04_a5_gnd00010_p12_s5	AG-891-J04	AG-891-J04_a5_gnd00010	0.000909	0.002522007	99.909072	0	12	5
AG-891-J04_a5_gnd00010_p13_s3	AG-891-J04	AG-891-J04_a5_gnd00010	0.000909	0.002522007	99.909072	0	13	3
AG-891-J04_a5_gnd00010_p18_s2	AG-891-J04	AG-891-J04_a5_gnd00010	0.000909	0.002522007	99.909072	0	18	2
AG-891-J04_a5_gnd00010_p19_s1	AG-891-J04	AG-891-J04_a5_gnd00010	0.000909	0.002522007	99.909072	0	19	1
AG-891-J04_a5_gnd00010_p7_s4	AG-891-J04	AG-891-J04_a5_gnd00010	0.000909	0.002522007	99.909072	0	7	4
AG-891-J04_a5_gnd00020	AG-891-J04	AG-891-J04_a5_gnd00020	0.001803721	0.004626386	99.819628	1		
AG-891-J04_a5_gnd00020_p18_s3	AG-891-J04	AG-891-J04_a5_gnd00020	0.001804	0.004626386	99.819628	0	18	3
AG-891-J04_a5_gnd00020_p20_s1	AG-891-J04	AG-891-J04_a5_gnd00020	0.001804	0.004626386	99.819628	0	20	1
AG-891-J04_a5_gnd00020_p20_s5	AG-891-J04	AG-891-J04_a5_gnd00020	0.001804	0.004626386	99.819628	0	20	5
AG-891-J04_a5_gnd00020_p7_s4	AG-891-J04	AG-891-J04_a5_gnd00020	0.001804	0.004626386	99.819628	0	7	4
AG-891-J04_a5_gnd00020_p8_s2	AG-891-J04	AG-891-J04_a5_gnd00020	0.001804	0.004626386	99.819628	0	8	2
AG-891-J04_a5_gnd00030	AG-891-J04	AG-891-J04_a5_gnd00030	0.002712998	0.006918697	99.728700	1		
AG-891-J04_a5_gnd00030_p10_s5	AG-891-J04	AG-891-J04_a5_gnd00030	0.002713	0.006918697	99.728700	0	10	5
AG-891-J04_a5_gnd00030_p19_s2	AG-891-J04	AG-891-J04_a5_gnd00030	0.002713	0.006918697	99.728700	0	19	2
AG-891-J04_a5_gnd00030_p5_s1	AG-891-J04	AG-891-J04_a5_gnd00030	0.002713	0.006918697	99.728700	0	5	1
AG-891-J04_a5_gnd00030_p7_s3	AG-891-J04	AG-891-J04_a5_gnd00030	0.002713	0.006918697	99.728700	0	7	3
AG-891-J04_a5_gnd00030_p8_s4	AG-891-J04	AG-891-J04_a5_gnd00030	0.002713	0.006918697	99.728700	0	8	4
AG-891-J04_a5_gnd00040	AG-891-J04	AG-891-J04_a5_gnd00040	0.003622275	0.009064839	99.637773	1		
AG-891-J04_a5_gnd00040_p15_s3	AG-891-J04	AG-891-J04_a5_gnd00040	0.003622	0.009064839	99.637773	0	15	3
AG-891-J04_a5_gnd00040_p19_s2	AG-891-J04	AG-891-J04_a5_gnd00040	0.003622	0.009064839	99.637773	0	19	2
AG-891-J04_a5_gnd00040_p19_s4	AG-891-J04	AG-891-J04_a5_gnd00040	0.003622	0.009064839	99.637773	0	19	4
AG-891-J04_a5_gnd00040_p20_s5	AG-891-J04	AG-891-J04_a5_gnd00040	0.003622	0.009064839	99.637773	0	20	5
AG-891-J04_a5_gnd00040_p7_s1	AG-891-J04	AG-891-J04_a5_gnd00040	0.003622	0.009064839	99.637773	0	7	1
AG-891-J04_a5_gnd00050	AG-891-J04	AG-891-J04_a5_gnd00050	0.004535260	0.011268985	99.546474	1		
AG-891-J04_a5_gnd00050_p17_s4	AG-891-J04	AG-891-J04_a5_gnd00050	0.004535	0.011268985	99.546474	0	17	4
AG-891-J04_a5_gnd00050_p19_s1	AG-891-J04	AG-891-J04_a5_gnd00050	0.004535	0.011268985	99.546474	0	19	1
AG-891-J04_a5_gnd00050_p3_s3	AG-891-J04	AG-891-J04_a5_gnd00050	0.004535	0.011268985	99.546474	0	3	3
AG-891-J04_a5_gnd00050_p7_s5	AG-891-J04	AG-891-J04_a5_gnd00050	0.004535	0.011268985	99.546474	0	7	5
AG-891-J04_a5_gnd00050_p8_s2	AG-891-J04	AG-891-J04_a5_gnd00050	0.004535	0.011268985	99.546474	0	8	2
AG-891-J04_a5_gnd00060	AG-891-J04	AG-891-J04_a5_gnd00060	0.005437120	0.013364083	99.456288	1		
AG-891-J04_a5_gnd00060_p10_s2	AG-891-J04	AG-891-J04_a5_gnd00060	0.005437	0.013364083	99.456288	0	10	2
AG-891-J04_a5_gnd00060_p13_s4	AG-891-J04	AG-891-J04_a5_gnd00060	0.005437	0.013364083	99.456288	0	13	4
AG-891-J04_a5_gnd00060_p14_s1	AG-891-J04	AG-891-J04_a5_gnd00060	0.005437	0.013364083	99.456288	0	14	1
AG-891-J04_a5_gnd00060_p14_s3	AG-891-J04	AG-891-J04_a5_gnd00060	0.005437	0.013364083	99.456288	0	14	3
AG-891-J04_a5_gnd00060_p8_s5	AG-891-J04	AG-891-J04_a5_gnd00060	0.005437	0.013364083	99.456288	0	8	5
AG-891-J04_a5_gnd00070	AG-891-J04	AG-891-J04_a5_gnd00070	0.006359747	0.015575189	99.364025	1		
AG-891-J04_a5_gnd00070_p0_s1	AG-891-J04	AG-891-J04_a5_gnd00070	0.006360	0.015575189	99.364025	0	0	1
AG-891-J04_a5_gnd00070_p0_s2	AG-891-J04	AG-891-J04_a5_gnd00070	0.006360	0.015575189	99.364025	0	0	2
AG-891-J04_a5_gnd00070_p18_s3	AG-891-J04	AG-891-J04_a5_gnd00070	0.006360	0.015575189	99.364025	0	18	3
AG-891-J04_a5_gnd00070_p7_s4	AG-891-J04	AG-891-J04_a5_gnd00070	0.006360	0.015575189	99.364025	0	7	4
AG-891-J04_a5_gnd00070_p8_s5	AG-891-J04	AG-891-J04_a5_gnd00070	0.006360	0.015575189	99.364025	0	8	5
AG-891-J04_a5_gnd00080	AG-891-J04	AG-891-J04_a5_gnd00080	0.007272733	0.017835019	99.272727	1		
AG-891-J04_a5_gnd00080_p10_s5	AG-891-J04	AG-891-J04_a5_gnd00080	0.007273	0.017835019	99.272727	0	10	5
AG-891-J04_a5_gnd00080_p16_s1	AG-891-J04	AG-891-J04_a5_gnd00080	0.007273	0.017835019	99.272727	0	16	1
AG-891-J04_a5_gnd00080_p17_s2	AG-891-J04	AG-891-J04_a5_gnd00080	0.007273	0.017835019	99.272727	0	17	2
AG-891-J04_a5_gnd00080_p17_s3	AG-891-J04	AG-891-J04_a5_gnd00080	0.007273	0.017835019	99.272727	0	17	3
AG-891-J04_a5_gnd00080_p19_s4	AG-891-J04	AG-891-J04_a5_gnd00080	0.007273	0.017835019	99.272727	0	19	4
AG-891-J04_a5_gnd00090	AG-891-J04	AG-891-J04_a5_gnd00090	0.008162726	0.020062366	99.183727	1		
AG-891-J04_a5_gnd00090_p10_s3	AG-891-J04	AG-891-J04_a5_gnd00090	0.008163	0.020062366	99.183727	0	10	3
AG-891-J04_a5_gnd00090_p15_s5	AG-891-J04	AG-891-J04_a5_gnd00090	0.008163	0.020062366	99.183727	0	15	5
AG-891-J04_a5_gnd00090_p16_s2	AG-891-J04	AG-891-J04_a5_gnd00090	0.008163	0.020062366	99.183727	0	16	2
AG-891-J04_a5_gnd00090_p17_s4	AG-891-J04	AG-891-J04_a5_gnd00090	0.008163	0.020062366	99.183727	0	17	4
AG-891-J04_a5_gnd00090_p7_s1	AG-891-J04	AG-891-J04_a5_gnd00090	0.008163	0.020062366	99.183727	0	7	1
AG-891-J04_a5_gnd001	AG-891-J04	AG-891-J04_a5_gnd001	0.009060137	0.022055377	99.093986	1		
AG-891-J04_a5_gnd001_p10_s2	AG-891-J04	AG-891-J04_a5_gnd001	0.009060	0.022055377	99.093986	0	10	2
AG-891-J04_a5_gnd001_p13_s1	AG-891-J04	AG-891-J04_a5_gnd001	0.009060	0.022055377	99.093986	0	13	1
AG-891-J04_a5_gnd001_p13_s5	AG-891-J04	AG-891-J04_a5_gnd001	0.009060	0.022055377	99.093986	0	13	5
AG-891-J04_a5_gnd001_p17_s4	AG-891-J04	AG-891-J04_a5_gnd001	0.009060	0.022055377	99.093986	0	17	4
AG-891-J04_a5_gnd001_p20_s3	AG-891-J04	AG-891-J04_a5_gnd001	0.009060	0.022055377	99.093986	0	20	3
AG-891-J04_a5_gnd002	AG-891-J04	AG-891-J04_a5_gnd002	0.018220398	0.043857858	98.177960	1		
AG-891-J04_a5_gnd002_p10_s3	AG-891-J04	AG-891-J04_a5_gnd002	0.018220	0.043857858	98.177960	0	10	3
AG-891-J04_a5_gnd002_p14_s5	AG-891-J04	AG-891-J04_a5_gnd002	0.018220	0.043857858	98.177960	0	14	5
AG-891-J04_a5_gnd002_p15_s1	AG-891-J04	AG-891-J04_a5_gnd002	0.018220	0.043857858	98.177960	0	15	1
AG-891-J04_a5_gnd002_p15_s4	AG-891-J04	AG-891-J04_a5_gnd002	0.018220	0.043857858	98.177960	0	15	4
AG-891-J04_a5_gnd002_p7_s2	AG-891-J04	AG-891-J04_a5_gnd002	0.018220	0.043857858	98.177960	0	7	2
AG-891-J04_a5_gnd003	AG-891-J04	AG-891-J04_a5_gnd003	0.027287952	0.065177747	97.271205	1		
AG-891-J04_a5_gnd003_p10_s3	AG-891-J04	AG-891-J04_a5_gnd003	0.027288	0.065177747	97.271205	0	10	3
AG-891-J04_a5_gnd003_p14_s5	AG-891-J04	AG-891-J04_a5_gnd003	0.027288	0.065177747	97.271205	0	14	5
AG-891-J04_a5_gnd003_p19_s4	AG-891-J04	AG-891-J04_a5_gnd003	0.027288	0.065177747	97.271205	0	19	4
AG-891-J04_a5_gnd003_p8_s1	AG-891-J04	AG-891-J04_a5_gnd003	0.027288	0.065177747	97.271205	0	8	1
AG-891-J04_a5_gnd003_p8_s2	AG-891-J04	AG-891-J04_a5_gnd003	0.027288	0.065177747	97.271205	0	8	2
AG-891-J04_a5_gnd004	AG-891-J04	AG-891-J04_a5_gnd004	0.036395555	0.085954720	96.360445	1		
AG-891-J04_a5_gnd004_p12_s4	AG-891-J04	AG-891-J04_a5_gnd004	0.036396	0.085954720	96.360445	0	12	4
AG-891-J04_a5_gnd004_p16_s3	AG-891-J04	AG-891-J04_a5_gnd004	0.036396	0.085954720	96.360445	0	16	3
AG-891-J04_a5_gnd004_p17_s5	AG-891-J04	AG-891-J04_a5_gnd004	0.036396	0.085954720	96.360445	0	17	5
AG-891-J04_a5_gnd004_p19_s2	AG-891-J04	AG-891-J04_a5_gnd004	0.036396	0.085954720	96.360445	0	19	2
AG-891-J04_a5_gnd004_p20_s1	AG-891-J04	AG-891-J04_a5_gnd004	0.036396	0.085954720	96.360445	0	20	1
AG-891-J04_a5_gnd005	AG-891-J04	AG-891-J04_a5_gnd005	0.045477200	0.105991564	95.452280	1		
AG-891-J04_a5_gnd005_p11_s1	AG-891-J04	AG-891-J04_a5_gnd005	0.045477	0.105991564	95.452280	0	11	1
AG-891-J04_a5_gnd005_p15_s3	AG-891-J04	AG-891-J04_a5_gnd005	0.045477	0.105991564	95.452280	0	15	3
AG-891-J04_a5_gnd005_p19_s5	AG-891-J04	AG-891-J04_a5_gnd005	0.045477	0.105991564	95.452280	0	19	5
AG-891-J04_a5_gnd005_p20_s2	AG-891-J04	AG-891-J04_a5_gnd005	0.045477	0.105991564	95.452280	0	20	2
AG-891-J04_a5_gnd005_p8_s4	AG-891-J04	AG-891-J04_a5_gnd005	0.045477	0.105991564	95.452280	0	8	4
AG-891-J04_a5_gnd006	AG-891-J04	AG-891-J04_a5_gnd006	0.054462429	0.126121214	94.553757	1		
AG-891-J04_a5_gnd006_p13_s1	AG-891-J04	AG-891-J04_a5_gnd006	0.054462	0.126121214	94.553757	0	13	1
AG-891-J04_a5_gnd006_p14_s2	AG-891-J04	AG-891-J04_a5_gnd006	0.054462	0.126121214	94.553757	0	14	2
AG-891-J04_a5_gnd006_p16_s4	AG-891-J04	AG-891-J04_a5_gnd006	0.054462	0.126121214	94.553757	0	16	4
AG-891-J04_a5_gnd006_p20_s3	AG-891-J04	AG-891-J04_a5_gnd006	0.054462	0.126121214	94.553757	0	20	3
AG-891-J04_a5_gnd006_p9_s5	AG-891-J04	AG-891-J04_a5_gnd006	0.054462	0.126121214	94.553757	0	9	5
AG-891-J04_a5_gnd007	AG-891-J04	AG-891-J04_a5_gnd007	0.063590057	0.146016529	93.640994	1		
AG-891-J04_a5_gnd007_p19_s4	AG-891-J04	AG-891-J04_a5_gnd007	0.063590	0.146016529	93.640994	0	19	4
AG-891-J04_a5_gnd007_p1_s2	AG-891-J04	AG-891-J04_a5_gnd007	0.063590	0.146016529	93.640994	0	1	2
AG-891-J04_a5_gnd007_p7_s1	AG-891-J04	AG-891-J04_a5_gnd007	0.063590	0.146016529	93.640994	0	7	1
AG-891-J04_a5_gnd007_p7_s3	AG-891-J04	AG-891-J04_a5_gnd007	0.063590	0.146016529	93.640994	0	7	3
AG-891-J04_a5_gnd007_p8_s5	AG-891-J04	AG-891-J04_a5_gnd007	0.063590	0.146016529	93.640994	0	8	5
AG-891-J04_a5_gnd008	AG-891-J04	AG-891-J04_a5_gnd008	0.072632394	0.164986102	92.736761	1		
AG-891-J04_a5_gnd008_p11_s4	AG-891-J04	AG-891-J04_a5_gnd008	0.072632	0.164986102	92.736761	0	11	4
AG-891-J04_a5_gnd008_p12_s2	AG-891-J04	AG-891-J04_a5_gnd008	0.072632	0.164986102	92.736761	0	12	2
AG-891-J04_a5_gnd008_p13_s5	AG-891-J04	AG-891-J04_a5_gnd008	0.072632	0.164986102	92.736761	0	13	5
AG-891-J04_a5_gnd008_p16_s1	AG-891-J04	AG-891-J04_a5_gnd008	0.072632	0.164986102	92.736761	0	16	1
AG-891-J04_a5_gnd008_p19_s3	AG-891-J04	AG-891-J04_a5_gnd008	0.072632	0.164986102	92.736761	0	19	3
AG-891-J04_a5_gnd009	AG-891-J04	AG-891-J04_a5_gnd009	0.081814905	0.184705085	91.818509	1		
AG-891-J04_a5_gnd009_p13_s4	AG-891-J04	AG-891-J04_a5_gnd009	0.081815	0.184705085	91.818509	0	13	4
AG-891-J04_a5_gnd009_p13_s5	AG-891-J04	AG-891-J04_a5_gnd009	0.081815	0.184705085	91.818509	0	13	5
AG-891-J04_a5_gnd009_p15_s1	AG-891-J04	AG-891-J04_a5_gnd009	0.081815	0.184705085	91.818509	0	15	1
AG-891-J04_a5_gnd009_p17_s3	AG-891-J04	AG-891-J04_a5_gnd009	0.081815	0.184705085	91.818509	0	17	3
AG-891-J04_a5_gnd009_p20_s2	AG-891-J04	AG-891-J04_a5_gnd009	0.081815	0.184705085	91.818509	0	20	2
AG-891-J04_a5_gnd010	AG-891-J04	AG-891-J04_a5_gnd010	0.090941791	0.202957731	90.905821	1		
AG-891-J04_a5_gnd010_p0_s1	AG-891-J04	AG-891-J04_a5_gnd010	0.090942	0.202957731	90.905821	0	0	1
AG-891-J04_a5_gnd010_p15_s4	AG-891-J04	AG-891-J04_a5_gnd010	0.090942	0.202957731	90.905821	0	15	4
AG-891-J04_a5_gnd010_p19_s3	AG-891-J04	AG-891-J04_a5_gnd010	0.090942	0.202957731	90.905821	0	19	3
AG-891-J04_a5_gnd010_p20_s5	AG-891-J04	AG-891-J04_a5_gnd010	0.090942	0.202957731	90.905821	0	20	5
AG-891-J04_a5_gnd010_p9_s2	AG-891-J04	AG-891-J04_a5_gnd010	0.090942	0.202957731	90.905821	0	9	2
AG-891-J04_a5_gnd011	AG-891-J04	AG-891-J04_a5_gnd011	0.099994512	0.221270702	90.000549	1		
AG-891-J04_a5_gnd011_p10_s1	AG-891-J04	AG-891-J04_a5_gnd011	0.099995	0.221270702	90.000549	0	10	1
AG-891-J04_a5_gnd011_p15_s3	AG-891-J04	AG-891-J04_a5_gnd011	0.099995	0.221270702	90.000549	0	15	3
AG-891-J04_a5_gnd011_p19_s2	AG-891-J04	AG-891-J04_a5_gnd011	0.099995	0.221270702	90.000549	0	19	2
AG-891-J04_a5_gnd011_p3_s5	AG-891-J04	AG-891-J04_a5_gnd011	0.099995	0.221270702	90.000549	0	3	5
AG-891-J04_a5_gnd011_p6_s4	AG-891-J04	AG-891-J04_a5_gnd011	0.099995	0.221270702	90.000549	0	6	4
AG-891-J04_a5_gnd012	AG-891-J04	AG-891-J04_a5_gnd012	0.108993091	0.238720575	89.100691	1		
AG-891-J04_a5_gnd012_p12_s5	AG-891-J04	AG-891-J04_a5_gnd012	0.108993	0.238720575	89.100691	0	12	5
AG-891-J04_a5_gnd012_p14_s1	AG-891-J04	AG-891-J04_a5_gnd012	0.108993	0.238720575	89.100691	0	14	1
AG-891-J04_a5_gnd012_p18_s4	AG-891-J04	AG-891-J04_a5_gnd012	0.108993	0.238720575	89.100691	0	18	4
AG-891-J04_a5_gnd012_p19_s3	AG-891-J04	AG-891-J04_a5_gnd012	0.108993	0.238720575	89.100691	0	19	3
AG-891-J04_a5_gnd012_p7_s2	AG-891-J04	AG-891-J04_a5_gnd012	0.108993	0.238720575	89.100691	0	7	2
AG-891-J04_a5_gnd013	AG-891-J04	AG-891-J04_a5_gnd013	0.118153352	0.256922177	88.184665	1		
AG-891-J04_a5_gnd013_p0_s1	AG-891-J04	AG-891-J04_a5_gnd013	0.118153	0.256922177	88.184665	0	0	1
AG-891-J04_a5_gnd013_p11_s2	AG-891-J04	AG-891-J04_a5_gnd013	0.118153	0.256922177	88.184665	0	11	2
AG-891-J04_a5_gnd013_p17_s3	AG-891-J04	AG-891-J04_a5_gnd013	0.118153	0.256922177	88.184665	0	17	3
AG-891-J04_a5_gnd013_p19_s5	AG-891-J04	AG-891-J04_a5_gnd013	0.118153	0.256922177	88.184665	0	19	5
AG-891-J04_a5_gnd013_p1_s4	AG-891-J04	AG-891-J04_a5_gnd013	0.118153	0.256922177	88.184665	0	1	4
AG-891-J04_a5_gnd014	AG-891-J04	AG-891-J04_a5_gnd014	0.127248347	0.274606386	87.275165	1		
AG-891-J04_a5_gnd014_p12_s5	AG-891-J04	AG-891-J04_a5_gnd014	0.127248	0.274606386	87.275165	0	12	5
AG-891-J04_a5_gnd014_p17_s1	AG-891-J04	AG-891-J04_a5_gnd014	0.127248	0.274606386	87.275165	0	17	1
AG-891-J04_a5_gnd014_p5_s2	AG-891-J04	AG-891-J04_a5_gnd014	0.127248	0.274606386	87.275165	0	5	2
AG-891-J04_a5_gnd014_p7_s4	AG-891-J04	AG-891-J04_a5_gnd014	0.127248	0.274606386	87.275165	0	7	4
AG-891-J04_a5_gnd014_p9_s3	AG-891-J04	AG-891-J04_a5_gnd014	0.127248	0.274606386	87.275165	0	9	3
AG-891-J04_a5_gnd015	AG-891-J04	AG-891-J04_a5_gnd015	0.136371525	0.291891528	86.362848	1		
AG-891-J04_a5_gnd015_p11_s2	AG-891-J04	AG-891-J04_a5_gnd015	0.136372	0.291891528	86.362848	0	11	2
AG-891-J04_a5_gnd015_p16_s4	AG-891-J04	AG-891-J04_a5_gnd015	0.136372	0.291891528	86.362848	0	16	4
AG-891-J04_a5_gnd015_p18_s3	AG-891-J04	AG-891-J04_a5_gnd015	0.136372	0.291891528	86.362848	0	18	3
AG-891-J04_a5_gnd015_p18_s5	AG-891-J04	AG-891-J04_a5_gnd015	0.136372	0.291891528	86.362848	0	18	5
AG-891-J04_a5_gnd015_p7_s1	AG-891-J04	AG-891-J04_a5_gnd015	0.136372	0.291891528	86.362848	0	7	1
AG-891-J04_a5_gnd016	AG-891-J04	AG-891-J04_a5_gnd016	0.145507311	0.308701039	85.449269	1		
AG-891-J04_a5_gnd016_p18_s3	AG-891-J04	AG-891-J04_a5_gnd016	0.145507	0.308701039	85.449269	0	18	3
AG-891-J04_a5_gnd016_p4_s4	AG-891-J04	AG-891-J04_a5_gnd016	0.145507	0.308701039	85.449269	0	4	4
AG-891-J04_a5_gnd016_p6_s5	AG-891-J04	AG-891-J04_a5_gnd016	0.145507	0.308701039	85.449269	0	6	5
AG-891-J04_a5_gnd016_p8_s2	AG-891-J04	AG-891-J04_a5_gnd016	0.145507	0.308701039	85.449269	0	8	2
AG-891-J04_a5_gnd016_p9_s1	AG-891-J04	AG-891-J04_a5_gnd016	0.145507	0.308701039	85.449269	0	9	1
AG-891-J04_a5_gnd017	AG-891-J04	AG-891-J04_a5_gnd017	0.154620106	0.324137019	84.537989	1		
AG-891-J04_a5_gnd017_p12_s3	AG-891-J04	AG-891-J04_a5_gnd017	0.154620	0.324137019	84.537989	0	12	3
AG-891-J04_a5_gnd017_p13_s2	AG-891-J04	AG-891-J04_a5_gnd017	0.154620	0.324137019	84.537989	0	13	2
AG-891-J04_a5_gnd017_p14_s4	AG-891-J04	AG-891-J04_a5_gnd017	0.154620	0.324137019	84.537989	0	14	4
AG-891-J04_a5_gnd017_p20_s1	AG-891-J04	AG-891-J04_a5_gnd017	0.154620	0.324137019	84.537989	0	20	1
AG-891-J04_a5_gnd017_p20_s5	AG-891-J04	AG-891-J04_a5_gnd017	0.154620	0.324137019	84.537989	0	20	5
AG-891-J04_a5_gnd018	AG-891-J04	AG-891-J04_a5_gnd018	0.163793717	0.340716835	83.620628	1		
AG-891-J04_a5_gnd018_p10_s4	AG-891-J04	AG-891-J04_a5_gnd018	0.163794	0.340716835	83.620628	0	10	4
AG-891-J04_a5_gnd018_p17_s2	AG-891-J04	AG-891-J04_a5_gnd018	0.163794	0.340716835	83.620628	0	17	2
AG-891-J04_a5_gnd018_p20_s5	AG-891-J04	AG-891-J04_a5_gnd018	0.163794	0.340716835	83.620628	0	20	5
AG-891-J04_a5_gnd018_p6_s3	AG-891-J04	AG-891-J04_a5_gnd018	0.163794	0.340716835	83.620628	0	6	3
AG-891-J04_a5_gnd018_p8_s1	AG-891-J04	AG-891-J04_a5_gnd018	0.163794	0.340716835	83.620628	0	8	1
AG-891-J04_a5_gnd019	AG-891-J04	AG-891-J04_a5_gnd019	0.172704780	0.356387150	82.729522	1		
AG-891-J04_a5_gnd019_p0_s1	AG-891-J04	AG-891-J04_a5_gnd019	0.172705	0.356387150	82.729522	0	0	1
AG-891-J04_a5_gnd019_p16_s3	AG-891-J04	AG-891-J04_a5_gnd019	0.172705	0.356387150	82.729522	0	16	3
AG-891-J04_a5_gnd019_p16_s4	AG-891-J04	AG-891-J04_a5_gnd019	0.172705	0.356387150	82.729522	0	16	4
AG-891-J04_a5_gnd019_p17_s2	AG-891-J04	AG-891-J04_a5_gnd019	0.172705	0.356387150	82.729522	0	17	2
AG-891-J04_a5_gnd019_p18_s5	AG-891-J04	AG-891-J04_a5_gnd019	0.172705	0.356387150	82.729522	0	18	5
AG-891-J04_a5_gnd020	AG-891-J04	AG-891-J04_a5_gnd020	0.182043040	0.373400834	81.795696	1		
AG-891-J04_a5_gnd020_p0_s5	AG-891-J04	AG-891-J04_a5_gnd020	0.182043	0.373400834	81.795696	0	0	5
AG-891-J04_a5_gnd020_p10_s1	AG-891-J04	AG-891-J04_a5_gnd020	0.182043	0.373400834	81.795696	0	10	1
AG-891-J04_a5_gnd020_p19_s4	AG-891-J04	AG-891-J04_a5_gnd020	0.182043	0.373400834	81.795696	0	19	4
AG-891-J04_a5_gnd020_p20_s3	AG-891-J04	AG-891-J04_a5_gnd020	0.182043	0.373400834	81.795696	0	20	3
AG-891-J04_a5_gnd020_p9_s2	AG-891-J04	AG-891-J04_a5_gnd020	0.182043	0.373400834	81.795696	0	9	2
AG-891-J07_a22_gnd00000	AG-891-J07	AG-891-J07_a22_gnd00000	0.000000000	0.000248233	100.000000	1		
AG-891-J07_a22_gnd00005	AG-891-J07	AG-891-J07_a22_gnd00005	0.000447346	0.001349765	99.955265	1		
AG-891-J07_a22_gnd00010	AG-891-J07	AG-891-J07_a22_gnd00010	0.000896344	0.002453883	99.910366	1		
AG-891-J07_a22_gnd00020	AG-891-J07	AG-891-J07_a22_gnd00020	0.001805893	0.004682805	99.819411	1		
AG-891-J07_a22_gnd00030	AG-891-J07	AG-891-J07_a22_gnd00030	0.002710490	0.007015158	99.728951	1		
AG-891-J07_a22_gnd00040	AG-891-J07	AG-891-J07_a22_gnd00040	0.003634896	0.009150993	99.636510	1		
AG-891-J07_a22_gnd00050	AG-891-J07	AG-891-J07_a22_gnd00050	0.004522986	0.011335957	99.547701	1		
AG-891-J07_a22_gnd00060	AG-891-J07	AG-891-J07_a22_gnd00060	0.005430885	0.013606251	99.456912	1		
AG-891-J07_a22_gnd00070	AG-891-J07	AG-891-J07_a22_gnd00070	0.006322276	0.015760187	99.367772	1		
AG-891-J07_a22_gnd00080	AG-891-J07	AG-891-J07_a22_gnd00080	0.007207890	0.017761562	99.279211	1		
AG-891-J07_a22_gnd00090	AG-891-J07	AG-891-J07_a22_gnd00090	0.008119915	0.020078400	99.188008	1		
AG-891-J07_a22_gnd001	AG-891-J07	AG-891-J07_a22_gnd001	0.009005529	0.021953074	99.099447	1		
AG-891-J07_a22_gnd002	AG-891-J07	AG-891-J07_a22_gnd002	0.018083690	0.043838918	98.191631	1		
AG-891-J07_a22_gnd003	AG-891-J07	AG-891-J07_a22_gnd003	0.027162676	0.065662704	97.283732	1		
AG-891-J07_a22_gnd004	AG-891-J07	AG-891-J07_a22_gnd004	0.036179761	0.086454773	96.382024	1		
AG-891-J07_a22_gnd005	AG-891-J07	AG-891-J07_a22_gnd005	0.045215828	0.106895179	95.478417	1		
AG-891-J07_a22_gnd006	AG-891-J07	AG-891-J07_a22_gnd006	0.054101680	0.126823605	94.589832	1		
AG-891-J07_a22_gnd007	AG-891-J07	AG-891-J07_a22_gnd007	0.063310248	0.147289868	93.668975	1		
AG-891-J07_a22_gnd008	AG-891-J07	AG-891-J07_a22_gnd008	0.072382631	0.167466527	92.761737	1		
AG-891-J07_a22_gnd009	AG-891-J07	AG-891-J07_a22_gnd009	0.081299847	0.186011574	91.870015	1		
AG-891-J07_a22_gnd010	AG-891-J07	AG-891-J07_a22_gnd010	0.090464671	0.205063429	90.953533	1		
AG-891-J07_a22_gnd011	AG-891-J07	AG-891-J07_a22_gnd011	0.099498262	0.223799821	90.050174	1		
AG-891-J07_a22_gnd012	AG-891-J07	AG-891-J07_a22_gnd012	0.108414652	0.242088878	89.158535	1		
AG-891-J07_a22_gnd013	AG-891-J07	AG-891-J07_a22_gnd013	0.117534081	0.260323633	88.246592	1		
AG-891-J07_a22_gnd014	AG-891-J07	AG-891-J07_a22_gnd014	0.126530531	0.278245512	87.346947	1		
AG-891-J07_a22_gnd015	AG-891-J07	AG-891-J07_a22_gnd015	0.135667293	0.295973460	86.433271	1		
AG-891-J07_a22_gnd016	AG-891-J07	AG-891-J07_a22_gnd016	0.144743803	0.312899823	85.525620	1		
AG-891-J07_a22_gnd017	AG-891-J07	AG-891-J07_a22_gnd017	0.153910278	0.329821014	84.608972	1		
AG-891-J07_a22_gnd018	AG-891-J07	AG-891-J07_a22_gnd018	0.163099038	0.346390542	83.690096	1		
AG-891-J07_a22_gnd019	AG-891-J07	AG-891-J07_a22_gnd019	0.172031110	0.362378276	82.796889	1		
AG-891-J07_a22_gnd020	AG-891-J07	AG-891-J07_a22_gnd020	0.180975562	0.378216035	81.902444	1		
AG-891-J07_a5_gnd00000	AG-891-J07	AG-891-J07_a5_gnd00000	0.000000000	0.000248233	100.000000	1		
AG-891-J07_a5_gnd00000_p10_s1	AG-891-J07	AG-891-J07_a5_gnd00000	0.000000	0.000248233	100.000000	0	10	1
AG-891-J07_a5_gnd00000_p13_s5	AG-891-J07	AG-891-J07_a5_gnd00000	0.000000	0.000248233	100.000000	0	13	5
AG-891-J07_a5_gnd00000_p16_s4	AG-891-J07	AG-891-J07_a5_gnd00000	0.000000	0.000248233	100.000000	0	16	4
AG-891-J07_a5_gnd00000_p1_s2	AG-891-J07	AG-891-J07_a5_gnd00000	0.000000	0.000248233	100.000000	0	1	2
AG-891-J07_a5_gnd00000_p3_s3	AG-891-J07	AG-891-J07_a5_gnd00000	0.000000	0.000248233	100.000000	0	3	3
AG-891-J07_a5_gnd00005	AG-891-J07	AG-891-J07_a5_gnd00005	0.000450648	0.001323907	99.954935	1		
AG-891-J07_a5_gnd00005_p11_s3	AG-891-J07	AG-891-J07_a5_gnd00005	0.000451	0.001323907	99.954935	0	11	3
AG-891-J07_a5_gnd00005_p11_s4	AG-891-J07	AG-891-J07_a5_gnd00005	0.000451	0.001323907	99.954935	0	11	4
AG-891-J07_a5_gnd00005_p14_s2	AG-891-J07	AG-891-J07_a5_gnd00005	0.000451	0.001323907	99.954935	0	14	2
AG-891-J07_a5_gnd00005_p14_s5	AG-891-J07	AG-891-J07_a5_gnd00005	0.000451	0.001323907	99.954935	0	14	5
AG-891-J07_a5_gnd00005_p17_s1	AG-891-J07	AG-891-J07_a5_gnd00005	0.000451	0.001323907	99.954935	0	17	1
AG-891-J07_a5_gnd00010	AG-891-J07	AG-891-J07_a5_gnd00010	0.000902946	0.002384068	99.909705	1		
AG-891-J07_a5_gnd00010_p0_s1	AG-891-J07	AG-891-J07_a5_gnd00010	0.000903	0.002384068	99.909705	0	0	1
AG-891-J07_a5_gnd00010_p11_s3	AG-891-J07	AG-891-J07_a5_gnd00010	0.000903	0.002384068	99.909705	0	11	3
AG-891-J07_a5_gnd00010_p13_s5	AG-891-J07	AG-891-J07_a5_gnd00010	0.000903	0.002384068	99.909705	0	13	5
AG-891-J07_a5_gnd00010_p14_s4	AG-891-J07	AG-891-J07_a5_gnd00010	0.000903	0.002384068	99.909705	0	14	4
AG-891-J07_a5_gnd00010_p8_s2	AG-891-J07	AG-891-J07_a5_gnd00010	0.000903	0.002384068	99.909705	0	8	2
AG-891-J07_a5_gnd00020	AG-891-J07	AG-891-J07_a5_gnd00020	0.001825702	0.004695734	99.817430	1		
AG-891-J07_a5_gnd00020_p17_s2	AG-891-J07	AG-891-J07_a5_gnd00020	0.001826	0.004695734	99.817430	0	17	2
AG-891-J07_a5_gnd00020_p18_s1	AG-891-J07	AG-891-J07_a5_gnd00020	0.001826	0.004695734	99.817430	0	18	1
AG-891-J07_a5_gnd00020_p18_s5	AG-891-J07	AG-891-J07_a5_gnd00020	0.001826	0.004695734	99.817430	0	18	5
AG-891-J07_a5_gnd00020_p20_s3	AG-891-J07	AG-891-J07_a5_gnd00020	0.001826	0.004695734	99.817430	0	20	3
AG-891-J07_a5_gnd00020_p20_s4	AG-891-J07	AG-891-J07_a5_gnd00020	0.001826	0.004695734	99.817430	0	20	4
AG-891-J07_a5_gnd00030	AG-891-J07	AG-891-J07_a5_gnd00030	0.002732775	0.006906556	99.726723	1		
AG-891-J07_a5_gnd00030_p12_s1	AG-891-J07	AG-891-J07_a5_gnd00030	0.002733	0.006906556	99.726723	0	12	1
AG-891-J07_a5_gnd00030_p18_s3	AG-891-J07	AG-891-J07_a5_gnd00030	0.002733	0.006906556	99.726723	0	18	3
AG-891-J07_a5_gnd00030_p18_s4	AG-891-J07	AG-891-J07_a5_gnd00030	0.002733	0.006906556	99.726723	0	18	4
AG-891-J07_a5_gnd00030_p18_s5	AG-891-J07	AG-891-J07_a5_gnd00030	0.002733	0.006906556	99.726723	0	18	5
AG-891-J07_a5_gnd00030_p8_s2	AG-891-J07	AG-891-J07_a5_gnd00030	0.002733	0.006906556	99.726723	0	8	2
AG-891-J07_a5_gnd00040	AG-891-J07	AG-891-J07_a5_gnd00040	0.003602707	0.009148407	99.639729	1		
AG-891-J07_a5_gnd00040_p10_s3	AG-891-J07	AG-891-J07_a5_gnd00040	0.003603	0.009148407	99.639729	0	10	3
AG-891-J07_a5_gnd00040_p11_s5	AG-891-J07	AG-891-J07_a5_gnd00040	0.003603	0.009148407	99.639729	0	11	5
AG-891-J07_a5_gnd00040_p13_s2	AG-891-J07	AG-891-J07_a5_gnd00040	0.003603	0.009148407	99.639729	0	13	2
AG-891-J07_a5_gnd00040_p20_s4	AG-891-J07	AG-891-J07_a5_gnd00040	0.003603	0.009148407	99.639729	0	20	4
AG-891-J07_a5_gnd00040_p9_s1	AG-891-J07	AG-891-J07_a5_gnd00040	0.003603	0.009148407	99.639729	0	9	1
AG-891-J07_a5_gnd00050	AG-891-J07	AG-891-J07_a5_gnd00050	0.004498225	0.011294585	99.550177	1		
AG-891-J07_a5_gnd00050_p11_s4	AG-891-J07	AG-891-J07_a5_gnd00050	0.004498	0.011294585	99.550177	0	11	4
AG-891-J07_a5_gnd00050_p11_s5	AG-891-J07	AG-891-J07_a5_gnd00050	0.004498	0.011294585	99.550177	0	11	5
AG-891-J07_a5_gnd00050_p12_s1	AG-891-J07	AG-891-J07_a5_gnd00050	0.004498	0.011294585	99.550177	0	12	1
AG-891-J07_a5_gnd00050_p19_s3	AG-891-J07	AG-891-J07_a5_gnd00050	0.004498	0.011294585	99.550177	0	19	3
AG-891-J07_a5_gnd00050_p4_s2	AG-891-J07	AG-891-J07_a5_gnd00050	0.004498	0.011294585	99.550177	0	4	2
AG-891-J07_a5_gnd00060	AG-891-J07	AG-891-J07_a5_gnd00060	0.005439964	0.013484721	99.456004	1		
AG-891-J07_a5_gnd00060_p0_s2	AG-891-J07	AG-891-J07_a5_gnd00060	0.005440	0.013484721	99.456004	0	0	2
AG-891-J07_a5_gnd00060_p11_s5	AG-891-J07	AG-891-J07_a5_gnd00060	0.005440	0.013484721	99.456004	0	11	5
AG-891-J07_a5_gnd00060_p14_s1	AG-891-J07	AG-891-J07_a5_gnd00060	0.005440	0.013484721	99.456004	0	14	1
AG-891-J07_a5_gnd00060_p18_s3	AG-891-J07	AG-891-J07_a5_gnd00060	0.005440	0.013484721	99.456004	0	18	3
AG-891-J07_a5_gnd00060_p20_s4	AG-891-J07	AG-891-J07_a5_gnd00060	0.005440	0.013484721	99.456004	0	20	4
AG-891-J07_a5_gnd00070	AG-891-J07	AG-891-J07_a5_gnd00070	0.006326403	0.015646413	99.367360	1		
AG-891-J07_a5_gnd00070_p11_s3	AG-891-J07	AG-891-J07_a5_gnd00070	0.006326	0.015646413	99.367360	0	11	3
AG-891-J07_a5_gnd00070_p15_s1	AG-891-J07	AG-891-J07_a5_gnd00070	0.006326	0.015646413	99.367360	0	15	1
AG-891-J07_a5_gnd00070_p18_s2	AG-891-J07	AG-891-J07_a5_gnd00070	0.006326	0.015646413	99.367360	0	18	2
AG-891-J07_a5_gnd00070_p5_s4	AG-891-J07	AG-891-J07_a5_gnd00070	0.006326	0.015646413	99.367360	0	5	4
AG-891-J07_a5_gnd00070_p8_s5	AG-891-J07	AG-891-J07_a5_gnd00070	0.006326	0.015646413	99.367360	0	8	5
AG-891-J07_a5_gnd00080	AG-891-J07	AG-891-J07_a5_gnd00080	0.007249158	0.017704676	99.275084	1		
AG-891-J07_a5_gnd00080_p0_s5	AG-891-J07	AG-891-J07_a5_gnd00080	0.007249	0.017704676	99.275084	0	0	5
AG-891-J07_a5_gnd00080_p15_s2	AG-891-J07	AG-891-J07_a5_gnd00080	0.007249	0.017704676	99.275084	0	15	2
AG-891-J07_a5_gnd00080_p15_s4	AG-891-J07	AG-891-J07_a5_gnd00080	0.007249	0.017704676	99.275084	0	15	4
AG-891-J07_a5_gnd00080_p17_s1	AG-891-J07	AG-891-J07_a5_gnd00080	0.007249	0.017704676	99.275084	0	17	1
AG-891-J07_a5_gnd00080_p6_s3	AG-891-J07	AG-891-J07_a5_gnd00080	0.007249	0.017704676	99.275084	0	6	3
AG-891-J07_a5_gnd00090	AG-891-J07	AG-891-J07_a5_gnd00090	0.008141375	0.019962041	99.185863	1		
AG-891-J07_a5_gnd00090_p11_s4	AG-891-J07	AG-891-J07_a5_gnd00090	0.008141	0.019962041	99.185863	0	11	4
AG-891-J07_a5_gnd00090_p14_s1	AG-891-J07	AG-891-J07_a5_gnd00090	0.008141	0.019962041	99.185863	0	14	1
AG-891-J07_a5_gnd00090_p17_s2	AG-891-J07	AG-891-J07_a5_gnd00090	0.008141	0.019962041	99.185863	0	17	2
AG-891-J07_a5_gnd00090_p17_s3	AG-891-J07	AG-891-J07_a5_gnd00090	0.008141	0.019962041	99.185863	0	17	3
AG-891-J07_a5_gnd00090_p9_s5	AG-891-J07	AG-891-J07_a5_gnd00090	0.008141	0.019962041	99.185863	0	9	5
AG-891-J07_a5_gnd001	AG-891-J07	AG-891-J07_a5_gnd001	0.009073209	0.022242678	99.092679	1		
AG-891-J07_a5_gnd001_p11_s5	AG-891-J07	AG-891-J07_a5_gnd001	0.009073	0.022242678	99.092679	0	11	5
AG-891-J07_a5_gnd001_p15_s1	AG-891-J07	AG-891-J07_a5_gnd001	0.009073	0.022242678	99.092679	0	15	1
AG-891-J07_a5_gnd001_p16_s2	AG-891-J07	AG-891-J07_a5_gnd001	0.009073	0.022242678	99.092679	0	16	2
AG-891-J07_a5_gnd001_p4_s4	AG-891-J07	AG-891-J07_a5_gnd001	0.009073	0.022242678	99.092679	0	4	4
AG-891-J07_a5_gnd001_p7_s3	AG-891-J07	AG-891-J07_a5_gnd001	0.009073	0.022242678	99.092679	0	7	3
AG-891-J07_a5_gnd002	AG-891-J07	AG-891-J07_a5_gnd002	0.018058104	0.043859604	98.194190	1		
AG-891-J07_a5_gnd002_p14_s1	AG-891-J07	AG-891-J07_a5_gnd002	0.018058	0.043859604	98.194190	0	14	1
AG-891-J07_a5_gnd002_p14_s2	AG-891-J07	AG-891-J07_a5_gnd002	0.018058	0.043859604	98.194190	0	14	2
AG-891-J07_a5_gnd002_p15_s3	AG-891-J07	AG-891-J07_a5_gnd002	0.018058	0.043859604	98.194190	0	15	3
AG-891-J07_a5_gnd002_p17_s5	AG-891-J07	AG-891-J07_a5_gnd002	0.018058	0.043859604	98.194190	0	17	5
AG-891-J07_a5_gnd002_p18_s4	AG-891-J07	AG-891-J07_a5_gnd002	0.018058	0.043859604	98.194190	0	18	4
AG-891-J07_a5_gnd003	AG-891-J07	AG-891-J07_a5_gnd003	0.027075188	0.064843019	97.292481	1		
AG-891-J07_a5_gnd003_p11_s4	AG-891-J07	AG-891-J07_a5_gnd003	0.027075	0.064843019	97.292481	0	11	4
AG-891-J07_a5_gnd003_p17_s2	AG-891-J07	AG-891-J07_a5_gnd003	0.027075	0.064843019	97.292481	0	17	2
AG-891-J07_a5_gnd003_p18_s5	AG-891-J07	AG-891-J07_a5_gnd003	0.027075	0.064843019	97.292481	0	18	5
AG-891-J07_a5_gnd003_p5_s1	AG-891-J07	AG-891-J07_a5_gnd003	0.027075	0.064843019	97.292481	0	5	1
AG-891-J07_a5_gnd003_p6_s3	AG-891-J07	AG-891-J07_a5_gnd003	0.027075	0.064843019	97.292481	0	6	3
AG-891-J07_a5_gnd004	AG-891-J07	AG-891-J07_a5_gnd004	0.036165729	0.086061738	96.383427	1		
AG-891-J07_a5_gnd004_p17_s1	AG-891-J07	AG-891-J07_a5_gnd004	0.036166	0.086061738	96.383427	0	17	1
AG-891-J07_a5_gnd004_p3_s5	AG-891-J07	AG-891-J07_a5_gnd004	0.036166	0.086061738	96.383427	0	3	5
AG-891-J07_a5_gnd004_p5_s4	AG-891-J07	AG-891-J07_a5_gnd004	0.036166	0.086061738	96.383427	0	5	4
AG-891-J07_a5_gnd004_p7_s2	AG-891-J07	AG-891-J07_a5_gnd004	0.036166	0.086061738	96.383427	0	7	2
AG-891-J07_a5_gnd004_p7_s3	AG-891-J07	AG-891-J07_a5_gnd004	0.036166	0.086061738	96.383427	0	7	3
AG-891-J07_a5_gnd005	AG-891-J07	AG-891-J07_a5_gnd005	0.045110182	0.106059979	95.488982	1		
AG-891-J07_a5_gnd005_p14_s1	AG-891-J07	AG-891-J07_a5_gnd005	0.045110	0.106059979	95.488982	0	14	1
AG-891-J07_a5_gnd005_p14_s5	AG-891-J07	AG-891-J07_a5_gnd005	0.045110	0.106059979	95.488982	0	14	5
AG-891-J07_a5_gnd005_p16_s2	AG-891-J07	AG-891-J07_a5_gnd005	0.045110	0.106059979	95.488982	0	16	2
AG-891-J07_a5_gnd005_p18_s3	AG-891-J07	AG-891-J07_a5_gnd005	0.045110	0.106059979	95.488982	0	18	3
AG-891-J07_a5_gnd005_p5_s4	AG-891-J07	AG-891-J07_a5_gnd005	0.045110	0.106059979	95.488982	0	5	4
AG-891-J07_a5_gnd006	AG-891-J07	AG-891-J07_a5_gnd006	0.054289862	0.127183025	94.571014	1		
AG-891-J07_a5_gnd006_p0_s3	AG-891-J07	AG-891-J07_a5_gnd006	0.054290	0.127183025	94.571014	0	0	3
AG-891-J07_a5_gnd006_p10_s2	AG-891-J07	AG-891-J07_a5_gnd006	0.054290	0.127183025	94.571014	0	10	2
AG-891-J07_a5_gnd006_p16_s1	AG-891-J07	AG-891-J07_a5_gnd006	0.054290	0.127183025	94.571014	0	16	1
AG-891-J07_a5_gnd006_p19_s4	AG-891-J07	AG-891-J07_a5_gnd006	0.054290	0.127183025	94.571014	0	19	4
AG-891-J07_a5_gnd006_p20_s5	AG-891-J07	AG-891-J07_a5_gnd006	0.054290	0.127183025	94.571014	0	20	5
AG-891-J07_a5_gnd007	AG-891-J07	AG-891-J07_a5_gnd007	0.063301994	0.146242637	93.669801	1		
AG-891-J07_a5_gnd007_p0_s3	AG-891-J07	AG-891-J07_a5_gnd007	0.063302	0.146242637	93.669801	0	0	3
AG-891-J07_a5_gnd007_p13_s4	AG-891-J07	AG-891-J07_a5_gnd007	0.063302	0.146242637	93.669801	0	13	4
AG-891-J07_a5_gnd007_p17_s5	AG-891-J07	AG-891-J07_a5_gnd007	0.063302	0.146242637	93.669801	0	17	5
AG-891-J07_a5_gnd007_p19_s2	AG-891-J07	AG-891-J07_a5_gnd007	0.063302	0.146242637	93.669801	0	19	2
AG-891-J07_a5_gnd007_p3_s1	AG-891-J07	AG-891-J07_a5_gnd007	0.063302	0.146242637	93.669801	0	3	1
AG-891-J07_a5_gnd008	AG-891-J07	AG-891-J07_a5_gnd008	0.072371076	0.165731485	92.762892	1		
AG-891-J07_a5_gnd008_p10_s3	AG-891-J07	AG-891-J07_a5_gnd008	0.072371	0.165731485	92.762892	0	10	3
AG-891-J07_a5_gnd008_p11_s1	AG-891-J07	AG-891-J07_a5_gnd008	0.072371	0.165731485	92.762892	0	11	1
AG-891-J07_a5_gnd008_p12_s5	AG-891-J07	AG-891-J07_a5_gnd008	0.072371	0.165731485	92.762892	0	12	5
AG-891-J07_a5_gnd008_p16_s2	AG-891-J07	AG-891-J07_a5_gnd008	0.072371	0.165731485	92.762892	0	16	2
AG-891-J07_a5_gnd008_p5_s4	AG-891-J07	AG-891-J07_a5_gnd008	0.072371	0.165731485	92.762892	0	5	4
AG-891-J07_a5_gnd009	AG-891-J07	AG-891-J07_a5_gnd009	0.081261880	0.184423919	91.873812	1		
AG-891-J07_a5_gnd009_p11_s1	AG-891-J07	AG-891-J07_a5_gnd009	0.081262	0.184423919	91.873812	0	11	1
AG-891-J07_a5_gnd009_p14_s4	AG-891-J07	AG-891-J07_a5_gnd009	0.081262	0.184423919	91.873812	0	14	4
AG-891-J07_a5_gnd009_p15_s2	AG-891-J07	AG-891-J07_a5_gnd009	0.081262	0.184423919	91.873812	0	15	2
AG-891-J07_a5_gnd009_p16_s3	AG-891-J07	AG-891-J07_a5_gnd009	0.081262	0.184423919	91.873812	0	16	3
AG-891-J07_a5_gnd009_p5_s5	AG-891-J07	AG-891-J07_a5_gnd009	0.081262	0.184423919	91.873812	0	5	5
AG-891-J07_a5_gnd010	AG-891-J07	AG-891-J07_a5_gnd010	0.090386261	0.203511975	90.961374	1		
AG-891-J07_a5_gnd010_p0_s5	AG-891-J07	AG-891-J07_a5_gnd010	0.090386	0.203511975	90.961374	0	0	5
AG-891-J07_a5_gnd010_p10_s3	AG-891-J07	AG-891-J07_a5_gnd010	0.090386	0.203511975	90.961374	0	10	3
AG-891-J07_a5_gnd010_p11_s1	AG-891-J07	AG-891-J07_a5_gnd010	0.090386	0.203511975	90.961374	0	11	1
AG-891-J07_a5_gnd010_p16_s4	AG-891-J07	AG-891-J07_a5_gnd010	0.090386	0.203511975	90.961374	0	16	4
AG-891-J07_a5_gnd010_p7_s2	AG-891-J07	AG-891-J07_a5_gnd010	0.090386	0.203511975	90.961374	0	7	2
AG-891-J07_a5_gnd011	AG-891-J07	AG-891-J07_a5_gnd011	0.099549435	0.222261296	90.045057	1		
AG-891-J07_a5_gnd011_p12_s2	AG-891-J07	AG-891-J07_a5_gnd011	0.099549	0.222261296	90.045057	0	12	2
AG-891-J07_a5_gnd011_p12_s4	AG-891-J07	AG-891-J07_a5_gnd011	0.099549	0.222261296	90.045057	0	12	4
AG-891-J07_a5_gnd011_p15_s5	AG-891-J07	AG-891-J07_a5_gnd011	0.099549	0.222261296	90.045057	0	15	5
AG-891-J07_a5_gnd011_p18_s3	AG-891-J07	AG-891-J07_a5_gnd011	0.099549	0.222261296	90.045057	0	18	3
AG-891-J07_a5_gnd011_p20_s1	AG-891-J07	AG-891-J07_a5_gnd011	0.099549	0.222261296	90.045057	0	20	1
AG-891-J07_a5_gnd012	AG-891-J07	AG-891-J07_a5_gnd012	0.108528552	0.239769454	89.147145	1		
AG-891-J07_a5_gnd012_p0_s4	AG-891-J07	AG-891-J07_a5_gnd012	0.108529	0.239769454	89.147145	0	0	4
AG-891-J07_a5_gnd012_p11_s3	AG-891-J07	AG-891-J07_a5_gnd012	0.108529	0.239769454	89.147145	0	11	3
AG-891-J07_a5_gnd012_p11_s5	AG-891-J07	AG-891-J07_a5_gnd012	0.108529	0.239769454	89.147145	0	11	5
AG-891-J07_a5_gnd012_p12_s2	AG-891-J07	AG-891-J07_a5_gnd012	0.108529	0.239769454	89.147145	0	12	2
AG-891-J07_a5_gnd012_p17_s1	AG-891-J07	AG-891-J07_a5_gnd012	0.108529	0.239769454	89.147145	0	17	1
AG-891-J07_a5_gnd013	AG-891-J07	AG-891-J07_a5_gnd013	0.117600936	0.257401728	88.239906	1		
AG-891-J07_a5_gnd013_p10_s2	AG-891-J07	AG-891-J07_a5_gnd013	0.117601	0.257401728	88.239906	0	10	2
AG-891-J07_a5_gnd013_p14_s1	AG-891-J07	AG-891-J07_a5_gnd013	0.117601	0.257401728	88.239906	0	14	1
AG-891-J07_a5_gnd013_p18_s4	AG-891-J07	AG-891-J07_a5_gnd013	0.117601	0.257401728	88.239906	0	18	4
AG-891-J07_a5_gnd013_p19_s3	AG-891-J07	AG-891-J07_a5_gnd013	0.117601	0.257401728	88.239906	0	19	3
AG-891-J07_a5_gnd013_p8_s5	AG-891-J07	AG-891-J07_a5_gnd013	0.117601	0.257401728	88.239906	0	8	5
AG-891-J07_a5_gnd014	AG-891-J07	AG-891-J07_a5_gnd014	0.126593259	0.274925401	87.340674	1		
AG-891-J07_a5_gnd014_p20_s4	AG-891-J07	AG-891-J07_a5_gnd014	0.126593	0.274925401	87.340674	0	20	4
AG-891-J07_a5_gnd014_p8_s2	AG-891-J07	AG-891-J07_a5_gnd014	0.126593	0.274925401	87.340674	0	8	2
AG-891-J07_a5_gnd014_p8_s3	AG-891-J07	AG-891-J07_a5_gnd014	0.126593	0.274925401	87.340674	0	8	3
AG-891-J07_a5_gnd014_p8_s5	AG-891-J07	AG-891-J07_a5_gnd014	0.126593	0.274925401	87.340674	0	8	5
AG-891-J07_a5_gnd014_p9_s1	AG-891-J07	AG-891-J07_a5_gnd014	0.126593	0.274925401	87.340674	0	9	1
AG-891-J07_a5_gnd015	AG-891-J07	AG-891-J07_a5_gnd015	0.135758908	0.291712133	86.424109	1		
AG-891-J07_a5_gnd015_p0_s1	AG-891-J07	AG-891-J07_a5_gnd015	0.135759	0.291712133	86.424109	0	0	1
AG-891-J07_a5_gnd015_p10_s5	AG-891-J07	AG-891-J07_a5_gnd015	0.135759	0.291712133	86.424109	0	10	5
AG-891-J07_a5_gnd015_p15_s3	AG-891-J07	AG-891-J07_a5_gnd015	0.135759	0.291712133	86.424109	0	15	3
AG-891-J07_a5_gnd015_p2_s4	AG-891-J07	AG-891-J07_a5_gnd015	0.135759	0.291712133	86.424109	0	2	4
AG-891-J07_a5_gnd015_p7_s2	AG-891-J07	AG-891-J07_a5_gnd015	0.135759	0.291712133	86.424109	0	7	2
AG-891-J07_a5_gnd016	AG-891-J07	AG-891-J07_a5_gnd016	0.144935287	0.308635910	85.506471	1		
AG-891-J07_a5_gnd016_p10_s2	AG-891-J07	AG-891-J07_a5_gnd016	0.144935	0.308635910	85.506471	0	10	2
AG-891-J07_a5_gnd016_p11_s3	AG-891-J07	AG-891-J07_a5_gnd016	0.144935	0.308635910	85.506471	0	11	3
AG-891-J07_a5_gnd016_p12_s1	AG-891-J07	AG-891-J07_a5_gnd016	0.144935	0.308635910	85.506471	0	12	1
AG-891-J07_a5_gnd016_p12_s4	AG-891-J07	AG-891-J07_a5_gnd016	0.144935	0.308635910	85.506471	0	12	4
AG-891-J07_a5_gnd016_p12_s5	AG-891-J07	AG-891-J07_a5_gnd016	0.144935	0.308635910	85.506471	0	12	5
AG-891-J07_a5_gnd017	AG-891-J07	AG-891-J07_a5_gnd017	0.154034908	0.325888078	84.596509	1		
AG-891-J07_a5_gnd017_p0_s2	AG-891-J07	AG-891-J07_a5_gnd017	0.154035	0.325888078	84.596509	0	0	2
AG-891-J07_a5_gnd017_p16_s1	AG-891-J07	AG-891-J07_a5_gnd017	0.154035	0.325888078	84.596509	0	16	1
AG-891-J07_a5_gnd017_p19_s3	AG-891-J07	AG-891-J07_a5_gnd017	0.154035	0.325888078	84.596509	0	19	3
AG-891-J07_a5_gnd017_p7_s5	AG-891-J07	AG-891-J07_a5_gnd017	0.154035	0.325888078	84.596509	0	7	5
AG-891-J07_a5_gnd017_p8_s4	AG-891-J07	AG-891-J07_a5_gnd017	0.154035	0.325888078	84.596509	0	8	4
AG-891-J07_a5_gnd018	AG-891-J07	AG-891-J07_a5_gnd018	0.162974408	0.340756179	83.702559	1		
AG-891-J07_a5_gnd018_p13_s1	AG-891-J07	AG-891-J07_a5_gnd018	0.162974	0.340756179	83.702559	0	13	1
AG-891-J07_a5_gnd018_p13_s5	AG-891-J07	AG-891-J07_a5_gnd018	0.162974	0.340756179	83.702559	0	13	5
AG-891-J07_a5_gnd018_p16_s3	AG-891-J07	AG-891-J07_a5_gnd018	0.162974	0.340756179	83.702559	0	16	3
AG-891-J07_a5_gnd018_p20_s2	AG-891-J07	AG-891-J07_a5_gnd018	0.162974	0.340756179	83.702559	0	20	2
AG-891-J07_a5_gnd018_p5_s4	AG-891-J07	AG-891-J07_a5_gnd018	0.162974	0.340756179	83.702559	0	5	4
AG-891-J07_a5_gnd019	AG-891-J07	AG-891-J07_a5_gnd019	0.172053394	0.356756841	82.794661	1		
AG-891-J07_a5_gnd019_p10_s2	AG-891-J07	AG-891-J07_a5_gnd019	0.172053	0.356756841	82.794661	0	10	2
AG-891-J07_a5_gnd019_p19_s3	AG-891-J07	AG-891-J07_a5_gnd019	0.172053	0.356756841	82.794661	0	19	3
AG-891-J07_a5_gnd019_p1_s1	AG-891-J07	AG-891-J07_a5_gnd019	0.172053	0.356756841	82.794661	0	1	1
AG-891-J07_a5_gnd019_p20_s4	AG-891-J07	AG-891-J07_a5_gnd019	0.172053	0.356756841	82.794661	0	20	4
AG-891-J07_a5_gnd019_p9_s5	AG-891-J07	AG-891-J07_a5_gnd019	0.172053	0.356756841	82.794661	0	9	5
AG-891-J07_a5_gnd020	AG-891-J07	AG-891-J07_a5_gnd020	0.181017655	0.372617872	81.898234	1		
AG-891-J07_a5_gnd020_p11_s4	AG-891-J07	AG-891-J07_a5_gnd020	0.181018	0.372617872	81.898234	0	11	4
AG-891-J07_a5_gnd020_p15_s5	AG-891-J07	AG-891-J07_a5_gnd020	0.181018	0.372617872	81.898234	0	15	5
AG-891-J07_a5_gnd020_p17_s3	AG-891-J07	AG-891-J07_a5_gnd020	0.181018	0.372617872	81.898234	0	17	3
AG-891-J07_a5_gnd020_p19_s1	AG-891-J07	AG-891-J07_a5_gnd020	0.181018	0.372617872	81.898234	0	19	1
AG-891-J07_a5_gnd020_p19_s2	AG-891-J07	AG-891-J07_a5_gnd020	0.181018	0.372617872	81.898234	0	19	2
AG-891-K05_a22_gnd00000	AG-891-K05	AG-891-K05_a22_gnd00000	0.000000000	0.000307625	100.000000	1		
AG-891-K05_a22_gnd00005	AG-891-K05	AG-891-K05_a22_gnd00005	0.000460556	0.001441874	99.953944	1		
AG-891-K05_a22_gnd00010	AG-891-K05	AG-891-K05_a22_gnd00010	0.000904729	0.002513843	99.909527	1		
AG-891-K05_a22_gnd00020	AG-891-K05	AG-891-K05_a22_gnd00020	0.001821594	0.004689865	99.817841	1		
AG-891-K05_a22_gnd00030	AG-891-K05	AG-891-K05_a22_gnd00030	0.002742100	0.007026305	99.725790	1		
AG-891-K05_a22_gnd00040	AG-891-K05	AG-891-K05_a22_gnd00040	0.003635300	0.009130610	99.636470	1		
AG-891-K05_a22_gnd00050	AG-891-K05	AG-891-K05_a22_gnd00050	0.004535782	0.011340603	99.546422	1		
AG-891-K05_a22_gnd00060	AG-891-K05	AG-891-K05_a22_gnd00060	0.005486020	0.013707239	99.451398	1		
AG-891-K05_a22_gnd00070	AG-891-K05	AG-891-K05_a22_gnd00070	0.006378007	0.015837967	99.362199	1		
AG-891-K05_a22_gnd00080	AG-891-K05	AG-891-K05_a22_gnd00080	0.007286984	0.017800727	99.271302	1		
AG-891-K05_a22_gnd00090	AG-891-K05	AG-891-K05_a22_gnd00090	0.008198994	0.020178687	99.180101	1		
AG-891-K05_a22_gnd001	AG-891-K05	AG-891-K05_a22_gnd001	0.009089160	0.022477381	99.091084	1		
AG-891-K05_a22_gnd002	AG-891-K05	AG-891-K05_a22_gnd002	0.018205020	0.044116814	98.179498	1		
AG-891-K05_a22_gnd003	AG-891-K05	AG-891-K05_a22_gnd003	0.027353646	0.065408990	97.264635	1		
AG-891-K05_a22_gnd004	AG-891-K05	AG-891-K05_a22_gnd004	0.036450088	0.086408639	96.354991	1		
AG-891-K05_a22_gnd005	AG-891-K05	AG-891-K05_a22_gnd005	0.045550171	0.106987427	95.444983	1		
AG-891-K05_a22_gnd006	AG-891-K05	AG-891-K05_a22_gnd006	0.054697583	0.127269914	94.530242	1		
AG-891-K05_a22_gnd007	AG-891-K05	AG-891-K05_a22_gnd007	0.063855311	0.147727916	93.614469	1		
AG-891-K05_a22_gnd008	AG-891-K05	AG-891-K05_a22_gnd008	0.072896535	0.167100739	92.710346	1		
AG-891-K05_a22_gnd009	AG-891-K05	AG-891-K05_a22_gnd009	0.082124044	0.186616994	91.787596	1		
AG-891-K05_a22_gnd010	AG-891-K05	AG-891-K05_a22_gnd010	0.091263569	0.205784104	90.873643	1		
AG-891-K05_a22_gnd011	AG-891-K05	AG-891-K05_a22_gnd011	0.100258069	0.224283121	89.974193	1		
AG-891-K05_a22_gnd012	AG-891-K05	AG-891-K05_a22_gnd012	0.109531695	0.243125620	89.046831	1		
AG-891-K05_a22_gnd013	AG-891-K05	AG-891-K05_a22_gnd013	0.118507992	0.261084878	88.149201	1		
AG-891-K05_a22_gnd014	AG-891-K05	AG-891-K05_a22_gnd014	0.127747030	0.279115852	87.225297	1		
AG-891-K05_a22_gnd015	AG-891-K05	AG-891-K05_a22_gnd015	0.136757307	0.296156009	86.324269	1		
AG-891-K05_a22_gnd016	AG-891-K05	AG-891-K05_a22_gnd016	0.145862245	0.313724602	85.413776	1		
AG-891-K05_a22_gnd017	AG-891-K05	AG-891-K05_a22_gnd017	0.155130409	0.330438262	84.486959	1		
AG-891-K05_a22_gnd018	AG-891-K05	AG-891-K05_a22_gnd018	0.164268720	0.347801142	83.573128	1		
AG-891-K05_a22_gnd019	AG-891-K05	AG-891-K05_a22_gnd019	0.173527176	0.363656094	82.647282	1		
AG-891-K05_a22_gnd020	AG-891-K05	AG-891-K05_a22_gnd020	0.182451288	0.379365726	81.754871	1		
AG-891-K05_a5_gnd00000	AG-891-K05	AG-891-K05_a5_gnd00000	0.000000000	0.000307625	100.000000	1		
AG-891-K05_a5_gnd00000_p13_s5	AG-891-K05	AG-891-K05_a5_gnd00000	0.000000	0.000307625	100.000000	0	13	5
AG-891-K05_a5_gnd00000_p18_s3	AG-891-K05	AG-891-K05_a5_gnd00000	0.000000	0.000307625	100.000000	0	18	3
AG-891-K05_a5_gnd00000_p18_s4	AG-891-K05	AG-891-K05_a5_gnd00000	0.000000	0.000307625	100.000000	0	18	4
AG-891-K05_a5_gnd00000_p20_s1	AG-891-K05	AG-891-K05_a5_gnd00000	0.000000	0.000307625	100.000000	0	20	1
AG-891-K05_a5_gnd00000_p20_s2	AG-891-K05	AG-891-K05_a5_gnd00000	0.000000	0.000307625	100.000000	0	20	2
AG-891-K05_a5_gnd00005	AG-891-K05	AG-891-K05_a5_gnd00005	0.000466017	0.001417339	99.953398	1		
AG-891-K05_a5_gnd00005_p0_s2	AG-891-K05	AG-891-K05_a5_gnd00005	0.000466	0.001417339	99.953398	0	0	2
AG-891-K05_a5_gnd00005_p13_s4	AG-891-K05	AG-891-K05_a5_gnd00005	0.000466	0.001417339	99.953398	0	13	4
AG-891-K05_a5_gnd00005_p15_s5	AG-891-K05	AG-891-K05_a5_gnd00005	0.000466	0.001417339	99.953398	0	15	5
AG-891-K05_a5_gnd00005_p4_s3	AG-891-K05	AG-891-K05_a5_gnd00005	0.000466	0.001417339	99.953398	0	4	3
AG-891-K05_a5_gnd00005_p9_s1	AG-891-K05	AG-891-K05_a5_gnd00005	0.000466	0.001417339	99.953398	0	9	1
AG-891-K05_a5_gnd00010	AG-891-K05	AG-891-K05_a5_gnd00010	0.000907763	0.002455338	99.909224	1		
AG-891-K05_a5_gnd00010_p0_s5	AG-891-K05	AG-891-K05_a5_gnd00010	0.000908	0.002455338	99.909224	0	0	5
AG-891-K05_a5_gnd00010_p11_s4	AG-891-K05	AG-891-K05_a5_gnd00010	0.000908	0.002455338	99.909224	0	11	4
AG-891-K05_a5_gnd00010_p13_s2	AG-891-K05	AG-891-K05_a5_gnd00010	0.000908	0.002455338	99.909224	0	13	2
AG-891-K05_a5_gnd00010_p16_s3	AG-891-K05	AG-891-K05_a5_gnd00010	0.000908	0.002455338	99.909224	0	16	3
AG-891-K05_a5_gnd00010_p20_s1	AG-891-K05	AG-891-K05_a5_gnd00010	0.000908	0.002455338	99.909224	0	20	1
AG-891-K05_a5_gnd00020	AG-891-K05	AG-891-K05_a5_gnd00020	0.001811886	0.004738934	99.818811	1		
AG-891-K05_a5_gnd00020_p11_s1	AG-891-K05	AG-891-K05_a5_gnd00020	0.001812	0.004738934	99.818811	0	11	1
AG-891-K05_a5_gnd00020_p20_s4	AG-891-K05	AG-891-K05_a5_gnd00020	0.001812	0.004738934	99.818811	0	20	4
AG-891-K05_a5_gnd00020_p4_s5	AG-891-K05	AG-891-K05_a5_gnd00020	0.001812	0.004738934	99.818811	0	4	5
AG-891-K05_a5_gnd00020_p5_s2	AG-891-K05	AG-891-K05_a5_gnd00020	0.001812	0.004738934	99.818811	0	5	2
AG-891-K05_a5_gnd00020_p8_s3	AG-891-K05	AG-891-K05_a5_gnd00020	0.001812	0.004738934	99.818811	0	8	3
AG-891-K05_a5_gnd00030	AG-891-K05	AG-891-K05_a5_gnd00030	0.002742707	0.006928167	99.725729	1		
AG-891-K05_a5_gnd00030_p10_s2	AG-891-K05	AG-891-K05_a5_gnd00030	0.002743	0.006928167	99.725729	0	10	2
AG-891-K05_a5_gnd00030_p11_s5	AG-891-K05	AG-891-K05_a5_gnd00030	0.002743	0.006928167	99.725729	0	11	5
AG-891-K05_a5_gnd00030_p19_s4	AG-891-K05	AG-891-K05_a5_gnd00030	0.002743	0.006928167	99.725729	0	19	4
AG-891-K05_a5_gnd00030_p8_s1	AG-891-K05	AG-891-K05_a5_gnd00030	0.002743	0.006928167	99.725729	0	8	1
AG-891-K05_a5_gnd00030_p8_s3	AG-891-K05	AG-891-K05_a5_gnd00030	0.002743	0.006928167	99.725729	0	8	3
AG-891-K05_a5_gnd00040	AG-891-K05	AG-891-K05_a5_gnd00040	0.003632266	0.009070218	99.636773	1		
AG-891-K05_a5_gnd00040_p16_s1	AG-891-K05	AG-891-K05_a5_gnd00040	0.003632	0.009070218	99.636773	0	16	1
AG-891-K05_a5_gnd00040_p19_s5	AG-891-K05	AG-891-K05_a5_gnd00040	0.003632	0.009070218	99.636773	0	19	5
AG-891-K05_a5_gnd00040_p4_s2	AG-891-K05	AG-891-K05_a5_gnd00040	0.003632	0.009070218	99.636773	0	4	2
AG-891-K05_a5_gnd00040_p7_s4	AG-891-K05	AG-891-K05_a5_gnd00040	0.003632	0.009070218	99.636773	0	7	4
AG-891-K05_a5_gnd00040_p8_s3	AG-891-K05	AG-891-K05_a5_gnd00040	0.003632	0.009070218	99.636773	0	8	3
AG-891-K05_a5_gnd00050	AG-891-K05	AG-891-K05_a5_gnd00050	0.004564301	0.011446290	99.543570	1		
AG-891-K05_a5_gnd00050_p0_s1	AG-891-K05	AG-891-K05_a5_gnd00050	0.004564	0.011446290	99.543570	0	0	1
AG-891-K05_a5_gnd00050_p16_s4	AG-891-K05	AG-891-K05_a5_gnd00050	0.004564	0.011446290	99.543570	0	16	4
AG-891-K05_a5_gnd00050_p20_s2	AG-891-K05	AG-891-K05_a5_gnd00050	0.004564	0.011446290	99.543570	0	20	2
AG-891-K05_a5_gnd00050_p6_s5	AG-891-K05	AG-891-K05_a5_gnd00050	0.004564	0.011446290	99.543570	0	6	5
AG-891-K05_a5_gnd00050_p7_s3	AG-891-K05	AG-891-K05_a5_gnd00050	0.004564	0.011446290	99.543570	0	7	3
AG-891-K05_a5_gnd00060	AG-891-K05	AG-891-K05_a5_gnd00060	0.005483593	0.013541159	99.451641	1		
AG-891-K05_a5_gnd00060_p10_s5	AG-891-K05	AG-891-K05_a5_gnd00060	0.005484	0.013541159	99.451641	0	10	5
AG-891-K05_a5_gnd00060_p11_s4	AG-891-K05	AG-891-K05_a5_gnd00060	0.005484	0.013541159	99.451641	0	11	4
AG-891-K05_a5_gnd00060_p16_s3	AG-891-K05	AG-891-K05_a5_gnd00060	0.005484	0.013541159	99.451641	0	16	3
AG-891-K05_a5_gnd00060_p18_s2	AG-891-K05	AG-891-K05_a5_gnd00060	0.005484	0.013541159	99.451641	0	18	2
AG-891-K05_a5_gnd00060_p9_s1	AG-891-K05	AG-891-K05_a5_gnd00060	0.005484	0.013541159	99.451641	0	9	1
AG-891-K05_a5_gnd00070	AG-891-K05	AG-891-K05_a5_gnd00070	0.006387109	0.015892697	99.361289	1		
AG-891-K05_a5_gnd00070_p12_s4	AG-891-K05	AG-891-K05_a5_gnd00070	0.006387	0.015892697	99.361289	0	12	4
AG-891-K05_a5_gnd00070_p15_s3	AG-891-K05	AG-891-K05_a5_gnd00070	0.006387	0.015892697	99.361289	0	15	3
AG-891-K05_a5_gnd00070_p17_s1	AG-891-K05	AG-891-K05_a5_gnd00070	0.006387	0.015892697	99.361289	0	17	1
AG-891-K05_a5_gnd00070_p19_s2	AG-891-K05	AG-891-K05_a5_gnd00070	0.006387	0.015892697	99.361289	0	19	2
AG-891-K05_a5_gnd00070_p19_s5	AG-891-K05	AG-891-K05_a5_gnd00070	0.006387	0.015892697	99.361289	0	19	5
AG-891-K05_a5_gnd00080	AG-891-K05	AG-891-K05_a5_gnd00080	0.007314896	0.018119676	99.268510	1		
AG-891-K05_a5_gnd00080_p16_s4	AG-891-K05	AG-891-K05_a5_gnd00080	0.007315	0.018119676	99.268510	0	16	4
AG-891-K05_a5_gnd00080_p19_s5	AG-891-K05	AG-891-K05_a5_gnd00080	0.007315	0.018119676	99.268510	0	19	5
AG-891-K05_a5_gnd00080_p20_s2	AG-891-K05	AG-891-K05_a5_gnd00080	0.007315	0.018119676	99.268510	0	20	2
AG-891-K05_a5_gnd00080_p4_s3	AG-891-K05	AG-891-K05_a5_gnd00080	0.007315	0.018119676	99.268510	0	4	3
AG-891-K05_a5_gnd00080_p8_s1	AG-891-K05	AG-891-K05_a5_gnd00080	0.007315	0.018119676	99.268510	0	8	1
AG-891-K05_a5_gnd00090	AG-891-K05	AG-891-K05_a5_gnd00090	0.008169868	0.020152265	99.183013	1		
AG-891-K05_a5_gnd00090_p10_s3	AG-891-K05	AG-891-K05_a5_gnd00090	0.008170	0.020152265	99.183013	0	10	3
AG-891-K05_a5_gnd00090_p12_s2	AG-891-K05	AG-891-K05_a5_gnd00090	0.008170	0.020152265	99.183013	0	12	2
AG-891-K05_a5_gnd00090_p17_s1	AG-891-K05	AG-891-K05_a5_gnd00090	0.008170	0.020152265	99.183013	0	17	1
AG-891-K05_a5_gnd00090_p19_s5	AG-891-K05	AG-891-K05_a5_gnd00090	0.008170	0.020152265	99.183013	0	19	5
AG-891-K05_a5_gnd00090_p20_s4	AG-891-K05	AG-891-K05_a5_gnd00090	0.008170	0.020152265	99.183013	0	20	4
AG-891-K05_a5_gnd001	AG-891-K05	AG-891-K05_a5_gnd001	0.009102510	0.022524563	99.089749	1		
AG-891-K05_a5_gnd001_p16_s5	AG-891-K05	AG-891-K05_a5_gnd001	0.009103	0.022524563	99.089749	0	16	5
AG-891-K05_a5_gnd001_p18_s2	AG-891-K05	AG-891-K05_a5_gnd001	0.009103	0.022524563	99.089749	0	18	2
AG-891-K05_a5_gnd001_p19_s4	AG-891-K05	AG-891-K05_a5_gnd001	0.009103	0.022524563	99.089749	0	19	4
AG-891-K05_a5_gnd001_p4_s1	AG-891-K05	AG-891-K05_a5_gnd001	0.009103	0.022524563	99.089749	0	4	1
AG-891-K05_a5_gnd001_p8_s3	AG-891-K05	AG-891-K05_a5_gnd001	0.009103	0.022524563	99.089749	0	8	3
AG-891-K05_a5_gnd002	AG-891-K05	AG-891-K05_a5_gnd002	0.018203199	0.043737473	98.179680	1		
AG-891-K05_a5_gnd002_p16_s2	AG-891-K05	AG-891-K05_a5_gnd002	0.018203	0.043737473	98.179680	0	16	2
AG-891-K05_a5_gnd002_p18_s1	AG-891-K05	AG-891-K05_a5_gnd002	0.018203	0.043737473	98.179680	0	18	1
AG-891-K05_a5_gnd002_p18_s5	AG-891-K05	AG-891-K05_a5_gnd002	0.018203	0.043737473	98.179680	0	18	5
AG-891-K05_a5_gnd002_p19_s3	AG-891-K05	AG-891-K05_a5_gnd002	0.018203	0.043737473	98.179680	0	19	3
AG-891-K05_a5_gnd002_p8_s4	AG-891-K05	AG-891-K05_a5_gnd002	0.018203	0.043737473	98.179680	0	8	4
AG-891-K05_a5_gnd003	AG-891-K05	AG-891-K05_a5_gnd003	0.027295394	0.065188180	97.270461	1		
AG-891-K05_a5_gnd003_p12_s1	AG-891-K05	AG-891-K05_a5_gnd003	0.027295	0.065188180	97.270461	0	12	1
AG-891-K05_a5_gnd003_p13_s3	AG-891-K05	AG-891-K05_a5_gnd003	0.027295	0.065188180	97.270461	0	13	3
AG-891-K05_a5_gnd003_p19_s2	AG-891-K05	AG-891-K05_a5_gnd003	0.027295	0.065188180	97.270461	0	19	2
AG-891-K05_a5_gnd003_p19_s4	AG-891-K05	AG-891-K05_a5_gnd003	0.027295	0.065188180	97.270461	0	19	4
AG-891-K05_a5_gnd003_p9_s5	AG-891-K05	AG-891-K05_a5_gnd003	0.027295	0.065188180	97.270461	0	9	5
AG-891-K05_a5_gnd004	AG-891-K05	AG-891-K05_a5_gnd004	0.036402151	0.085761306	96.359785	1		
AG-891-K05_a5_gnd004_p10_s1	AG-891-K05	AG-891-K05_a5_gnd004	0.036402	0.085761306	96.359785	0	10	1
AG-891-K05_a5_gnd004_p14_s3	AG-891-K05	AG-891-K05_a5_gnd004	0.036402	0.085761306	96.359785	0	14	3
AG-891-K05_a5_gnd004_p19_s4	AG-891-K05	AG-891-K05_a5_gnd004	0.036402	0.085761306	96.359785	0	19	4
AG-891-K05_a5_gnd004_p20_s5	AG-891-K05	AG-891-K05_a5_gnd004	0.036402	0.085761306	96.359785	0	20	5
AG-891-K05_a5_gnd004_p8_s2	AG-891-K05	AG-891-K05_a5_gnd004	0.036402	0.085761306	96.359785	0	8	2
AG-891-K05_a5_gnd005	AG-891-K05	AG-891-K05_a5_gnd005	0.045578690	0.107123310	95.442131	1		
AG-891-K05_a5_gnd005_p17_s3	AG-891-K05	AG-891-K05_a5_gnd005	0.045579	0.107123310	95.442131	0	17	3
AG-891-K05_a5_gnd005_p20_s1	AG-891-K05	AG-891-K05_a5_gnd005	0.045579	0.107123310	95.442131	0	20	1
AG-891-K05_a5_gnd005_p8_s2	AG-891-K05	AG-891-K05_a5_gnd005	0.045579	0.107123310	95.442131	0	8	2
AG-891-K05_a5_gnd005_p8_s4	AG-891-K05	AG-891-K05_a5_gnd005	0.045579	0.107123310	95.442131	0	8	4
AG-891-K05_a5_gnd005_p9_s5	AG-891-K05	AG-891-K05_a5_gnd005	0.045579	0.107123310	95.442131	0	9	5
AG-891-K05_a5_gnd006	AG-891-K05	AG-891-K05_a5_gnd006	0.054726709	0.126788660	94.527329	1		
AG-891-K05_a5_gnd006_p0_s5	AG-891-K05	AG-891-K05_a5_gnd006	0.054727	0.126788660	94.527329	0	0	5
AG-891-K05_a5_gnd006_p11_s1	AG-891-K05	AG-891-K05_a5_gnd006	0.054727	0.126788660	94.527329	0	11	1
AG-891-K05_a5_gnd006_p12_s2	AG-891-K05	AG-891-K05_a5_gnd006	0.054727	0.126788660	94.527329	0	12	2
AG-891-K05_a5_gnd006_p4_s4	AG-891-K05	AG-891-K05_a5_gnd006	0.054727	0.126788660	94.527329	0	4	4
AG-891-K05_a5_gnd006_p8_s3	AG-891-K05	AG-891-K05_a5_gnd006	0.054727	0.126788660	94.527329	0	8	3
AG-891-K05_a5_gnd007	AG-891-K05	AG-891-K05_a5_gnd007	0.063928127	0.147305168	93.607187	1		
AG-891-K05_a5_gnd007_p11_s3	AG-891-K05	AG-891-K05_a5_gnd007	0.063928	0.147305168	93.607187	0	11	3
AG-891-K05_a5_gnd007_p19_s5	AG-891-K05	AG-891-K05_a5_gnd007	0.063928	0.147305168	93.607187	0	19	5
AG-891-K05_a5_gnd007_p20_s1	AG-891-K05	AG-891-K05_a5_gnd007	0.063928	0.147305168	93.607187	0	20	1
AG-891-K05_a5_gnd007_p20_s4	AG-891-K05	AG-891-K05_a5_gnd007	0.063928	0.147305168	93.607187	0	20	4
AG-891-K05_a5_gnd007_p2_s2	AG-891-K05	AG-891-K05_a5_gnd007	0.063928	0.147305168	93.607187	0	2	2
AG-891-K05_a5_gnd008	AG-891-K05	AG-891-K05_a5_gnd008	0.072806730	0.165453152	92.719327	1		
AG-891-K05_a5_gnd008_p10_s5	AG-891-K05	AG-891-K05_a5_gnd008	0.072807	0.165453152	92.719327	0	10	5
AG-891-K05_a5_gnd008_p11_s1	AG-891-K05	AG-891-K05_a5_gnd008	0.072807	0.165453152	92.719327	0	11	1
AG-891-K05_a5_gnd008_p16_s2	AG-891-K05	AG-891-K05_a5_gnd008	0.072807	0.165453152	92.719327	0	16	2
AG-891-K05_a5_gnd008_p5_s3	AG-891-K05	AG-891-K05_a5_gnd008	0.072807	0.165453152	92.719327	0	5	3
AG-891-K05_a5_gnd008_p7_s4	AG-891-K05	AG-891-K05_a5_gnd008	0.072807	0.165453152	92.719327	0	7	4
AG-891-K05_a5_gnd009	AG-891-K05	AG-891-K05_a5_gnd009	0.082047588	0.185216640	91.795241	1		
AG-891-K05_a5_gnd009_p10_s4	AG-891-K05	AG-891-K05_a5_gnd009	0.082048	0.185216640	91.795241	0	10	4
AG-891-K05_a5_gnd009_p11_s1	AG-891-K05	AG-891-K05_a5_gnd009	0.082048	0.185216640	91.795241	0	11	1
AG-891-K05_a5_gnd009_p16_s3	AG-891-K05	AG-891-K05_a5_gnd009	0.082048	0.185216640	91.795241	0	16	3
AG-891-K05_a5_gnd009_p16_s5	AG-891-K05	AG-891-K05_a5_gnd009	0.082048	0.185216640	91.795241	0	16	5
AG-891-K05_a5_gnd009_p9_s2	AG-891-K05	AG-891-K05_a5_gnd009	0.082048	0.185216640	91.795241	0	9	2
AG-891-K05_a5_gnd010	AG-891-K05	AG-891-K05_a5_gnd010	0.091256894	0.203657151	90.874311	1		
AG-891-K05_a5_gnd010_p10_s1	AG-891-K05	AG-891-K05_a5_gnd010	0.091257	0.203657151	90.874311	0	10	1
AG-891-K05_a5_gnd010_p10_s5	AG-891-K05	AG-891-K05_a5_gnd010	0.091257	0.203657151	90.874311	0	10	5
AG-891-K05_a5_gnd010_p19_s4	AG-891-K05	AG-891-K05_a5_gnd010	0.091257	0.203657151	90.874311	0	19	4
AG-891-K05_a5_gnd010_p20_s2	AG-891-K05	AG-891-K05_a5_gnd010	0.091257	0.203657151	90.874311	0	20	2
AG-891-K05_a5_gnd010_p7_s3	AG-891-K05	AG-891-K05_a5_gnd010	0.091257	0.203657151	90.874311	0	7	3
AG-891-K05_a5_gnd011	AG-891-K05	AG-891-K05_a5_gnd011	0.100319355	0.222065579	89.968064	1		
AG-891-K05_a5_gnd011_p11_s3	AG-891-K05	AG-891-K05_a5_gnd011	0.100319	0.222065579	89.968064	0	11	3
AG-891-K05_a5_gnd011_p13_s2	AG-891-K05	AG-891-K05_a5_gnd011	0.100319	0.222065579	89.968064	0	13	2
AG-891-K05_a5_gnd011_p13_s4	AG-891-K05	AG-891-K05_a5_gnd011	0.100319	0.222065579	89.968064	0	13	4
AG-891-K05_a5_gnd011_p16_s5	AG-891-K05	AG-891-K05_a5_gnd011	0.100319	0.222065579	89.968064	0	16	5
AG-891-K05_a5_gnd011_p4_s1	AG-891-K05	AG-891-K05_a5_gnd011	0.100319	0.222065579	89.968064	0	4	1
AG-891-K05_a5_gnd012	AG-891-K05	AG-891-K05_a5_gnd012	0.109526234	0.240440036	89.047377	1		
AG-891-K05_a5_gnd012_p12_s5	AG-891-K05	AG-891-K05_a5_gnd012	0.109526	0.240440036	89.047377	0	12	5
AG-891-K05_a5_gnd012_p15_s3	AG-891-K05	AG-891-K05_a5_gnd012	0.109526	0.240440036	89.047377	0	15	3
AG-891-K05_a5_gnd012_p18_s1	AG-891-K05	AG-891-K05_a5_gnd012	0.109526	0.240440036	89.047377	0	18	1
AG-891-K05_a5_gnd012_p1_s2	AG-891-K05	AG-891-K05_a5_gnd012	0.109526	0.240440036	89.047377	0	1	2
AG-891-K05_a5_gnd012_p20_s4	AG-891-K05	AG-891-K05_a5_gnd012	0.109526	0.240440036	89.047377	0	20	4
AG-891-K05_a5_gnd013	AG-891-K05	AG-891-K05_a5_gnd013	0.118673646	0.258178483	88.132635	1		
AG-891-K05_a5_gnd013_p10_s2	AG-891-K05	AG-891-K05_a5_gnd013	0.118674	0.258178483	88.132635	0	10	2
AG-891-K05_a5_gnd013_p10_s3	AG-891-K05	AG-891-K05_a5_gnd013	0.118674	0.258178483	88.132635	0	10	3
AG-891-K05_a5_gnd013_p13_s1	AG-891-K05	AG-891-K05_a5_gnd013	0.118674	0.258178483	88.132635	0	13	1
AG-891-K05_a5_gnd013_p14_s4	AG-891-K05	AG-891-K05_a5_gnd013	0.118674	0.258178483	88.132635	0	14	4
AG-891-K05_a5_gnd013_p20_s5	AG-891-K05	AG-891-K05_a5_gnd013	0.118674	0.258178483	88.132635	0	20	5
AG-891-K05_a5_gnd014	AG-891-K05	AG-891-K05_a5_gnd014	0.127707589	0.275565898	87.229241	1		
AG-891-K05_a5_gnd014_p12_s1	AG-891-K05	AG-891-K05_a5_gnd014	0.127708	0.275565898	87.229241	0	12	1
AG-891-K05_a5_gnd014_p13_s3	AG-891-K05	AG-891-K05_a5_gnd014	0.127708	0.275565898	87.229241	0	13	3
AG-891-K05_a5_gnd014_p18_s5	AG-891-K05	AG-891-K05_a5_gnd014	0.127708	0.275565898	87.229241	0	18	5
AG-891-K05_a5_gnd014_p19_s4	AG-891-K05	AG-891-K05_a5_gnd014	0.127708	0.275565898	87.229241	0	19	4
AG-891-K05_a5_gnd014_p8_s2	AG-891-K05	AG-891-K05_a5_gnd014	0.127708	0.275565898	87.229241	0	8	2
AG-891-K05_a5_gnd015	AG-891-K05	AG-891-K05_a5_gnd015	0.136799176	0.291841711	86.320082	1		
AG-891-K05_a5_gnd015_p10_s3	AG-891-K05	AG-891-K05_a5_gnd015	0.136799	0.291841711	86.320082	0	10	3
AG-891-K05_a5_gnd015_p12_s4	AG-891-K05	AG-891-K05_a5_gnd015	0.136799	0.291841711	86.320082	0	12	4
AG-891-K05_a5_gnd015_p15_s1	AG-891-K05	AG-891-K05_a5_gnd015	0.136799	0.291841711	86.320082	0	15	1
AG-891-K05_a5_gnd015_p8_s2	AG-891-K05	AG-891-K05_a5_gnd015	0.136799	0.291841711	86.320082	0	8	2
AG-891-K05_a5_gnd015_p9_s5	AG-891-K05	AG-891-K05_a5_gnd015	0.136799	0.291841711	86.320082	0	9	5
AG-891-K05_a5_gnd016	AG-891-K05	AG-891-K05_a5_gnd016	0.145972074	0.309942514	85.402793	1		
AG-891-K05_a5_gnd016_p11_s4	AG-891-K05	AG-891-K05_a5_gnd016	0.145972	0.309942514	85.402793	0	11	4
AG-891-K05_a5_gnd016_p16_s2	AG-891-K05	AG-891-K05_a5_gnd016	0.145972	0.309942514	85.402793	0	16	2
AG-891-K05_a5_gnd016_p17_s1	AG-891-K05	AG-891-K05_a5_gnd016	0.145972	0.309942514	85.402793	0	17	1
AG-891-K05_a5_gnd016_p7_s3	AG-891-K05	AG-891-K05_a5_gnd016	0.145972	0.309942514	85.402793	0	7	3
AG-891-K05_a5_gnd016_p7_s5	AG-891-K05	AG-891-K05_a5_gnd016	0.145972	0.309942514	85.402793	0	7	5
AG-891-K05_a5_gnd017	AG-891-K05	AG-891-K05_a5_gnd017	0.155091574	0.326654286	84.490843	1		
AG-891-K05_a5_gnd017_p11_s5	AG-891-K05	AG-891-K05_a5_gnd017	0.155092	0.326654286	84.490843	0	11	5
AG-891-K05_a5_gnd017_p13_s3	AG-891-K05	AG-891-K05_a5_gnd017	0.155092	0.326654286	84.490843	0	13	3
AG-891-K05_a5_gnd017_p16_s4	AG-891-K05	AG-891-K05_a5_gnd017	0.155092	0.326654286	84.490843	0	16	4
AG-891-K05_a5_gnd017_p4_s2	AG-891-K05	AG-891-K05_a5_gnd017	0.155092	0.326654286	84.490843	0	4	2
AG-891-K05_a5_gnd017_p9_s1	AG-891-K05	AG-891-K05_a5_gnd017	0.155092	0.326654286	84.490843	0	9	1
AG-891-K05_a5_gnd018	AG-891-K05	AG-891-K05_a5_gnd018	0.164412530	0.342847059	83.558747	1		
AG-891-K05_a5_gnd018_p15_s1	AG-891-K05	AG-891-K05_a5_gnd018	0.164413	0.342847059	83.558747	0	15	1
AG-891-K05_a5_gnd018_p18_s3	AG-891-K05	AG-891-K05_a5_gnd018	0.164413	0.342847059	83.558747	0	18	3
AG-891-K05_a5_gnd018_p19_s5	AG-891-K05	AG-891-K05_a5_gnd018	0.164413	0.342847059	83.558747	0	19	5
AG-891-K05_a5_gnd018_p4_s4	AG-891-K05	AG-891-K05_a5_gnd018	0.164413	0.342847059	83.558747	0	4	4
AG-891-K05_a5_gnd018_p5_s2	AG-891-K05	AG-891-K05_a5_gnd018	0.164413	0.342847059	83.558747	0	5	2
AG-891-K05_a5_gnd019	AG-891-K05	AG-891-K05_a5_gnd019	0.173296594	0.357877275	82.670341	1		
AG-891-K05_a5_gnd019_p0_s5	AG-891-K05	AG-891-K05_a5_gnd019	0.173297	0.357877275	82.670341	0	0	5
AG-891-K05_a5_gnd019_p14_s2	AG-891-K05	AG-891-K05_a5_gnd019	0.173297	0.357877275	82.670341	0	14	2
AG-891-K05_a5_gnd019_p19_s4	AG-891-K05	AG-891-K05_a5_gnd019	0.173297	0.357877275	82.670341	0	19	4
AG-891-K05_a5_gnd019_p6_s3	AG-891-K05	AG-891-K05_a5_gnd019	0.173297	0.357877275	82.670341	0	6	3
AG-891-K05_a5_gnd019_p9_s1	AG-891-K05	AG-891-K05_a5_gnd019	0.173297	0.357877275	82.670341	0	9	1
AG-891-K05_a5_gnd020	AG-891-K05	AG-891-K05_a5_gnd020	0.182682476	0.374119117	81.731752	1		
AG-891-K05_a5_gnd020_p13_s5	AG-891-K05	AG-891-K05_a5_gnd020	0.182682	0.374119117	81.731752	0	13	5
AG-891-K05_a5_gnd020_p14_s2	AG-891-K05	AG-891-K05_a5_gnd020	0.182682	0.374119117	81.731752	0	14	2
AG-891-K05_a5_gnd020_p17_s3	AG-891-K05	AG-891-K05_a5_gnd020	0.182682	0.374119117	81.731752	0	17	3
AG-891-K05_a5_gnd020_p18_s1	AG-891-K05	AG-891-K05_a5_gnd020	0.182682	0.374119117	81.731752	0	18	1
AG-891-K05_a5_gnd020_p19_s4	AG-891-K05	AG-891-K05_a5_gnd020	0.182682	0.374119117	81.731752	0	19	4
AG-892-F15_a22_gnd00000	AG-892-F15	AG-892-F15_a22_gnd00000	0.000000000	0.000249414	100.000000	1		
AG-892-F15_a22_gnd00005	AG-892-F15	AG-892-F15_a22_gnd00005	0.000461629	0.001378460	99.953837	1		
AG-892-F15_a22_gnd00010	AG-892-F15	AG-892-F15_a22_gnd00010	0.000911090	0.002454059	99.908891	1		
AG-892-F15_a22_gnd00020	AG-892-F15	AG-892-F15_a22_gnd00020	0.001825043	0.004678745	99.817496	1		
AG-892-F15_a22_gnd00030	AG-892-F15	AG-892-F15_a22_gnd00030	0.002711084	0.006849986	99.728892	1		
AG-892-F15_a22_gnd00040	AG-892-F15	AG-892-F15_a22_gnd00040	0.003643646	0.009114757	99.635635	1		
AG-892-F15_a22_gnd00050	AG-892-F15	AG-892-F15_a22_gnd00050	0.004560462	0.011268183	99.543954	1		
AG-892-F15_a22_gnd00060	AG-892-F15	AG-892-F15_a22_gnd00060	0.005505906	0.013677703	99.449409	1		
AG-892-F15_a22_gnd00070	AG-892-F15	AG-892-F15_a22_gnd00070	0.006392662	0.015895709	99.360734	1		
AG-892-F15_a22_gnd00080	AG-892-F15	AG-892-F15_a22_gnd00080	0.007275840	0.017801947	99.272416	1		
AG-892-F15_a22_gnd00090	AG-892-F15	AG-892-F15_a22_gnd00090	0.008181920	0.020146887	99.181808	1		
AG-892-F15_a22_gnd001	AG-892-F15	AG-892-F15_a22_gnd001	0.009065814	0.022048671	99.093419	1		
AG-892-F15_a22_gnd002	AG-892-F15	AG-892-F15_a22_gnd002	0.018192463	0.043769987	98.180754	1		
AG-892-F15_a22_gnd003	AG-892-F15	AG-892-F15_a22_gnd003	0.027271875	0.065199576	97.272813	1		
AG-892-F15_a22_gnd004	AG-892-F15	AG-892-F15_a22_gnd004	0.036399955	0.086488870	96.360004	1		
AG-892-F15_a22_gnd005	AG-892-F15	AG-892-F15_a22_gnd005	0.045447876	0.106978702	95.455212	1		
AG-892-F15_a22_gnd006	AG-892-F15	AG-892-F15_a22_gnd006	0.054543750	0.127383911	94.545625	1		
AG-892-F15_a22_gnd007	AG-892-F15	AG-892-F15_a22_gnd007	0.063623162	0.147419453	93.637684	1		
AG-892-F15_a22_gnd008	AG-892-F15	AG-892-F15_a22_gnd008	0.072699712	0.166824778	92.730029	1		
AG-892-F15_a22_gnd009	AG-892-F15	AG-892-F15_a22_gnd009	0.081801311	0.186002957	91.819869	1		
AG-892-F15_a22_gnd010	AG-892-F15	AG-892-F15_a22_gnd010	0.091024579	0.204962900	90.897542	1		
AG-892-F15_a22_gnd011	AG-892-F15	AG-892-F15_a22_gnd011	0.100015244	0.223657839	89.998476	1		
AG-892-F15_a22_gnd012	AG-892-F15	AG-892-F15_a22_gnd012	0.109191277	0.242571016	89.080872	1		
AG-892-F15_a22_gnd013	AG-892-F15	AG-892-F15_a22_gnd013	0.118205560	0.260397460	88.179444	1		
AG-892-F15_a22_gnd014	AG-892-F15	AG-892-F15_a22_gnd014	0.127428113	0.277733982	87.257189	1		
AG-892-F15_a22_gnd015	AG-892-F15	AG-892-F15_a22_gnd015	0.136609871	0.295435718	86.339013	1		
AG-892-F15_a22_gnd016	AG-892-F15	AG-892-F15_a22_gnd016	0.145759422	0.312805644	85.424058	1		
AG-892-F15_a22_gnd017	AG-892-F15	AG-892-F15_a22_gnd017	0.154781578	0.329062113	84.521842	1		
AG-892-F15_a22_gnd018	AG-892-F15	AG-892-F15_a22_gnd018	0.163964767	0.346153675	83.603523	1		
AG-892-F15_a22_gnd019	AG-892-F15	AG-892-F15_a22_gnd019	0.173077102	0.362828804	82.692290	1		
AG-892-F15_a22_gnd020	AG-892-F15	AG-892-F15_a22_gnd020	0.182177270	0.378646571	81.782273	1		
AG-892-F15_a5_gnd00000	AG-892-F15	AG-892-F15_a5_gnd00000	0.000000000	0.000249414	100.000000	1		
AG-892-F15_a5_gnd00000_p0_s2	AG-892-F15	AG-892-F15_a5_gnd00000	0.000000	0.000249414	100.000000	0	0	2
AG-892-F15_a5_gnd00000_p20_s1	AG-892-F15	AG-892-F15_a5_gnd00000	0.000000	0.000249414	100.000000	0	20	1
AG-892-F15_a5_gnd00000_p20_s3	AG-892-F15	AG-892-F15_a5_gnd00000	0.000000	0.000249414	100.000000	0	20	3
AG-892-F15_a5_gnd00000_p8_s4	AG-892-F15	AG-892-F15_a5_gnd00000	0.000000	0.000249414	100.000000	0	8	4
AG-892-F15_a5_gnd00000_p9_s5	AG-892-F15	AG-892-F15_a5_gnd00000	0.000000	0.000249414	100.000000	0	9	5
AG-892-F15_a5_gnd00005	AG-892-F15	AG-892-F15_a5_gnd00005	0.000453040	0.001369552	99.954696	1		
AG-892-F15_a5_gnd00005_p11_s4	AG-892-F15	AG-892-F15_a5_gnd00005	0.000453	0.001369552	99.954696	0	11	4
AG-892-F15_a5_gnd00005_p16_s5	AG-892-F15	AG-892-F15_a5_gnd00005	0.000453	0.001369552	99.954696	0	16	5
AG-892-F15_a5_gnd00005_p19_s1	AG-892-F15	AG-892-F15_a5_gnd00005	0.000453	0.001369552	99.954696	0	19	1
AG-892-F15_a5_gnd00005_p19_s2	AG-892-F15	AG-892-F15_a5_gnd00005	0.000453	0.001369552	99.954696	0	19	2
AG-892-F15_a5_gnd00005_p19_s3	AG-892-F15	AG-892-F15_a5_gnd00005	0.000453	0.001369552	99.954696	0	19	3
AG-892-F15_a5_gnd00010	AG-892-F15	AG-892-F15_a5_gnd00010	0.000908228	0.002418428	99.909177	1		
AG-892-F15_a5_gnd00010_p14_s5	AG-892-F15	AG-892-F15_a5_gnd00010	0.000908	0.002418428	99.909177	0	14	5
AG-892-F15_a5_gnd00010_p18_s1	AG-892-F15	AG-892-F15_a5_gnd00010	0.000908	0.002418428	99.909177	0	18	1
AG-892-F15_a5_gnd00010_p18_s4	AG-892-F15	AG-892-F15_a5_gnd00010	0.000908	0.002418428	99.909177	0	18	4
AG-892-F15_a5_gnd00010_p19_s2	AG-892-F15	AG-892-F15_a5_gnd00010	0.000908	0.002418428	99.909177	0	19	2
AG-892-F15_a5_gnd00010_p4_s3	AG-892-F15	AG-892-F15_a5_gnd00010	0.000908	0.002418428	99.909177	0	4	3
AG-892-F15_a5_gnd00020	AG-892-F15	AG-892-F15_a5_gnd00020	0.001828622	0.004665384	99.817138	1		
AG-892-F15_a5_gnd00020_p10_s2	AG-892-F15	AG-892-F15_a5_gnd00020	0.001829	0.004665384	99.817138	0	10	2
AG-892-F15_a5_gnd00020_p12_s3	AG-892-F15	AG-892-F15_a5_gnd00020	0.001829	0.004665384	99.817138	0	12	3
AG-892-F15_a5_gnd00020_p14_s4	AG-892-F15	AG-892-F15_a5_gnd00020	0.001829	0.004665384	99.817138	0	14	4
AG-892-F15_a5_gnd00020_p15_s5	AG-892-F15	AG-892-F15_a5_gnd00020	0.001829	0.004665384	99.817138	0	15	5
AG-892-F15_a5_gnd00020_p16_s1	AG-892-F15	AG-892-F15_a5_gnd00020	0.001829	0.004665384	99.817138	0	16	1
AG-892-F15_a5_gnd00030	AG-892-F15	AG-892-F15_a5_gnd00030	0.002720388	0.006823263	99.727961	1		
AG-892-F15_a5_gnd00030_p13_s5	AG-892-F15	AG-892-F15_a5_gnd00030	0.002720	0.006823263	99.727961	0	13	5
AG-892-F15_a5_gnd00030_p14_s1	AG-892-F15	AG-892-F15_a5_gnd00030	0.002720	0.006823263	99.727961	0	14	1
AG-892-F15_a5_gnd00030_p14_s3	AG-892-F15	AG-892-F15_a5_gnd00030	0.002720	0.006823263	99.727961	0	14	3
AG-892-F15_a5_gnd00030_p19_s4	AG-892-F15	AG-892-F15_a5_gnd00030	0.002720	0.006823263	99.727961	0	19	4
AG-892-F15_a5_gnd00030_p1_s2	AG-892-F15	AG-892-F15_a5_gnd00030	0.002720	0.006823263	99.727961	0	1	2
AG-892-F15_a5_gnd00040	AG-892-F15	AG-892-F15_a5_gnd00040	0.003647224	0.009108077	99.635278	1		
AG-892-F15_a5_gnd00040_p10_s5	AG-892-F15	AG-892-F15_a5_gnd00040	0.003647	0.009108077	99.635278	0	10	5
AG-892-F15_a5_gnd00040_p12_s2	AG-892-F15	AG-892-F15_a5_gnd00040	0.003647	0.009108077	99.635278	0	12	2
AG-892-F15_a5_gnd00040_p12_s3	AG-892-F15	AG-892-F15_a5_gnd00040	0.003647	0.009108077	99.635278	0	12	3
AG-892-F15_a5_gnd00040_p15_s4	AG-892-F15	AG-892-F15_a5_gnd00040	0.003647	0.009108077	99.635278	0	15	4
AG-892-F15_a5_gnd00040_p1_s1	AG-892-F15	AG-892-F15_a5_gnd00040	0.003647	0.009108077	99.635278	0	1	1
AG-892-F15_a5_gnd00050	AG-892-F15	AG-892-F15_a5_gnd00050	0.004501774	0.011176879	99.549823	1		
AG-892-F15_a5_gnd00050_p13_s1	AG-892-F15	AG-892-F15_a5_gnd00050	0.004502	0.011176879	99.549823	0	13	1
AG-892-F15_a5_gnd00050_p16_s2	AG-892-F15	AG-892-F15_a5_gnd00050	0.004502	0.011176879	99.549823	0	16	2
AG-892-F15_a5_gnd00050_p20_s3	AG-892-F15	AG-892-F15_a5_gnd00050	0.004502	0.011176879	99.549823	0	20	3
AG-892-F15_a5_gnd00050_p20_s4	AG-892-F15	AG-892-F15_a5_gnd00050	0.004502	0.011176879	99.549823	0	20	4
AG-892-F15_a5_gnd00050_p9_s5	AG-892-F15	AG-892-F15_a5_gnd00050	0.004502	0.011176879	99.549823	0	9	5
AG-892-F15_a5_gnd00060	AG-892-F15	AG-892-F15_a5_gnd00060	0.005454375	0.013423835	99.454563	1		
AG-892-F15_a5_gnd00060_p10_s2	AG-892-F15	AG-892-F15_a5_gnd00060	0.005454	0.013423835	99.454563	0	10	2
AG-892-F15_a5_gnd00060_p14_s1	AG-892-F15	AG-892-F15_a5_gnd00060	0.005454	0.013423835	99.454563	0	14	1
AG-892-F15_a5_gnd00060_p18_s4	AG-892-F15	AG-892-F15_a5_gnd00060	0.005454	0.013423835	99.454563	0	18	4
AG-892-F15_a5_gnd00060_p20_s3	AG-892-F15	AG-892-F15_a5_gnd00060	0.005454	0.013423835	99.454563	0	20	3
AG-892-F15_a5_gnd00060_p7_s5	AG-892-F15	AG-892-F15_a5_gnd00060	0.005454	0.013423835	99.454563	0	7	5
AG-892-F15_a5_gnd00070	AG-892-F15	AG-892-F15_a5_gnd00070	0.006349004	0.015632933	99.365100	1		
AG-892-F15_a5_gnd00070_p11_s1	AG-892-F15	AG-892-F15_a5_gnd00070	0.006349	0.015632933	99.365100	0	11	1
AG-892-F15_a5_gnd00070_p16_s2	AG-892-F15	AG-892-F15_a5_gnd00070	0.006349	0.015632933	99.365100	0	16	2
AG-892-F15_a5_gnd00070_p18_s4	AG-892-F15	AG-892-F15_a5_gnd00070	0.006349	0.015632933	99.365100	0	18	4
AG-892-F15_a5_gnd00070_p20_s5	AG-892-F15	AG-892-F15_a5_gnd00070	0.006349	0.015632933	99.365100	0	20	5
AG-892-F15_a5_gnd00070_p4_s3	AG-892-F15	AG-892-F15_a5_gnd00070	0.006349	0.015632933	99.365100	0	4	3
AG-892-F15_a5_gnd00080	AG-892-F15	AG-892-F15_a5_gnd00080	0.007280850	0.017968966	99.271915	1		
AG-892-F15_a5_gnd00080_p0_s5	AG-892-F15	AG-892-F15_a5_gnd00080	0.007281	0.017968966	99.271915	0	0	5
AG-892-F15_a5_gnd00080_p6_s2	AG-892-F15	AG-892-F15_a5_gnd00080	0.007281	0.017968966	99.271915	0	6	2
AG-892-F15_a5_gnd00080_p7_s3	AG-892-F15	AG-892-F15_a5_gnd00080	0.007281	0.017968966	99.271915	0	7	3
AG-892-F15_a5_gnd00080_p7_s4	AG-892-F15	AG-892-F15_a5_gnd00080	0.007281	0.017968966	99.271915	0	7	4
AG-892-F15_a5_gnd00080_p8_s1	AG-892-F15	AG-892-F15_a5_gnd00080	0.007281	0.017968966	99.271915	0	8	1
AG-892-F15_a5_gnd00090	AG-892-F15	AG-892-F15_a5_gnd00090	0.008136115	0.019953146	99.186388	1		
AG-892-F15_a5_gnd00090_p14_s1	AG-892-F15	AG-892-F15_a5_gnd00090	0.008136	0.019953146	99.186388	0	14	1
AG-892-F15_a5_gnd00090_p14_s3	AG-892-F15	AG-892-F15_a5_gnd00090	0.008136	0.019953146	99.186388	0	14	3
AG-892-F15_a5_gnd00090_p18_s4	AG-892-F15	AG-892-F15_a5_gnd00090	0.008136	0.019953146	99.186388	0	18	4
AG-892-F15_a5_gnd00090_p1_s5	AG-892-F15	AG-892-F15_a5_gnd00090	0.008136	0.019953146	99.186388	0	1	5
AG-892-F15_a5_gnd00090_p7_s2	AG-892-F15	AG-892-F15_a5_gnd00090	0.008136	0.019953146	99.186388	0	7	2
AG-892-F15_a5_gnd001	AG-892-F15	AG-892-F15_a5_gnd001	0.009096589	0.022086529	99.090341	1		
AG-892-F15_a5_gnd001_p14_s4	AG-892-F15	AG-892-F15_a5_gnd001	0.009097	0.022086529	99.090341	0	14	4
AG-892-F15_a5_gnd001_p15_s1	AG-892-F15	AG-892-F15_a5_gnd001	0.009097	0.022086529	99.090341	0	15	1
AG-892-F15_a5_gnd001_p19_s5	AG-892-F15	AG-892-F15_a5_gnd001	0.009097	0.022086529	99.090341	0	19	5
AG-892-F15_a5_gnd001_p7_s2	AG-892-F15	AG-892-F15_a5_gnd001	0.009097	0.022086529	99.090341	0	7	2
AG-892-F15_a5_gnd001_p8_s3	AG-892-F15	AG-892-F15_a5_gnd001	0.009097	0.022086529	99.090341	0	8	3
AG-892-F15_a5_gnd002	AG-892-F15	AG-892-F15_a5_gnd002	0.018149520	0.043594060	98.185048	1		
AG-892-F15_a5_gnd002_p0_s5	AG-892-F15	AG-892-F15_a5_gnd002	0.018150	0.043594060	98.185048	0	0	5
AG-892-F15_a5_gnd002_p10_s3	AG-892-F15	AG-892-F15_a5_gnd002	0.018150	0.043594060	98.185048	0	10	3
AG-892-F15_a5_gnd002_p13_s1	AG-892-F15	AG-892-F15_a5_gnd002	0.018150	0.043594060	98.185048	0	13	1
AG-892-F15_a5_gnd002_p6_s2	AG-892-F15	AG-892-F15_a5_gnd002	0.018150	0.043594060	98.185048	0	6	2
AG-892-F15_a5_gnd002_p7_s4	AG-892-F15	AG-892-F15_a5_gnd002	0.018150	0.043594060	98.185048	0	7	4
AG-892-F15_a5_gnd003	AG-892-F15	AG-892-F15_a5_gnd003	0.027311239	0.064858858	97.268876	1		
AG-892-F15_a5_gnd003_p10_s3	AG-892-F15	AG-892-F15_a5_gnd003	0.027311	0.064858858	97.268876	0	10	3
AG-892-F15_a5_gnd003_p14_s1	AG-892-F15	AG-892-F15_a5_gnd003	0.027311	0.064858858	97.268876	0	14	1
AG-892-F15_a5_gnd003_p18_s2	AG-892-F15	AG-892-F15_a5_gnd003	0.027311	0.064858858	97.268876	0	18	2
AG-892-F15_a5_gnd003_p20_s5	AG-892-F15	AG-892-F15_a5_gnd003	0.027311	0.064858858	97.268876	0	20	5
AG-892-F15_a5_gnd003_p6_s4	AG-892-F15	AG-892-F15_a5_gnd003	0.027311	0.064858858	97.268876	0	6	4
AG-892-F15_a5_gnd004	AG-892-F15	AG-892-F15_a5_gnd004	0.036407112	0.085958864	96.359289	1		
AG-892-F15_a5_gnd004_p13_s2	AG-892-F15	AG-892-F15_a5_gnd004	0.036407	0.085958864	96.359289	0	13	2
AG-892-F15_a5_gnd004_p16_s1	AG-892-F15	AG-892-F15_a5_gnd004	0.036407	0.085958864	96.359289	0	16	1
AG-892-F15_a5_gnd004_p18_s3	AG-892-F15	AG-892-F15_a5_gnd004	0.036407	0.085958864	96.359289	0	18	3
AG-892-F15_a5_gnd004_p19_s5	AG-892-F15	AG-892-F15_a5_gnd004	0.036407	0.085958864	96.359289	0	19	5
AG-892-F15_a5_gnd004_p3_s4	AG-892-F15	AG-892-F15_a5_gnd004	0.036407	0.085958864	96.359289	0	3	4
AG-892-F15_a5_gnd005	AG-892-F15	AG-892-F15_a5_gnd005	0.045485809	0.106499915	95.451419	1		
AG-892-F15_a5_gnd005_p10_s1	AG-892-F15	AG-892-F15_a5_gnd005	0.045486	0.106499915	95.451419	0	10	1
AG-892-F15_a5_gnd005_p13_s3	AG-892-F15	AG-892-F15_a5_gnd005	0.045486	0.106499915	95.451419	0	13	3
AG-892-F15_a5_gnd005_p15_s4	AG-892-F15	AG-892-F15_a5_gnd005	0.045486	0.106499915	95.451419	0	15	4
AG-892-F15_a5_gnd005_p20_s2	AG-892-F15	AG-892-F15_a5_gnd005	0.045486	0.106499915	95.451419	0	20	2
AG-892-F15_a5_gnd005_p7_s5	AG-892-F15	AG-892-F15_a5_gnd005	0.045486	0.106499915	95.451419	0	7	5
AG-892-F15_a5_gnd006	AG-892-F15	AG-892-F15_a5_gnd006	0.054640370	0.126633441	94.535963	1		
AG-892-F15_a5_gnd006_p13_s2	AG-892-F15	AG-892-F15_a5_gnd006	0.054640	0.126633441	94.535963	0	13	2
AG-892-F15_a5_gnd006_p15_s4	AG-892-F15	AG-892-F15_a5_gnd006	0.054640	0.126633441	94.535963	0	15	4
AG-892-F15_a5_gnd006_p1_s1	AG-892-F15	AG-892-F15_a5_gnd006	0.054640	0.126633441	94.535963	0	1	1
AG-892-F15_a5_gnd006_p20_s3	AG-892-F15	AG-892-F15_a5_gnd006	0.054640	0.126633441	94.535963	0	20	3
AG-892-F15_a5_gnd006_p6_s5	AG-892-F15	AG-892-F15_a5_gnd006	0.054640	0.126633441	94.535963	0	6	5
AG-892-F15_a5_gnd007	AG-892-F15	AG-892-F15_a5_gnd007	0.063733380	0.146475241	93.626662	1		
AG-892-F15_a5_gnd007_p20_s2	AG-892-F15	AG-892-F15_a5_gnd007	0.063733	0.146475241	93.626662	0	20	2
AG-892-F15_a5_gnd007_p20_s4	AG-892-F15	AG-892-F15_a5_gnd007	0.063733	0.146475241	93.626662	0	20	4
AG-892-F15_a5_gnd007_p4_s5	AG-892-F15	AG-892-F15_a5_gnd007	0.063733	0.146475241	93.626662	0	4	5
AG-892-F15_a5_gnd007_p8_s1	AG-892-F15	AG-892-F15_a5_gnd007	0.063733	0.146475241	93.626662	0	8	1
AG-892-F15_a5_gnd007_p8_s3	AG-892-F15	AG-892-F15_a5_gnd007	0.063733	0.146475241	93.626662	0	8	3
AG-892-F15_a5_gnd008	AG-892-F15	AG-892-F15_a5_gnd008	0.072782018	0.165682371	92.721798	1		
AG-892-F15_a5_gnd008_p10_s3	AG-892-F15	AG-892-F15_a5_gnd008	0.072782	0.165682371	92.721798	0	10	3
AG-892-F15_a5_gnd008_p13_s2	AG-892-F15	AG-892-F15_a5_gnd008	0.072782	0.165682371	92.721798	0	13	2
AG-892-F15_a5_gnd008_p14_s1	AG-892-F15	AG-892-F15_a5_gnd008	0.072782	0.165682371	92.721798	0	14	1
AG-892-F15_a5_gnd008_p14_s4	AG-892-F15	AG-892-F15_a5_gnd008	0.072782	0.165682371	92.721798	0	14	4
AG-892-F15_a5_gnd008_p17_s5	AG-892-F15	AG-892-F15_a5_gnd008	0.072782	0.165682371	92.721798	0	17	5
AG-892-F15_a5_gnd009	AG-892-F15	AG-892-F15_a5_gnd009	0.081915108	0.184488656	91.808489	1		
AG-892-F15_a5_gnd009_p10_s4	AG-892-F15	AG-892-F15_a5_gnd009	0.081915	0.184488656	91.808489	0	10	4
AG-892-F15_a5_gnd009_p14_s5	AG-892-F15	AG-892-F15_a5_gnd009	0.081915	0.184488656	91.808489	0	14	5
AG-892-F15_a5_gnd009_p18_s1	AG-892-F15	AG-892-F15_a5_gnd009	0.081915	0.184488656	91.808489	0	18	1
AG-892-F15_a5_gnd009_p20_s3	AG-892-F15	AG-892-F15_a5_gnd009	0.081915	0.184488656	91.808489	0	20	3
AG-892-F15_a5_gnd009_p9_s2	AG-892-F15	AG-892-F15_a5_gnd009	0.081915	0.184488656	91.808489	0	9	2
AG-892-F15_a5_gnd010	AG-892-F15	AG-892-F15_a5_gnd010	0.090990941	0.203446371	90.900906	1		
AG-892-F15_a5_gnd010_p13_s2	AG-892-F15	AG-892-F15_a5_gnd010	0.090991	0.203446371	90.900906	0	13	2
AG-892-F15_a5_gnd010_p15_s5	AG-892-F15	AG-892-F15_a5_gnd010	0.090991	0.203446371	90.900906	0	15	5
AG-892-F15_a5_gnd010_p17_s3	AG-892-F15	AG-892-F15_a5_gnd010	0.090991	0.203446371	90.900906	0	17	3
AG-892-F15_a5_gnd010_p19_s1	AG-892-F15	AG-892-F15_a5_gnd010	0.090991	0.203446371	90.900906	0	19	1
AG-892-F15_a5_gnd010_p6_s4	AG-892-F15	AG-892-F15_a5_gnd010	0.090991	0.203446371	90.900906	0	6	4
AG-892-F15_a5_gnd011	AG-892-F15	AG-892-F15_a5_gnd011	0.100084668	0.221455422	89.991533	1		
AG-892-F15_a5_gnd011_p12_s5	AG-892-F15	AG-892-F15_a5_gnd011	0.100085	0.221455422	89.991533	0	12	5
AG-892-F15_a5_gnd011_p16_s4	AG-892-F15	AG-892-F15_a5_gnd011	0.100085	0.221455422	89.991533	0	16	4
AG-892-F15_a5_gnd011_p17_s3	AG-892-F15	AG-892-F15_a5_gnd011	0.100085	0.221455422	89.991533	0	17	3
AG-892-F15_a5_gnd011_p5_s2	AG-892-F15	AG-892-F15_a5_gnd011	0.100085	0.221455422	89.991533	0	5	2
AG-892-F15_a5_gnd011_p8_s1	AG-892-F15	AG-892-F15_a5_gnd011	0.100085	0.221455422	89.991533	0	8	1
AG-892-F15_a5_gnd012	AG-892-F15	AG-892-F15_a5_gnd012	0.109255690	0.239952166	89.074431	1		
AG-892-F15_a5_gnd012_p0_s4	AG-892-F15	AG-892-F15_a5_gnd012	0.109256	0.239952166	89.074431	0	0	4
AG-892-F15_a5_gnd012_p14_s2	AG-892-F15	AG-892-F15_a5_gnd012	0.109256	0.239952166	89.074431	0	14	2
AG-892-F15_a5_gnd012_p17_s3	AG-892-F15	AG-892-F15_a5_gnd012	0.109256	0.239952166	89.074431	0	17	3
AG-892-F15_a5_gnd012_p7_s5	AG-892-F15	AG-892-F15_a5_gnd012	0.109256	0.239952166	89.074431	0	7	5
AG-892-F15_a5_gnd012_p9_s1	AG-892-F15	AG-892-F15_a5_gnd012	0.109256	0.239952166	89.074431	0	9	1
AG-892-F15_a5_gnd013	AG-892-F15	AG-892-F15_a5_gnd013	0.118383054	0.257328773	88.161695	1		
AG-892-F15_a5_gnd013_p12_s3	AG-892-F15	AG-892-F15_a5_gnd013	0.118383	0.257328773	88.161695	0	12	3
AG-892-F15_a5_gnd013_p12_s5	AG-892-F15	AG-892-F15_a5_gnd013	0.118383	0.257328773	88.161695	0	12	5
AG-892-F15_a5_gnd013_p13_s4	AG-892-F15	AG-892-F15_a5_gnd013	0.118383	0.257328773	88.161695	0	13	4
AG-892-F15_a5_gnd013_p19_s2	AG-892-F15	AG-892-F15_a5_gnd013	0.118383	0.257328773	88.161695	0	19	2
AG-892-F15_a5_gnd013_p8_s1	AG-892-F15	AG-892-F15_a5_gnd013	0.118383	0.257328773	88.161695	0	8	1
AG-892-F15_a5_gnd014	AG-892-F15	AG-892-F15_a5_gnd014	0.127217696	0.274609622	87.278230	1		
AG-892-F15_a5_gnd014_p11_s2	AG-892-F15	AG-892-F15_a5_gnd014	0.127218	0.274609622	87.278230	0	11	2
AG-892-F15_a5_gnd014_p14_s3	AG-892-F15	AG-892-F15_a5_gnd014	0.127218	0.274609622	87.278230	0	14	3
AG-892-F15_a5_gnd014_p14_s5	AG-892-F15	AG-892-F15_a5_gnd014	0.127218	0.274609622	87.278230	0	14	5
AG-892-F15_a5_gnd014_p16_s1	AG-892-F15	AG-892-F15_a5_gnd014	0.127218	0.274609622	87.278230	0	16	1
AG-892-F15_a5_gnd014_p19_s4	AG-892-F15	AG-892-F15_a5_gnd014	0.127218	0.274609622	87.278230	0	19	4
AG-892-F15_a5_gnd015	AG-892-F15	AG-892-F15_a5_gnd015	0.136594125	0.291888245	86.340587	1		
AG-892-F15_a5_gnd015_p15_s5	AG-892-F15	AG-892-F15_a5_gnd015	0.136594	0.291888245	86.340587	0	15	5
AG-892-F15_a5_gnd015_p18_s2	AG-892-F15	AG-892-F15_a5_gnd015	0.136594	0.291888245	86.340587	0	18	2
AG-892-F15_a5_gnd015_p19_s4	AG-892-F15	AG-892-F15_a5_gnd015	0.136594	0.291888245	86.340587	0	19	4
AG-892-F15_a5_gnd015_p20_s1	AG-892-F15	AG-892-F15_a5_gnd015	0.136594	0.291888245	86.340587	0	20	1
AG-892-F15_a5_gnd015_p4_s3	AG-892-F15	AG-892-F15_a5_gnd015	0.136594	0.291888245	86.340587	0	4	3
AG-892-F15_a5_gnd016	AG-892-F15	AG-892-F15_a5_gnd016	0.145588369	0.308977579	85.441163	1		
AG-892-F15_a5_gnd016_p10_s2	AG-892-F15	AG-892-F15_a5_gnd016	0.145588	0.308977579	85.441163	0	10	2
AG-892-F15_a5_gnd016_p13_s3	AG-892-F15	AG-892-F15_a5_gnd016	0.145588	0.308977579	85.441163	0	13	3
AG-892-F15_a5_gnd016_p15_s5	AG-892-F15	AG-892-F15_a5_gnd016	0.145588	0.308977579	85.441163	0	15	5
AG-892-F15_a5_gnd016_p20_s4	AG-892-F15	AG-892-F15_a5_gnd016	0.145588	0.308977579	85.441163	0	20	4
AG-892-F15_a5_gnd016_p9_s1	AG-892-F15	AG-892-F15_a5_gnd016	0.145588	0.308977579	85.441163	0	9	1
AG-892-F15_a5_gnd017	AG-892-F15	AG-892-F15_a5_gnd017	0.154704282	0.324931188	84.529572	1		
AG-892-F15_a5_gnd017_p10_s3	AG-892-F15	AG-892-F15_a5_gnd017	0.154704	0.324931188	84.529572	0	10	3
AG-892-F15_a5_gnd017_p14_s2	AG-892-F15	AG-892-F15_a5_gnd017	0.154704	0.324931188	84.529572	0	14	2
AG-892-F15_a5_gnd017_p18_s5	AG-892-F15	AG-892-F15_a5_gnd017	0.154704	0.324931188	84.529572	0	18	5
AG-892-F15_a5_gnd017_p19_s4	AG-892-F15	AG-892-F15_a5_gnd017	0.154704	0.324931188	84.529572	0	19	4
AG-892-F15_a5_gnd017_p7_s1	AG-892-F15	AG-892-F15_a5_gnd017	0.154704	0.324931188	84.529572	0	7	1
AG-892-F15_a5_gnd018	AG-892-F15	AG-892-F15_a5_gnd018	0.164017729	0.341149800	83.598227	1		
AG-892-F15_a5_gnd018_p1_s3	AG-892-F15	AG-892-F15_a5_gnd018	0.164018	0.341149800	83.598227	0	1	3
AG-892-F15_a5_gnd018_p20_s2	AG-892-F15	AG-892-F15_a5_gnd018	0.164018	0.341149800	83.598227	0	20	2
AG-892-F15_a5_gnd018_p5_s1	AG-892-F15	AG-892-F15_a5_gnd018	0.164018	0.341149800	83.598227	0	5	1
AG-892-F15_a5_gnd018_p8_s4	AG-892-F15	AG-892-F15_a5_gnd018	0.164018	0.341149800	83.598227	0	8	4
AG-892-F15_a5_gnd018_p9_s5	AG-892-F15	AG-892-F15_a5_gnd018	0.164018	0.341149800	83.598227	0	9	5
AG-892-F15_a5_gnd019	AG-892-F15	AG-892-F15_a5_gnd019	0.173029150	0.357384000	82.697085	1		
AG-892-F15_a5_gnd019_p15_s5	AG-892-F15	AG-892-F15_a5_gnd019	0.173029	0.357384000	82.697085	0	15	5
AG-892-F15_a5_gnd019_p16_s1	AG-892-F15	AG-892-F15_a5_gnd019	0.173029	0.357384000	82.697085	0	16	1
AG-892-F15_a5_gnd019_p17_s3	AG-892-F15	AG-892-F15_a5_gnd019	0.173029	0.357384000	82.697085	0	17	3
AG-892-F15_a5_gnd019_p6_s2	AG-892-F15	AG-892-F15_a5_gnd019	0.173029	0.357384000	82.697085	0	6	2
AG-892-F15_a5_gnd019_p7_s4	AG-892-F15	AG-892-F15_a5_gnd019	0.173029	0.357384000	82.697085	0	7	4
AG-892-F15_a5_gnd020	AG-892-F15	AG-892-F15_a5_gnd020	0.182235957	0.372950126	81.776404	1		
AG-892-F15_a5_gnd020_p0_s4	AG-892-F15	AG-892-F15_a5_gnd020	0.182236	0.372950126	81.776404	0	0	4
AG-892-F15_a5_gnd020_p19_s1	AG-892-F15	AG-892-F15_a5_gnd020	0.182236	0.372950126	81.776404	0	19	1
AG-892-F15_a5_gnd020_p5_s3	AG-892-F15	AG-892-F15_a5_gnd020	0.182236	0.372950126	81.776404	0	5	3
AG-892-F15_a5_gnd020_p6_s5	AG-892-F15	AG-892-F15_a5_gnd020	0.182236	0.372950126	81.776404	0	6	5
AG-892-F15_a5_gnd020_p9_s2	AG-892-F15	AG-892-F15_a5_gnd020	0.182236	0.372950126	81.776404	0	9	2
AG-893-E23_a22_gnd00000	AG-893-E23	AG-893-E23_a22_gnd00000	0.000000000	0.000515675	100.000000	1		
AG-893-E23_a22_gnd00005	AG-893-E23	AG-893-E23_a22_gnd00005	0.000459934	0.001625499	99.954007	1		
AG-893-E23_a22_gnd00010	AG-893-E23	AG-893-E23_a22_gnd00010	0.000906933	0.002755500	99.909307	1		
AG-893-E23_a22_gnd00020	AG-893-E23	AG-893-E23_a22_gnd00020	0.001806680	0.005017746	99.819332	1		
AG-893-E23_a22_gnd00030	AG-893-E23	AG-893-E23_a22_gnd00030	0.002735172	0.007217214	99.726483	1		
AG-893-E23_a22_gnd00040	AG-893-E23	AG-893-E23_a22_gnd00040	0.003639230	0.009472733	99.636077	1		
AG-893-E23_a22_gnd00050	AG-893-E23	AG-893-E23_a22_gnd00050	0.004533228	0.011528709	99.546677	1		
AG-893-E23_a22_gnd00060	AG-893-E23	AG-893-E23_a22_gnd00060	0.005448066	0.013764049	99.455193	1		
AG-893-E23_a22_gnd00070	AG-893-E23	AG-893-E23_a22_gnd00070	0.006351406	0.015938854	99.364859	1		
AG-893-E23_a22_gnd00080	AG-893-E23	AG-893-E23_a22_gnd00080	0.007289240	0.018351318	99.271076	1		
AG-893-E23_a22_gnd00090	AG-893-E23	AG-893-E23_a22_gnd00090	0.008175333	0.020371421	99.182467	1		
AG-893-E23_a22_gnd001	AG-893-E23	AG-893-E23_a22_gnd001	0.009053520	0.022360134	99.094648	1		
AG-893-E23_a22_gnd002	AG-893-E23	AG-893-E23_a22_gnd002	0.018245739	0.044567808	98.175426	1		
AG-893-E23_a22_gnd003	AG-893-E23	AG-893-E23_a22_gnd003	0.027248234	0.065764309	97.275177	1		
AG-893-E23_a22_gnd004	AG-893-E23	AG-893-E23_a22_gnd004	0.036282351	0.086546029	96.371765	1		
AG-893-E23_a22_gnd005	AG-893-E23	AG-893-E23_a22_gnd005	0.045295626	0.106859156	95.470437	1		
AG-893-E23_a22_gnd006	AG-893-E23	AG-893-E23_a22_gnd006	0.054559710	0.127708137	94.544029	1		
AG-893-E23_a22_gnd007	AG-893-E23	AG-893-E23_a22_gnd007	0.063621135	0.147570608	93.637887	1		
AG-893-E23_a22_gnd008	AG-893-E23	AG-893-E23_a22_gnd008	0.072758018	0.167143853	92.724198	1		
AG-893-E23_a22_gnd009	AG-893-E23	AG-893-E23_a22_gnd009	0.081852500	0.187246226	91.814750	1		
AG-893-E23_a22_gnd010	AG-893-E23	AG-893-E23_a22_gnd010	0.090867213	0.206005601	90.913279	1		
AG-893-E23_a22_gnd011	AG-893-E23	AG-893-E23_a22_gnd011	0.100034279	0.224713408	89.996572	1		
AG-893-E23_a22_gnd012	AG-893-E23	AG-893-E23_a22_gnd012	0.109108640	0.243179072	89.089136	1		
AG-893-E23_a22_gnd013	AG-893-E23	AG-893-E23_a22_gnd013	0.118411531	0.261651462	88.158847	1		
AG-893-E23_a22_gnd014	AG-893-E23	AG-893-E23_a22_gnd014	0.127339287	0.279718038	87.266071	1		
AG-893-E23_a22_gnd015	AG-893-E23	AG-893-E23_a22_gnd015	0.136508509	0.296623223	86.349149	1		
AG-893-E23_a22_gnd016	AG-893-E23	AG-893-E23_a22_gnd016	0.145511724	0.314019421	85.448828	1		
AG-893-E23_a22_gnd017	AG-893-E23	AG-893-E23_a22_gnd017	0.154701786	0.331222801	84.529821	1		
AG-893-E23_a22_gnd018	AG-893-E23	AG-893-E23_a22_gnd018	0.163743089	0.346912786	83.625691	1		
AG-893-E23_a22_gnd019	AG-893-E23	AG-893-E23_a22_gnd019	0.172767863	0.363604975	82.723214	1		
AG-893-E23_a22_gnd020	AG-893-E23	AG-893-E23_a22_gnd020	0.182075784	0.380364426	81.792422	1		
AG-893-E23_a5_gnd00000	AG-893-E23	AG-893-E23_a5_gnd00000	0.000000000	0.000515675	100.000000	1		
AG-893-E23_a5_gnd00000_p0_s2	AG-893-E23	AG-893-E23_a5_gnd00000	0.000000	0.000515675	100.000000	0	0	2
AG-893-E23_a5_gnd00000_p14_s1	AG-893-E23	AG-893-E23_a5_gnd00000	0.000000	0.000515675	100.000000	0	14	1
AG-893-E23_a5_gnd00000_p14_s4	AG-893-E23	AG-893-E23_a5_gnd00000	0.000000	0.000515675	100.000000	0	14	4
AG-893-E23_a5_gnd00000_p15_s3	AG-893-E23	AG-893-E23_a5_gnd00000	0.000000	0.000515675	100.000000	0	15	3
AG-893-E23_a5_gnd00000_p18_s5	AG-893-E23	AG-893-E23_a5_gnd00000	0.000000	0.000515675	100.000000	0	18	5
AG-893-E23_a5_gnd00005	AG-893-E23	AG-893-E23_a5_gnd00005	0.000450592	0.001641193	99.954941	1		
AG-893-E23_a5_gnd00005_p11_s3	AG-893-E23	AG-893-E23_a5_gnd00005	0.000451	0.001641193	99.954941	0	11	3
AG-893-E23_a5_gnd00005_p13_s4	AG-893-E23	AG-893-E23_a5_gnd00005	0.000451	0.001641193	99.954941	0	13	4
AG-893-E23_a5_gnd00005_p15_s1	AG-893-E23	AG-893-E23_a5_gnd00005	0.000451	0.001641193	99.954941	0	15	1
AG-893-E23_a5_gnd00005_p7_s5	AG-893-E23	AG-893-E23_a5_gnd00005	0.000451	0.001641193	99.954941	0	7	5
AG-893-E23_a5_gnd00005_p9_s2	AG-893-E23	AG-893-E23_a5_gnd00005	0.000451	0.001641193	99.954941	0	9	2
AG-893-E23_a5_gnd00010	AG-893-E23	AG-893-E23_a5_gnd00010	0.000899747	0.002728596	99.910025	1		
AG-893-E23_a5_gnd00010_p10_s2	AG-893-E23	AG-893-E23_a5_gnd00010	0.000900	0.002728596	99.910025	0	10	2
AG-893-E23_a5_gnd00010_p16_s1	AG-893-E23	AG-893-E23_a5_gnd00010	0.000900	0.002728596	99.910025	0	16	1
AG-893-E23_a5_gnd00010_p19_s3	AG-893-E23	AG-893-E23_a5_gnd00010	0.000900	0.002728596	99.910025	0	19	3
AG-893-E23_a5_gnd00010_p20_s4	AG-893-E23	AG-893-E23_a5_gnd00010	0.000900	0.002728596	99.910025	0	20	4
AG-893-E23_a5_gnd00010_p20_s5	AG-893-E23	AG-893-E23_a5_gnd00010	0.000900	0.002728596	99.910025	0	20	5
AG-893-E23_a5_gnd00020	AG-893-E23	AG-893-E23_a5_gnd00020	0.001805961	0.004941516	99.819404	1		
AG-893-E23_a5_gnd00020_p0_s5	AG-893-E23	AG-893-E23_a5_gnd00020	0.001806	0.004941516	99.819404	0	0	5
AG-893-E23_a5_gnd00020_p12_s1	AG-893-E23	AG-893-E23_a5_gnd00020	0.001806	0.004941516	99.819404	0	12	1
AG-893-E23_a5_gnd00020_p15_s2	AG-893-E23	AG-893-E23_a5_gnd00020	0.001806	0.004941516	99.819404	0	15	2
AG-893-E23_a5_gnd00020_p3_s3	AG-893-E23	AG-893-E23_a5_gnd00020	0.001806	0.004941516	99.819404	0	3	3
AG-893-E23_a5_gnd00020_p5_s4	AG-893-E23	AG-893-E23_a5_gnd00020	0.001806	0.004941516	99.819404	0	5	4
AG-893-E23_a5_gnd00030	AG-893-E23	AG-893-E23_a5_gnd00030	0.002724392	0.007145468	99.727561	1		
AG-893-E23_a5_gnd00030_p11_s2	AG-893-E23	AG-893-E23_a5_gnd00030	0.002724	0.007145468	99.727561	0	11	2
AG-893-E23_a5_gnd00030_p11_s3	AG-893-E23	AG-893-E23_a5_gnd00030	0.002724	0.007145468	99.727561	0	11	3
AG-893-E23_a5_gnd00030_p15_s1	AG-893-E23	AG-893-E23_a5_gnd00030	0.002724	0.007145468	99.727561	0	15	1
AG-893-E23_a5_gnd00030_p15_s5	AG-893-E23	AG-893-E23_a5_gnd00030	0.002724	0.007145468	99.727561	0	15	5
AG-893-E23_a5_gnd00030_p4_s4	AG-893-E23	AG-893-E23_a5_gnd00030	0.002724	0.007145468	99.727561	0	4	4
AG-893-E23_a5_gnd00040	AG-893-E23	AG-893-E23_a5_gnd00040	0.003640668	0.009448070	99.635933	1		
AG-893-E23_a5_gnd00040_p0_s2	AG-893-E23	AG-893-E23_a5_gnd00040	0.003641	0.009448070	99.635933	0	0	2
AG-893-E23_a5_gnd00040_p10_s1	AG-893-E23	AG-893-E23_a5_gnd00040	0.003641	0.009448070	99.635933	0	10	1
AG-893-E23_a5_gnd00040_p19_s4	AG-893-E23	AG-893-E23_a5_gnd00040	0.003641	0.009448070	99.635933	0	19	4
AG-893-E23_a5_gnd00040_p5_s5	AG-893-E23	AG-893-E23_a5_gnd00040	0.003641	0.009448070	99.635933	0	5	5
AG-893-E23_a5_gnd00040_p7_s3	AG-893-E23	AG-893-E23_a5_gnd00040	0.003641	0.009448070	99.635933	0	7	3
AG-893-E23_a5_gnd00050	AG-893-E23	AG-893-E23_a5_gnd00050	0.004559818	0.011719284	99.544018	1		
AG-893-E23_a5_gnd00050_p0_s2	AG-893-E23	AG-893-E23_a5_gnd00050	0.004560	0.011719284	99.544018	0	0	2
AG-893-E23_a5_gnd00050_p14_s4	AG-893-E23	AG-893-E23_a5_gnd00050	0.004560	0.011719284	99.544018	0	14	4
AG-893-E23_a5_gnd00050_p16_s1	AG-893-E23	AG-893-E23_a5_gnd00050	0.004560	0.011719284	99.544018	0	16	1
AG-893-E23_a5_gnd00050_p20_s3	AG-893-E23	AG-893-E23_a5_gnd00050	0.004560	0.011719284	99.544018	0	20	3
AG-893-E23_a5_gnd00050_p20_s5	AG-893-E23	AG-893-E23_a5_gnd00050	0.004560	0.011719284	99.544018	0	20	5
AG-893-E23_a5_gnd00060	AG-893-E23	AG-893-E23_a5_gnd00060	0.005453096	0.013725934	99.454690	1		
AG-893-E23_a5_gnd00060_p0_s2	AG-893-E23	AG-893-E23_a5_gnd00060	0.005453	0.013725934	99.454690	0	0	2
AG-893-E23_a5_gnd00060_p10_s3	AG-893-E23	AG-893-E23_a5_gnd00060	0.005453	0.013725934	99.454690	0	10	3
AG-893-E23_a5_gnd00060_p13_s4	AG-893-E23	AG-893-E23_a5_gnd00060	0.005453	0.013725934	99.454690	0	13	4
AG-893-E23_a5_gnd00060_p17_s5	AG-893-E23	AG-893-E23_a5_gnd00060	0.005453	0.013725934	99.454690	0	17	5
AG-893-E23_a5_gnd00060_p7_s1	AG-893-E23	AG-893-E23_a5_gnd00060	0.005453	0.013725934	99.454690	0	7	1
AG-893-E23_a5_gnd00070	AG-893-E23	AG-893-E23_a5_gnd00070	0.006351406	0.015916434	99.364859	1		
AG-893-E23_a5_gnd00070_p12_s2	AG-893-E23	AG-893-E23_a5_gnd00070	0.006351	0.015916434	99.364859	0	12	2
AG-893-E23_a5_gnd00070_p13_s1	AG-893-E23	AG-893-E23_a5_gnd00070	0.006351	0.015916434	99.364859	0	13	1
AG-893-E23_a5_gnd00070_p17_s5	AG-893-E23	AG-893-E23_a5_gnd00070	0.006351	0.015916434	99.364859	0	17	5
AG-893-E23_a5_gnd00070_p2_s3	AG-893-E23	AG-893-E23_a5_gnd00070	0.006351	0.015916434	99.364859	0	2	3
AG-893-E23_a5_gnd00070_p3_s4	AG-893-E23	AG-893-E23_a5_gnd00070	0.006351	0.015916434	99.364859	0	3	4
AG-893-E23_a5_gnd00080	AG-893-E23	AG-893-E23_a5_gnd00080	0.007251152	0.018055366	99.274885	1		
AG-893-E23_a5_gnd00080_p0_s1	AG-893-E23	AG-893-E23_a5_gnd00080	0.007251	0.018055366	99.274885	0	0	1
AG-893-E23_a5_gnd00080_p11_s3	AG-893-E23	AG-893-E23_a5_gnd00080	0.007251	0.018055366	99.274885	0	11	3
AG-893-E23_a5_gnd00080_p16_s2	AG-893-E23	AG-893-E23_a5_gnd00080	0.007251	0.018055366	99.274885	0	16	2
AG-893-E23_a5_gnd00080_p17_s4	AG-893-E23	AG-893-E23_a5_gnd00080	0.007251	0.018055366	99.274885	0	17	4
AG-893-E23_a5_gnd00080_p6_s5	AG-893-E23	AG-893-E23_a5_gnd00080	0.007251	0.018055366	99.274885	0	6	5
AG-893-E23_a5_gnd00090	AG-893-E23	AG-893-E23_a5_gnd00090	0.008203360	0.020553028	99.179664	1		
AG-893-E23_a5_gnd00090_p13_s4	AG-893-E23	AG-893-E23_a5_gnd00090	0.008203	0.020553028	99.179664	0	13	4
AG-893-E23_a5_gnd00090_p14_s2	AG-893-E23	AG-893-E23_a5_gnd00090	0.008203	0.020553028	99.179664	0	14	2
AG-893-E23_a5_gnd00090_p20_s1	AG-893-E23	AG-893-E23_a5_gnd00090	0.008203	0.020553028	99.179664	0	20	1
AG-893-E23_a5_gnd00090_p20_s5	AG-893-E23	AG-893-E23_a5_gnd00090	0.008203	0.020553028	99.179664	0	20	5
AG-893-E23_a5_gnd00090_p9_s3	AG-893-E23	AG-893-E23_a5_gnd00090	0.008203	0.020553028	99.179664	0	9	3
AG-893-E23_a5_gnd001	AG-893-E23	AG-893-E23_a5_gnd001	0.009096639	0.022566404	99.090336	1		
AG-893-E23_a5_gnd001_p10_s4	AG-893-E23	AG-893-E23_a5_gnd001	0.009097	0.022566404	99.090336	0	10	4
AG-893-E23_a5_gnd001_p10_s5	AG-893-E23	AG-893-E23_a5_gnd001	0.009097	0.022566404	99.090336	0	10	5
AG-893-E23_a5_gnd001_p13_s1	AG-893-E23	AG-893-E23_a5_gnd001	0.009097	0.022566404	99.090336	0	13	1
AG-893-E23_a5_gnd001_p19_s2	AG-893-E23	AG-893-E23_a5_gnd001	0.009097	0.022566404	99.090336	0	19	2
AG-893-E23_a5_gnd001_p7_s3	AG-893-E23	AG-893-E23_a5_gnd001	0.009097	0.022566404	99.090336	0	7	3
AG-893-E23_a5_gnd002	AG-893-E23	AG-893-E23_a5_gnd002	0.018131474	0.044009533	98.186853	1		
AG-893-E23_a5_gnd002_p16_s4	AG-893-E23	AG-893-E23_a5_gnd002	0.018131	0.044009533	98.186853	0	16	4
AG-893-E23_a5_gnd002_p18_s1	AG-893-E23	AG-893-E23_a5_gnd002	0.018131	0.044009533	98.186853	0	18	1
AG-893-E23_a5_gnd002_p18_s3	AG-893-E23	AG-893-E23_a5_gnd002	0.018131	0.044009533	98.186853	0	18	3
AG-893-E23_a5_gnd002_p1_s2	AG-893-E23	AG-893-E23_a5_gnd002	0.018131	0.044009533	98.186853	0	1	2
AG-893-E23_a5_gnd002_p8_s5	AG-893-E23	AG-893-E23_a5_gnd002	0.018131	0.044009533	98.186853	0	8	5
AG-893-E23_a5_gnd003	AG-893-E23	AG-893-E23_a5_gnd003	0.027238892	0.065441452	97.276111	1		
AG-893-E23_a5_gnd003_p10_s4	AG-893-E23	AG-893-E23_a5_gnd003	0.027239	0.065441452	97.276111	0	10	4
AG-893-E23_a5_gnd003_p19_s3	AG-893-E23	AG-893-E23_a5_gnd003	0.027239	0.065441452	97.276111	0	19	3
AG-893-E23_a5_gnd003_p7_s5	AG-893-E23	AG-893-E23_a5_gnd003	0.027239	0.065441452	97.276111	0	7	5
AG-893-E23_a5_gnd003_p8_s1	AG-893-E23	AG-893-E23_a5_gnd003	0.027239	0.065441452	97.276111	0	8	1
AG-893-E23_a5_gnd003_p9_s2	AG-893-E23	AG-893-E23_a5_gnd003	0.027239	0.065441452	97.276111	0	9	2
AG-893-E23_a5_gnd004	AG-893-E23	AG-893-E23_a5_gnd004	0.036337687	0.085963091	96.366231	1		
AG-893-E23_a5_gnd004_p12_s5	AG-893-E23	AG-893-E23_a5_gnd004	0.036338	0.085963091	96.366231	0	12	5
AG-893-E23_a5_gnd004_p13_s4	AG-893-E23	AG-893-E23_a5_gnd004	0.036338	0.085963091	96.366231	0	13	4
AG-893-E23_a5_gnd004_p16_s2	AG-893-E23	AG-893-E23_a5_gnd004	0.036338	0.085963091	96.366231	0	16	2
AG-893-E23_a5_gnd004_p19_s3	AG-893-E23	AG-893-E23_a5_gnd004	0.036338	0.085963091	96.366231	0	19	3
AG-893-E23_a5_gnd004_p4_s1	AG-893-E23	AG-893-E23_a5_gnd004	0.036338	0.085963091	96.366231	0	4	1
AG-893-E23_a5_gnd005	AG-893-E23	AG-893-E23_a5_gnd005	0.045434325	0.106722390	95.456567	1		
AG-893-E23_a5_gnd005_p0_s3	AG-893-E23	AG-893-E23_a5_gnd005	0.045434	0.106722390	95.456567	0	0	3
AG-893-E23_a5_gnd005_p15_s1	AG-893-E23	AG-893-E23_a5_gnd005	0.045434	0.106722390	95.456567	0	15	1
AG-893-E23_a5_gnd005_p15_s2	AG-893-E23	AG-893-E23_a5_gnd005	0.045434	0.106722390	95.456567	0	15	2
AG-893-E23_a5_gnd005_p17_s4	AG-893-E23	AG-893-E23_a5_gnd005	0.045434	0.106722390	95.456567	0	17	4
AG-893-E23_a5_gnd005_p20_s5	AG-893-E23	AG-893-E23_a5_gnd005	0.045434	0.106722390	95.456567	0	20	5
AG-893-E23_a5_gnd006	AG-893-E23	AG-893-E23_a5_gnd006	0.054482815	0.126652123	94.551719	1		
AG-893-E23_a5_gnd006_p10_s3	AG-893-E23	AG-893-E23_a5_gnd006	0.054483	0.126652123	94.551719	0	10	3
AG-893-E23_a5_gnd006_p17_s5	AG-893-E23	AG-893-E23_a5_gnd006	0.054483	0.126652123	94.551719	0	17	5
AG-893-E23_a5_gnd006_p4_s2	AG-893-E23	AG-893-E23_a5_gnd006	0.054483	0.126652123	94.551719	0	4	2
AG-893-E23_a5_gnd006_p7_s1	AG-893-E23	AG-893-E23_a5_gnd006	0.054483	0.126652123	94.551719	0	7	1
AG-893-E23_a5_gnd006_p8_s4	AG-893-E23	AG-893-E23_a5_gnd006	0.054483	0.126652123	94.551719	0	8	4
AG-893-E23_a5_gnd007	AG-893-E23	AG-893-E23_a5_gnd007	0.063703061	0.146541500	93.629694	1		
AG-893-E23_a5_gnd007_p12_s1	AG-893-E23	AG-893-E23_a5_gnd007	0.063703	0.146541500	93.629694	0	12	1
AG-893-E23_a5_gnd007_p16_s3	AG-893-E23	AG-893-E23_a5_gnd007	0.063703	0.146541500	93.629694	0	16	3
AG-893-E23_a5_gnd007_p18_s4	AG-893-E23	AG-893-E23_a5_gnd007	0.063703	0.146541500	93.629694	0	18	4
AG-893-E23_a5_gnd007_p7_s2	AG-893-E23	AG-893-E23_a5_gnd007	0.063703	0.146541500	93.629694	0	7	2
AG-893-E23_a5_gnd007_p8_s5	AG-893-E23	AG-893-E23_a5_gnd007	0.063703	0.146541500	93.629694	0	8	5
AG-893-E23_a5_gnd008	AG-893-E23	AG-893-E23_a5_gnd008	0.072790357	0.166690956	92.720964	1		
AG-893-E23_a5_gnd008_p0_s4	AG-893-E23	AG-893-E23_a5_gnd008	0.072790	0.166690956	92.720964	0	0	4
AG-893-E23_a5_gnd008_p15_s2	AG-893-E23	AG-893-E23_a5_gnd008	0.072790	0.166690956	92.720964	0	15	2
AG-893-E23_a5_gnd008_p15_s3	AG-893-E23	AG-893-E23_a5_gnd008	0.072790	0.166690956	92.720964	0	15	3
AG-893-E23_a5_gnd008_p16_s5	AG-893-E23	AG-893-E23_a5_gnd008	0.072790	0.166690956	92.720964	0	16	5
AG-893-E23_a5_gnd008_p7_s1	AG-893-E23	AG-893-E23_a5_gnd008	0.072790	0.166690956	92.720964	0	7	1
AG-893-E23_a5_gnd009	AG-893-E23	AG-893-E23_a5_gnd009	0.081805070	0.185096084	91.819493	1		
AG-893-E23_a5_gnd009_p11_s4	AG-893-E23	AG-893-E23_a5_gnd009	0.081805	0.185096084	91.819493	0	11	4
AG-893-E23_a5_gnd009_p12_s2	AG-893-E23	AG-893-E23_a5_gnd009	0.081805	0.185096084	91.819493	0	12	2
AG-893-E23_a5_gnd009_p13_s5	AG-893-E23	AG-893-E23_a5_gnd009	0.081805	0.185096084	91.819493	0	13	5
AG-893-E23_a5_gnd009_p8_s1	AG-893-E23	AG-893-E23_a5_gnd009	0.081805	0.185096084	91.819493	0	8	1
AG-893-E23_a5_gnd009_p8_s3	AG-893-E23	AG-893-E23_a5_gnd009	0.081805	0.185096084	91.819493	0	8	3
AG-893-E23_a5_gnd010	AG-893-E23	AG-893-E23_a5_gnd010	0.090965668	0.203909268	90.903433	1		
AG-893-E23_a5_gnd010_p10_s1	AG-893-E23	AG-893-E23_a5_gnd010	0.090966	0.203909268	90.903433	0	10	1
AG-893-E23_a5_gnd010_p13_s4	AG-893-E23	AG-893-E23_a5_gnd010	0.090966	0.203909268	90.903433	0	13	4
AG-893-E23_a5_gnd010_p15_s2	AG-893-E23	AG-893-E23_a5_gnd010	0.090966	0.203909268	90.903433	0	15	2
AG-893-E23_a5_gnd010_p3_s5	AG-893-E23	AG-893-E23_a5_gnd010	0.090966	0.203909268	90.903433	0	3	5
AG-893-E23_a5_gnd010_p8_s3	AG-893-E23	AG-893-E23_a5_gnd010	0.090966	0.203909268	90.903433	0	8	3
AG-893-E23_a5_gnd011	AG-893-E23	AG-893-E23_a5_gnd011	0.100063025	0.222895091	89.993697	1		
AG-893-E23_a5_gnd011_p13_s1	AG-893-E23	AG-893-E23_a5_gnd011	0.100063	0.222895091	89.993697	0	13	1
AG-893-E23_a5_gnd011_p15_s4	AG-893-E23	AG-893-E23_a5_gnd011	0.100063	0.222895091	89.993697	0	15	4
AG-893-E23_a5_gnd011_p20_s2	AG-893-E23	AG-893-E23_a5_gnd011	0.100063	0.222895091	89.993697	0	20	2
AG-893-E23_a5_gnd011_p20_s5	AG-893-E23	AG-893-E23_a5_gnd011	0.100063	0.222895091	89.993697	0	20	5
AG-893-E23_a5_gnd011_p6_s3	AG-893-E23	AG-893-E23_a5_gnd011	0.100063	0.222895091	89.993697	0	6	3
AG-893-E23_a5_gnd012	AG-893-E23	AG-893-E23_a5_gnd012	0.109232966	0.240780060	89.076703	1		
AG-893-E23_a5_gnd012_p0_s4	AG-893-E23	AG-893-E23_a5_gnd012	0.109233	0.240780060	89.076703	0	0	4
AG-893-E23_a5_gnd012_p13_s3	AG-893-E23	AG-893-E23_a5_gnd012	0.109233	0.240780060	89.076703	0	13	3
AG-893-E23_a5_gnd012_p16_s1	AG-893-E23	AG-893-E23_a5_gnd012	0.109233	0.240780060	89.076703	0	16	1
AG-893-E23_a5_gnd012_p18_s5	AG-893-E23	AG-893-E23_a5_gnd012	0.109233	0.240780060	89.076703	0	18	5
AG-893-E23_a5_gnd012_p9_s2	AG-893-E23	AG-893-E23_a5_gnd012	0.109233	0.240780060	89.076703	0	9	2
AG-893-E23_a5_gnd013	AG-893-E23	AG-893-E23_a5_gnd013	0.118287205	0.258649334	88.171280	1		
AG-893-E23_a5_gnd013_p12_s2	AG-893-E23	AG-893-E23_a5_gnd013	0.118287	0.258649334	88.171280	0	12	2
AG-893-E23_a5_gnd013_p14_s3	AG-893-E23	AG-893-E23_a5_gnd013	0.118287	0.258649334	88.171280	0	14	3
AG-893-E23_a5_gnd013_p19_s4	AG-893-E23	AG-893-E23_a5_gnd013	0.118287	0.258649334	88.171280	0	19	4
AG-893-E23_a5_gnd013_p20_s5	AG-893-E23	AG-893-E23_a5_gnd013	0.118287	0.258649334	88.171280	0	20	5
AG-893-E23_a5_gnd013_p7_s1	AG-893-E23	AG-893-E23_a5_gnd013	0.118287	0.258649334	88.171280	0	7	1
AG-893-E23_a5_gnd014	AG-893-E23	AG-893-E23_a5_gnd014	0.127294731	0.275325828	87.270527	1		
AG-893-E23_a5_gnd014_p11_s1	AG-893-E23	AG-893-E23_a5_gnd014	0.127295	0.275325828	87.270527	0	11	1
AG-893-E23_a5_gnd014_p11_s5	AG-893-E23	AG-893-E23_a5_gnd014	0.127295	0.275325828	87.270527	0	11	5
AG-893-E23_a5_gnd014_p19_s2	AG-893-E23	AG-893-E23_a5_gnd014	0.127295	0.275325828	87.270527	0	19	2
AG-893-E23_a5_gnd014_p1_s3	AG-893-E23	AG-893-E23_a5_gnd014	0.127295	0.275325828	87.270527	0	1	3
AG-893-E23_a5_gnd014_p7_s4	AG-893-E23	AG-893-E23_a5_gnd014	0.127295	0.275325828	87.270527	0	7	4
AG-893-E23_a5_gnd015	AG-893-E23	AG-893-E23_a5_gnd015	0.136550191	0.294035878	86.344981	1		
AG-893-E23_a5_gnd015_p13_s2	AG-893-E23	AG-893-E23_a5_gnd015	0.136550	0.294035878	86.344981	0	13	2
AG-893-E23_a5_gnd015_p13_s4	AG-893-E23	AG-893-E23_a5_gnd015	0.136550	0.294035878	86.344981	0	13	4
AG-893-E23_a5_gnd015_p14_s5	AG-893-E23	AG-893-E23_a5_gnd015	0.136550	0.294035878	86.344981	0	14	5
AG-893-E23_a5_gnd015_p18_s1	AG-893-E23	AG-893-E23_a5_gnd015	0.136550	0.294035878	86.344981	0	18	1
AG-893-E23_a5_gnd015_p8_s3	AG-893-E23	AG-893-E23_a5_gnd015	0.136550	0.294035878	86.344981	0	8	3
AG-893-E23_a5_gnd016	AG-893-E23	AG-893-E23_a5_gnd016	0.145744565	0.309934375	85.425543	1		
AG-893-E23_a5_gnd016_p0_s1	AG-893-E23	AG-893-E23_a5_gnd016	0.145745	0.309934375	85.425543	0	0	1
AG-893-E23_a5_gnd016_p13_s5	AG-893-E23	AG-893-E23_a5_gnd016	0.145745	0.309934375	85.425543	0	13	5
AG-893-E23_a5_gnd016_p18_s2	AG-893-E23	AG-893-E23_a5_gnd016	0.145745	0.309934375	85.425543	0	18	2
AG-893-E23_a5_gnd016_p6_s3	AG-893-E23	AG-893-E23_a5_gnd016	0.145745	0.309934375	85.425543	0	6	3
AG-893-E23_a5_gnd016_p9_s4	AG-893-E23	AG-893-E23_a5_gnd016	0.145745	0.309934375	85.425543	0	9	4
AG-893-E23_a5_gnd017	AG-893-E23	AG-893-E23_a5_gnd017	0.154600457	0.325763368	84.539954	1		
AG-893-E23_a5_gnd017_p12_s2	AG-893-E23	AG-893-E23_a5_gnd017	0.154600	0.325763368	84.539954	0	12	2
AG-893-E23_a5_gnd017_p13_s1	AG-893-E23	AG-893-E23_a5_gnd017	0.154600	0.325763368	84.539954	0	13	1
AG-893-E23_a5_gnd017_p13_s4	AG-893-E23	AG-893-E23_a5_gnd017	0.154600	0.325763368	84.539954	0	13	4
AG-893-E23_a5_gnd017_p16_s5	AG-893-E23	AG-893-E23_a5_gnd017	0.154600	0.325763368	84.539954	0	16	5
AG-893-E23_a5_gnd017_p19_s3	AG-893-E23	AG-893-E23_a5_gnd017	0.154600	0.325763368	84.539954	0	19	3
AG-893-E23_a5_gnd018	AG-893-E23	AG-893-E23_a5_gnd018	0.163738777	0.342538513	83.626122	1		
AG-893-E23_a5_gnd018_p20_s5	AG-893-E23	AG-893-E23_a5_gnd018	0.163739	0.342538513	83.626122	0	20	5
AG-893-E23_a5_gnd018_p2_s3	AG-893-E23	AG-893-E23_a5_gnd018	0.163739	0.342538513	83.626122	0	2	3
AG-893-E23_a5_gnd018_p6_s1	AG-893-E23	AG-893-E23_a5_gnd018	0.163739	0.342538513	83.626122	0	6	1
AG-893-E23_a5_gnd018_p6_s2	AG-893-E23	AG-893-E23_a5_gnd018	0.163739	0.342538513	83.626122	0	6	2
AG-893-E23_a5_gnd018_p6_s4	AG-893-E23	AG-893-E23_a5_gnd018	0.163739	0.342538513	83.626122	0	6	4
AG-893-E23_a5_gnd019	AG-893-E23	AG-893-E23_a5_gnd019	0.172990644	0.357993081	82.700936	1		
AG-893-E23_a5_gnd019_p11_s3	AG-893-E23	AG-893-E23_a5_gnd019	0.172991	0.357993081	82.700936	0	11	3
AG-893-E23_a5_gnd019_p11_s4	AG-893-E23	AG-893-E23_a5_gnd019	0.172991	0.357993081	82.700936	0	11	4
AG-893-E23_a5_gnd019_p14_s5	AG-893-E23	AG-893-E23_a5_gnd019	0.172991	0.357993081	82.700936	0	14	5
AG-893-E23_a5_gnd019_p16_s2	AG-893-E23	AG-893-E23_a5_gnd019	0.172991	0.357993081	82.700936	0	16	2
AG-893-E23_a5_gnd019_p19_s1	AG-893-E23	AG-893-E23_a5_gnd019	0.172991	0.357993081	82.700936	0	19	1
AG-893-E23_a5_gnd020	AG-893-E23	AG-893-E23_a5_gnd020	0.182034103	0.374037312	81.796590	1		
AG-893-E23_a5_gnd020_p10_s1	AG-893-E23	AG-893-E23_a5_gnd020	0.182034	0.374037312	81.796590	0	10	1
AG-893-E23_a5_gnd020_p11_s3	AG-893-E23	AG-893-E23_a5_gnd020	0.182034	0.374037312	81.796590	0	11	3
AG-893-E23_a5_gnd020_p17_s2	AG-893-E23	AG-893-E23_a5_gnd020	0.182034	0.374037312	81.796590	0	17	2
AG-893-E23_a5_gnd020_p17_s4	AG-893-E23	AG-893-E23_a5_gnd020	0.182034	0.374037312	81.796590	0	17	4
AG-893-E23_a5_gnd020_p9_s5	AG-893-E23	AG-893-E23_a5_gnd020	0.182034	0.374037312	81.796590	0	9	5
AG-893-F11_a22_gnd00000	AG-893-F11	AG-893-F11_a22_gnd00000	0.000000000	0.000235093	100.000000	1		
AG-893-F11_a22_gnd00005	AG-893-F11	AG-893-F11_a22_gnd00005	0.000450414	0.001373985	99.954959	1		
AG-893-F11_a22_gnd00010	AG-893-F11	AG-893-F11_a22_gnd00010	0.000910912	0.002476308	99.908909	1		
AG-893-F11_a22_gnd00020	AG-893-F11	AG-893-F11_a22_gnd00020	0.001810900	0.004670505	99.818910	1		
AG-893-F11_a22_gnd00030	AG-893-F11	AG-893-F11_a22_gnd00030	0.002737778	0.006969187	99.726222	1		
AG-893-F11_a22_gnd00040	AG-893-F11	AG-893-F11_a22_gnd00040	0.003641968	0.009027553	99.635803	1		
AG-893-F11_a22_gnd00050	AG-893-F11	AG-893-F11_a22_gnd00050	0.004562964	0.011349745	99.543704	1		
AG-893-F11_a22_gnd00060	AG-893-F11	AG-893-F11_a22_gnd00060	0.005491523	0.013622306	99.450848	1		
AG-893-F11_a22_gnd00070	AG-893-F11	AG-893-F11_a22_gnd00070	0.006394032	0.015894867	99.360597	1		
AG-893-F11_a22_gnd00080	AG-893-F11	AG-893-F11_a22_gnd00080	0.007278894	0.018005475	99.272111	1		
AG-893-F11_a22_gnd00090	AG-893-F11	AG-893-F11_a22_gnd00090	0.008190646	0.020008986	99.180935	1		
AG-893-F11_a22_gnd001	AG-893-F11	AG-893-F11_a22_gnd001	0.009105760	0.022498354	99.089424	1		
AG-893-F11_a22_gnd002	AG-893-F11	AG-893-F11_a22_gnd002	0.018251015	0.044056339	98.174898	1		
AG-893-F11_a22_gnd003	AG-893-F11	AG-893-F11_a22_gnd003	0.027345010	0.065384455	97.265499	1		
AG-893-F11_a22_gnd004	AG-893-F11	AG-893-F11_a22_gnd004	0.036480182	0.086391278	96.351982	1		
AG-893-F11_a22_gnd005	AG-893-F11	AG-893-F11_a22_gnd005	0.045503590	0.106465567	95.449641	1		
AG-893-F11_a22_gnd006	AG-893-F11	AG-893-F11_a22_gnd006	0.054622795	0.127077957	94.537721	1		
AG-893-F11_a22_gnd007	AG-893-F11	AG-893-F11_a22_gnd007	0.063878133	0.147669449	93.612187	1		
AG-893-F11_a22_gnd008	AG-893-F11	AG-893-F11_a22_gnd008	0.072765408	0.167014952	92.723459	1		
AG-893-F11_a22_gnd009	AG-893-F11	AG-893-F11_a22_gnd009	0.081947638	0.186355230	91.805236	1		
AG-893-F11_a22_gnd010	AG-893-F11	AG-893-F11_a22_gnd010	0.091078607	0.205457804	90.892139	1		
AG-893-F11_a22_gnd011	AG-893-F11	AG-893-F11_a22_gnd011	0.100217140	0.224199902	89.978286	1		
AG-893-F11_a22_gnd012	AG-893-F11	AG-893-F11_a22_gnd012	0.109294329	0.242213213	89.070567	1		
AG-893-F11_a22_gnd013	AG-893-F11	AG-893-F11_a22_gnd013	0.118564792	0.260707158	88.143521	1		
AG-893-F11_a22_gnd014	AG-893-F11	AG-893-F11_a22_gnd014	0.127560470	0.278673451	87.243953	1		
AG-893-F11_a22_gnd015	AG-893-F11	AG-893-F11_a22_gnd015	0.136753623	0.296334124	86.324638	1		
AG-893-F11_a22_gnd016	AG-893-F11	AG-893-F11_a22_gnd016	0.145955180	0.312965614	85.404482	1		
AG-893-F11_a22_gnd017	AG-893-F11	AG-893-F11_a22_gnd017	0.154994555	0.329934070	84.500545	1		
AG-893-F11_a22_gnd018	AG-893-F11	AG-893-F11_a22_gnd018	0.164310396	0.346173739	83.568960	1		
AG-893-F11_a22_gnd019	AG-893-F11	AG-893-F11_a22_gnd019	0.173114479	0.362865308	82.688552	1		
AG-893-F11_a22_gnd020	AG-893-F11	AG-893-F11_a22_gnd020	0.182437043	0.379170280	81.756296	1		
AG-893-F11_a5_gnd00000	AG-893-F11	AG-893-F11_a5_gnd00000	0.000000000	0.000235093	100.000000	1		
AG-893-F11_a5_gnd00000_p16_s3	AG-893-F11	AG-893-F11_a5_gnd00000	0.000000	0.000235093	100.000000	0	16	3
AG-893-F11_a5_gnd00000_p19_s2	AG-893-F11	AG-893-F11_a5_gnd00000	0.000000	0.000235093	100.000000	0	19	2
AG-893-F11_a5_gnd00000_p3_s1	AG-893-F11	AG-893-F11_a5_gnd00000	0.000000	0.000235093	100.000000	0	3	1
AG-893-F11_a5_gnd00000_p6_s5	AG-893-F11	AG-893-F11_a5_gnd00000	0.000000	0.000235093	100.000000	0	6	5
AG-893-F11_a5_gnd00000_p8_s4	AG-893-F11	AG-893-F11_a5_gnd00000	0.000000	0.000235093	100.000000	0	8	4
AG-893-F11_a5_gnd00005	AG-893-F11	AG-893-F11_a5_gnd00005	0.000459658	0.001368761	99.954034	1		
AG-893-F11_a5_gnd00005_p12_s2	AG-893-F11	AG-893-F11_a5_gnd00005	0.000460	0.001368761	99.954034	0	12	2
AG-893-F11_a5_gnd00005_p15_s5	AG-893-F11	AG-893-F11_a5_gnd00005	0.000460	0.001368761	99.954034	0	15	5
AG-893-F11_a5_gnd00005_p16_s4	AG-893-F11	AG-893-F11_a5_gnd00005	0.000460	0.001368761	99.954034	0	16	4
AG-893-F11_a5_gnd00005_p18_s3	AG-893-F11	AG-893-F11_a5_gnd00005	0.000460	0.001368761	99.954034	0	18	3
AG-893-F11_a5_gnd00005_p9_s1	AG-893-F11	AG-893-F11_a5_gnd00005	0.000460	0.001368761	99.954034	0	9	1
AG-893-F11_a5_gnd00010	AG-893-F11	AG-893-F11_a5_gnd00010	0.000910072	0.002484144	99.908993	1		
AG-893-F11_a5_gnd00010_p14_s4	AG-893-F11	AG-893-F11_a5_gnd00010	0.000910	0.002484144	99.908993	0	14	4
AG-893-F11_a5_gnd00010_p16_s2	AG-893-F11	AG-893-F11_a5_gnd00010	0.000910	0.002484144	99.908993	0	16	2
AG-893-F11_a5_gnd00010_p20_s1	AG-893-F11	AG-893-F11_a5_gnd00010	0.000910	0.002484144	99.908993	0	20	1
AG-893-F11_a5_gnd00010_p5_s5	AG-893-F11	AG-893-F11_a5_gnd00010	0.000910	0.002484144	99.908993	0	5	5
AG-893-F11_a5_gnd00010_p8_s3	AG-893-F11	AG-893-F11_a5_gnd00010	0.000910	0.002484144	99.908993	0	8	3
AG-893-F11_a5_gnd00020	AG-893-F11	AG-893-F11_a5_gnd00020	0.001833589	0.004644383	99.816641	1		
AG-893-F11_a5_gnd00020_p10_s5	AG-893-F11	AG-893-F11_a5_gnd00020	0.001834	0.004644383	99.816641	0	10	5
AG-893-F11_a5_gnd00020_p13_s2	AG-893-F11	AG-893-F11_a5_gnd00020	0.001834	0.004644383	99.816641	0	13	2
AG-893-F11_a5_gnd00020_p18_s4	AG-893-F11	AG-893-F11_a5_gnd00020	0.001834	0.004644383	99.816641	0	18	4
AG-893-F11_a5_gnd00020_p2_s1	AG-893-F11	AG-893-F11_a5_gnd00020	0.001834	0.004644383	99.816641	0	2	1
AG-893-F11_a5_gnd00020_p9_s3	AG-893-F11	AG-893-F11_a5_gnd00020	0.001834	0.004644383	99.816641	0	9	3
AG-893-F11_a5_gnd00030	AG-893-F11	AG-893-F11_a5_gnd00030	0.002732736	0.006843805	99.726726	1		
AG-893-F11_a5_gnd00030_p12_s4	AG-893-F11	AG-893-F11_a5_gnd00030	0.002733	0.006843805	99.726726	0	12	4
AG-893-F11_a5_gnd00030_p13_s3	AG-893-F11	AG-893-F11_a5_gnd00030	0.002733	0.006843805	99.726726	0	13	3
AG-893-F11_a5_gnd00030_p14_s2	AG-893-F11	AG-893-F11_a5_gnd00030	0.002733	0.006843805	99.726726	0	14	2
AG-893-F11_a5_gnd00030_p14_s5	AG-893-F11	AG-893-F11_a5_gnd00030	0.002733	0.006843805	99.726726	0	14	5
AG-893-F11_a5_gnd00030_p7_s1	AG-893-F11	AG-893-F11_a5_gnd00030	0.002733	0.006843805	99.726726	0	7	1
AG-893-F11_a5_gnd00040	AG-893-F11	AG-893-F11_a5_gnd00040	0.003636926	0.009022329	99.636307	1		
AG-893-F11_a5_gnd00040_p0_s4	AG-893-F11	AG-893-F11_a5_gnd00040	0.003637	0.009022329	99.636307	0	0	4
AG-893-F11_a5_gnd00040_p13_s1	AG-893-F11	AG-893-F11_a5_gnd00040	0.003637	0.009022329	99.636307	0	13	1
AG-893-F11_a5_gnd00040_p18_s3	AG-893-F11	AG-893-F11_a5_gnd00040	0.003637	0.009022329	99.636307	0	18	3
AG-893-F11_a5_gnd00040_p20_s2	AG-893-F11	AG-893-F11_a5_gnd00040	0.003637	0.009022329	99.636307	0	20	2
AG-893-F11_a5_gnd00040_p3_s5	AG-893-F11	AG-893-F11_a5_gnd00040	0.003637	0.009022329	99.636307	0	3	5
AG-893-F11_a5_gnd00050	AG-893-F11	AG-893-F11_a5_gnd00050	0.004534393	0.011085918	99.546561	1		
AG-893-F11_a5_gnd00050_p13_s2	AG-893-F11	AG-893-F11_a5_gnd00050	0.004534	0.011085918	99.546561	0	13	2
AG-893-F11_a5_gnd00050_p15_s4	AG-893-F11	AG-893-F11_a5_gnd00050	0.004534	0.011085918	99.546561	0	15	4
AG-893-F11_a5_gnd00050_p16_s3	AG-893-F11	AG-893-F11_a5_gnd00050	0.004534	0.011085918	99.546561	0	16	3
AG-893-F11_a5_gnd00050_p18_s1	AG-893-F11	AG-893-F11_a5_gnd00050	0.004534	0.011085918	99.546561	0	18	1
AG-893-F11_a5_gnd00050_p18_s5	AG-893-F11	AG-893-F11_a5_gnd00050	0.004534	0.011085918	99.546561	0	18	5
AG-893-F11_a5_gnd00060	AG-893-F11	AG-893-F11_a5_gnd00060	0.005473876	0.013470802	99.452612	1		
AG-893-F11_a5_gnd00060_p11_s1	AG-893-F11	AG-893-F11_a5_gnd00060	0.005474	0.013470802	99.452612	0	11	1
AG-893-F11_a5_gnd00060_p12_s4	AG-893-F11	AG-893-F11_a5_gnd00060	0.005474	0.013470802	99.452612	0	12	4
AG-893-F11_a5_gnd00060_p15_s2	AG-893-F11	AG-893-F11_a5_gnd00060	0.005474	0.013470802	99.452612	0	15	2
AG-893-F11_a5_gnd00060_p20_s3	AG-893-F11	AG-893-F11_a5_gnd00060	0.005474	0.013470802	99.452612	0	20	3
AG-893-F11_a5_gnd00060_p8_s5	AG-893-F11	AG-893-F11_a5_gnd00060	0.005474	0.013470802	99.452612	0	8	5
AG-893-F11_a5_gnd00070	AG-893-F11	AG-893-F11_a5_gnd00070	0.006371343	0.015688508	99.362866	1		
AG-893-F11_a5_gnd00070_p12_s1	AG-893-F11	AG-893-F11_a5_gnd00070	0.006371	0.015688508	99.362866	0	12	1
AG-893-F11_a5_gnd00070_p13_s2	AG-893-F11	AG-893-F11_a5_gnd00070	0.006371	0.015688508	99.362866	0	13	2
AG-893-F11_a5_gnd00070_p13_s3	AG-893-F11	AG-893-F11_a5_gnd00070	0.006371	0.015688508	99.362866	0	13	3
AG-893-F11_a5_gnd00070_p19_s5	AG-893-F11	AG-893-F11_a5_gnd00070	0.006371	0.015688508	99.362866	0	19	5
AG-893-F11_a5_gnd00070_p5_s4	AG-893-F11	AG-893-F11_a5_gnd00070	0.006371	0.015688508	99.362866	0	5	4
AG-893-F11_a5_gnd00080	AG-893-F11	AG-893-F11_a5_gnd00080	0.007278053	0.017853971	99.272195	1		
AG-893-F11_a5_gnd00080_p0_s3	AG-893-F11	AG-893-F11_a5_gnd00080	0.007278	0.017853971	99.272195	0	0	3
AG-893-F11_a5_gnd00080_p11_s1	AG-893-F11	AG-893-F11_a5_gnd00080	0.007278	0.017853971	99.272195	0	11	1
AG-893-F11_a5_gnd00080_p14_s2	AG-893-F11	AG-893-F11_a5_gnd00080	0.007278	0.017853971	99.272195	0	14	2
AG-893-F11_a5_gnd00080_p14_s4	AG-893-F11	AG-893-F11_a5_gnd00080	0.007278	0.017853971	99.272195	0	14	4
AG-893-F11_a5_gnd00080_p5_s5	AG-893-F11	AG-893-F11_a5_gnd00080	0.007278	0.017853971	99.272195	0	5	5
AG-893-F11_a5_gnd00090	AG-893-F11	AG-893-F11_a5_gnd00090	0.008196528	0.020103023	99.180347	1		
AG-893-F11_a5_gnd00090_p0_s4	AG-893-F11	AG-893-F11_a5_gnd00090	0.008197	0.020103023	99.180347	0	0	4
AG-893-F11_a5_gnd00090_p11_s5	AG-893-F11	AG-893-F11_a5_gnd00090	0.008197	0.020103023	99.180347	0	11	5
AG-893-F11_a5_gnd00090_p14_s1	AG-893-F11	AG-893-F11_a5_gnd00090	0.008197	0.020103023	99.180347	0	14	1
AG-893-F11_a5_gnd00090_p18_s3	AG-893-F11	AG-893-F11_a5_gnd00090	0.008197	0.020103023	99.180347	0	18	3
AG-893-F11_a5_gnd00090_p8_s2	AG-893-F11	AG-893-F11_a5_gnd00090	0.008197	0.020103023	99.180347	0	8	2
AG-893-F11_a5_gnd001	AG-893-F11	AG-893-F11_a5_gnd001	0.009120045	0.022067351	99.087995	1		
AG-893-F11_a5_gnd001_p10_s4	AG-893-F11	AG-893-F11_a5_gnd001	0.009120	0.022067351	99.087995	0	10	4
AG-893-F11_a5_gnd001_p15_s2	AG-893-F11	AG-893-F11_a5_gnd001	0.009120	0.022067351	99.087995	0	15	2
AG-893-F11_a5_gnd001_p5_s5	AG-893-F11	AG-893-F11_a5_gnd001	0.009120	0.022067351	99.087995	0	5	5
AG-893-F11_a5_gnd001_p8_s3	AG-893-F11	AG-893-F11_a5_gnd001	0.009120	0.022067351	99.087995	0	8	3
AG-893-F11_a5_gnd001_p9_s1	AG-893-F11	AG-893-F11_a5_gnd001	0.009120	0.022067351	99.087995	0	9	1
AG-893-F11_a5_gnd002	AG-893-F11	AG-893-F11_a5_gnd002	0.018214881	0.043748106	98.178512	1		
AG-893-F11_a5_gnd002_p10_s5	AG-893-F11	AG-893-F11_a5_gnd002	0.018215	0.043748106	98.178512	0	10	5
AG-893-F11_a5_gnd002_p12_s2	AG-893-F11	AG-893-F11_a5_gnd002	0.018215	0.043748106	98.178512	0	12	2
AG-893-F11_a5_gnd002_p15_s1	AG-893-F11	AG-893-F11_a5_gnd002	0.018215	0.043748106	98.178512	0	15	1
AG-893-F11_a5_gnd002_p19_s3	AG-893-F11	AG-893-F11_a5_gnd002	0.018215	0.043748106	98.178512	0	19	3
AG-893-F11_a5_gnd002_p2_s4	AG-893-F11	AG-893-F11_a5_gnd002	0.018215	0.043748106	98.178512	0	2	4
AG-893-F11_a5_gnd003	AG-893-F11	AG-893-F11_a5_gnd003	0.027324843	0.064825457	97.267516	1		
AG-893-F11_a5_gnd003_p11_s4	AG-893-F11	AG-893-F11_a5_gnd003	0.027325	0.064825457	97.267516	0	11	4
AG-893-F11_a5_gnd003_p12_s3	AG-893-F11	AG-893-F11_a5_gnd003	0.027325	0.064825457	97.267516	0	12	3
AG-893-F11_a5_gnd003_p14_s5	AG-893-F11	AG-893-F11_a5_gnd003	0.027325	0.064825457	97.267516	0	14	5
AG-893-F11_a5_gnd003_p19_s1	AG-893-F11	AG-893-F11_a5_gnd003	0.027325	0.064825457	97.267516	0	19	1
AG-893-F11_a5_gnd003_p1_s2	AG-893-F11	AG-893-F11_a5_gnd003	0.027325	0.064825457	97.267516	0	1	2
AG-893-F11_a5_gnd004	AG-893-F11	AG-893-F11_a5_gnd004	0.036475140	0.085811383	96.352486	1		
AG-893-F11_a5_gnd004_p10_s2	AG-893-F11	AG-893-F11_a5_gnd004	0.036475	0.085811383	96.352486	0	10	2
AG-893-F11_a5_gnd004_p10_s3	AG-893-F11	AG-893-F11_a5_gnd004	0.036475	0.085811383	96.352486	0	10	3
AG-893-F11_a5_gnd004_p8_s1	AG-893-F11	AG-893-F11_a5_gnd004	0.036475	0.085811383	96.352486	0	8	1
AG-893-F11_a5_gnd004_p9_s4	AG-893-F11	AG-893-F11_a5_gnd004	0.036475	0.085811383	96.352486	0	9	4
AG-893-F11_a5_gnd004_p9_s5	AG-893-F11	AG-893-F11_a5_gnd004	0.036475	0.085811383	96.352486	0	9	5
AG-893-F11_a5_gnd005	AG-893-F11	AG-893-F11_a5_gnd005	0.045468296	0.106225250	95.453170	1		
AG-893-F11_a5_gnd005_p11_s4	AG-893-F11	AG-893-F11_a5_gnd005	0.045468	0.106225250	95.453170	0	11	4
AG-893-F11_a5_gnd005_p12_s5	AG-893-F11	AG-893-F11_a5_gnd005	0.045468	0.106225250	95.453170	0	12	5
AG-893-F11_a5_gnd005_p14_s1	AG-893-F11	AG-893-F11_a5_gnd005	0.045468	0.106225250	95.453170	0	14	1
AG-893-F11_a5_gnd005_p14_s2	AG-893-F11	AG-893-F11_a5_gnd005	0.045468	0.106225250	95.453170	0	14	2
AG-893-F11_a5_gnd005_p8_s3	AG-893-F11	AG-893-F11_a5_gnd005	0.045468	0.106225250	95.453170	0	8	3
AG-893-F11_a5_gnd006	AG-893-F11	AG-893-F11_a5_gnd006	0.054690021	0.126411861	94.530998	1		
AG-893-F11_a5_gnd006_p15_s4	AG-893-F11	AG-893-F11_a5_gnd006	0.054690	0.126411861	94.530998	0	15	4
AG-893-F11_a5_gnd006_p18_s1	AG-893-F11	AG-893-F11_a5_gnd006	0.054690	0.126411861	94.530998	0	18	1
AG-893-F11_a5_gnd006_p18_s2	AG-893-F11	AG-893-F11_a5_gnd006	0.054690	0.126411861	94.530998	0	18	2
AG-893-F11_a5_gnd006_p8_s3	AG-893-F11	AG-893-F11_a5_gnd006	0.054690	0.126411861	94.530998	0	8	3
AG-893-F11_a5_gnd006_p8_s5	AG-893-F11	AG-893-F11_a5_gnd006	0.054690	0.126411861	94.530998	0	8	5
AG-893-F11_a5_gnd007	AG-893-F11	AG-893-F11_a5_gnd007	0.063713429	0.146368604	93.628657	1		
AG-893-F11_a5_gnd007_p11_s4	AG-893-F11	AG-893-F11_a5_gnd007	0.063713	0.146368604	93.628657	0	11	4
AG-893-F11_a5_gnd007_p14_s3	AG-893-F11	AG-893-F11_a5_gnd007	0.063713	0.146368604	93.628657	0	14	3
AG-893-F11_a5_gnd007_p14_s5	AG-893-F11	AG-893-F11_a5_gnd007	0.063713	0.146368604	93.628657	0	14	5
AG-893-F11_a5_gnd007_p20_s1	AG-893-F11	AG-893-F11_a5_gnd007	0.063713	0.146368604	93.628657	0	20	1
AG-893-F11_a5_gnd007_p8_s2	AG-893-F11	AG-893-F11_a5_gnd007	0.063713	0.146368604	93.628657	0	8	2
AG-893-F11_a5_gnd008	AG-893-F11	AG-893-F11_a5_gnd008	0.073039354	0.166210413	92.696065	1		
AG-893-F11_a5_gnd008_p14_s2	AG-893-F11	AG-893-F11_a5_gnd008	0.073039	0.166210413	92.696065	0	14	2
AG-893-F11_a5_gnd008_p14_s3	AG-893-F11	AG-893-F11_a5_gnd008	0.073039	0.166210413	92.696065	0	14	3
AG-893-F11_a5_gnd008_p16_s4	AG-893-F11	AG-893-F11_a5_gnd008	0.073039	0.166210413	92.696065	0	16	4
AG-893-F11_a5_gnd008_p4_s1	AG-893-F11	AG-893-F11_a5_gnd008	0.073039	0.166210413	92.696065	0	4	1
AG-893-F11_a5_gnd008_p9_s5	AG-893-F11	AG-893-F11_a5_gnd008	0.073039	0.166210413	92.696065	0	9	5
AG-893-F11_a5_gnd009	AG-893-F11	AG-893-F11_a5_gnd009	0.081997217	0.185002142	91.800278	1		
AG-893-F11_a5_gnd009_p11_s5	AG-893-F11	AG-893-F11_a5_gnd009	0.081997	0.185002142	91.800278	0	11	5
AG-893-F11_a5_gnd009_p15_s2	AG-893-F11	AG-893-F11_a5_gnd009	0.081997	0.185002142	91.800278	0	15	2
AG-893-F11_a5_gnd009_p18_s3	AG-893-F11	AG-893-F11_a5_gnd009	0.081997	0.185002142	91.800278	0	18	3
AG-893-F11_a5_gnd009_p18_s4	AG-893-F11	AG-893-F11_a5_gnd009	0.081997	0.185002142	91.800278	0	18	4
AG-893-F11_a5_gnd009_p19_s1	AG-893-F11	AG-893-F11_a5_gnd009	0.081997	0.185002142	91.800278	0	19	1
AG-893-F11_a5_gnd010	AG-893-F11	AG-893-F11_a5_gnd010	0.091160119	0.203104266	90.883988	1		
AG-893-F11_a5_gnd010_p11_s5	AG-893-F11	AG-893-F11_a5_gnd010	0.091160	0.203104266	90.883988	0	11	5
AG-893-F11_a5_gnd010_p13_s2	AG-893-F11	AG-893-F11_a5_gnd010	0.091160	0.203104266	90.883988	0	13	2
AG-893-F11_a5_gnd010_p13_s3	AG-893-F11	AG-893-F11_a5_gnd010	0.091160	0.203104266	90.883988	0	13	3
AG-893-F11_a5_gnd010_p16_s4	AG-893-F11	AG-893-F11_a5_gnd010	0.091160	0.203104266	90.883988	0	16	4
AG-893-F11_a5_gnd010_p4_s1	AG-893-F11	AG-893-F11_a5_gnd010	0.091160	0.203104266	90.883988	0	4	1
AG-893-F11_a5_gnd011	AG-893-F11	AG-893-F11_a5_gnd011	0.100356634	0.222157209	89.964337	1		
AG-893-F11_a5_gnd011_p11_s4	AG-893-F11	AG-893-F11_a5_gnd011	0.100357	0.222157209	89.964337	0	11	4
AG-893-F11_a5_gnd011_p13_s2	AG-893-F11	AG-893-F11_a5_gnd011	0.100357	0.222157209	89.964337	0	13	2
AG-893-F11_a5_gnd011_p18_s3	AG-893-F11	AG-893-F11_a5_gnd011	0.100357	0.222157209	89.964337	0	18	3
AG-893-F11_a5_gnd011_p19_s5	AG-893-F11	AG-893-F11_a5_gnd011	0.100357	0.222157209	89.964337	0	19	5
AG-893-F11_a5_gnd011_p4_s1	AG-893-F11	AG-893-F11_a5_gnd011	0.100357	0.222157209	89.964337	0	4	1
AG-893-F11_a5_gnd012	AG-893-F11	AG-893-F11_a5_gnd012	0.109419537	0.239645480	89.058046	1		
AG-893-F11_a5_gnd012_p0_s3	AG-893-F11	AG-893-F11_a5_gnd012	0.109420	0.239645480	89.058046	0	0	3
AG-893-F11_a5_gnd012_p11_s1	AG-893-F11	AG-893-F11_a5_gnd012	0.109420	0.239645480	89.058046	0	11	1
AG-893-F11_a5_gnd012_p14_s2	AG-893-F11	AG-893-F11_a5_gnd012	0.109420	0.239645480	89.058046	0	14	2
AG-893-F11_a5_gnd012_p17_s5	AG-893-F11	AG-893-F11_a5_gnd012	0.109420	0.239645480	89.058046	0	17	5
AG-893-F11_a5_gnd012_p8_s4	AG-893-F11	AG-893-F11_a5_gnd012	0.109420	0.239645480	89.058046	0	8	4
AG-893-F11_a5_gnd013	AG-893-F11	AG-893-F11_a5_gnd013	0.118593363	0.257993146	88.140664	1		
AG-893-F11_a5_gnd013_p11_s2	AG-893-F11	AG-893-F11_a5_gnd013	0.118593	0.257993146	88.140664	0	11	2
AG-893-F11_a5_gnd013_p12_s4	AG-893-F11	AG-893-F11_a5_gnd013	0.118593	0.257993146	88.140664	0	12	4
AG-893-F11_a5_gnd013_p13_s3	AG-893-F11	AG-893-F11_a5_gnd013	0.118593	0.257993146	88.140664	0	13	3
AG-893-F11_a5_gnd013_p18_s1	AG-893-F11	AG-893-F11_a5_gnd013	0.118593	0.257993146	88.140664	0	18	1
AG-893-F11_a5_gnd013_p19_s5	AG-893-F11	AG-893-F11_a5_gnd013	0.118593	0.257993146	88.140664	0	19	5
AG-893-F11_a5_gnd014	AG-893-F11	AG-893-F11_a5_gnd014	0.127610889	0.275512763	87.238911	1		
AG-893-F11_a5_gnd014_p10_s2	AG-893-F11	AG-893-F11_a5_gnd014	0.127611	0.275512763	87.238911	0	10	2
AG-893-F11_a5_gnd014_p12_s1	AG-893-F11	AG-893-F11_a5_gnd014	0.127611	0.275512763	87.238911	0	12	1
AG-893-F11_a5_gnd014_p14_s3	AG-893-F11	AG-893-F11_a5_gnd014	0.127611	0.275512763	87.238911	0	14	3
AG-893-F11_a5_gnd014_p5_s5	AG-893-F11	AG-893-F11_a5_gnd014	0.127611	0.275512763	87.238911	0	5	5
AG-893-F11_a5_gnd014_p6_s4	AG-893-F11	AG-893-F11_a5_gnd014	0.127611	0.275512763	87.238911	0	6	4
AG-893-F11_a5_gnd015	AG-893-F11	AG-893-F11_a5_gnd015	0.136641860	0.291930057	86.335814	1		
AG-893-F11_a5_gnd015_p11_s1	AG-893-F11	AG-893-F11_a5_gnd015	0.136642	0.291930057	86.335814	0	11	1
AG-893-F11_a5_gnd015_p13_s2	AG-893-F11	AG-893-F11_a5_gnd015	0.136642	0.291930057	86.335814	0	13	2
AG-893-F11_a5_gnd015_p17_s5	AG-893-F11	AG-893-F11_a5_gnd015	0.136642	0.291930057	86.335814	0	17	5
AG-893-F11_a5_gnd015_p18_s3	AG-893-F11	AG-893-F11_a5_gnd015	0.136642	0.291930057	86.335814	0	18	3
AG-893-F11_a5_gnd015_p19_s4	AG-893-F11	AG-893-F11_a5_gnd015	0.136642	0.291930057	86.335814	0	19	4
AG-893-F11_a5_gnd016	AG-893-F11	AG-893-F11_a5_gnd016	0.146029129	0.309891126	85.397087	1		
AG-893-F11_a5_gnd016_p11_s4	AG-893-F11	AG-893-F11_a5_gnd016	0.146029	0.309891126	85.397087	0	11	4
AG-893-F11_a5_gnd016_p17_s5	AG-893-F11	AG-893-F11_a5_gnd016	0.146029	0.309891126	85.397087	0	17	5
AG-893-F11_a5_gnd016_p19_s3	AG-893-F11	AG-893-F11_a5_gnd016	0.146029	0.309891126	85.397087	0	19	3
AG-893-F11_a5_gnd016_p20_s2	AG-893-F11	AG-893-F11_a5_gnd016	0.146029	0.309891126	85.397087	0	20	2
AG-893-F11_a5_gnd016_p6_s1	AG-893-F11	AG-893-F11_a5_gnd016	0.146029	0.309891126	85.397087	0	6	1
AG-893-F11_a5_gnd017	AG-893-F11	AG-893-F11_a5_gnd017	0.155249173	0.326102062	84.475083	1		
AG-893-F11_a5_gnd017_p0_s2	AG-893-F11	AG-893-F11_a5_gnd017	0.155249	0.326102062	84.475083	0	0	2
AG-893-F11_a5_gnd017_p10_s1	AG-893-F11	AG-893-F11_a5_gnd017	0.155249	0.326102062	84.475083	0	10	1
AG-893-F11_a5_gnd017_p11_s4	AG-893-F11	AG-893-F11_a5_gnd017	0.155249	0.326102062	84.475083	0	11	4
AG-893-F11_a5_gnd017_p18_s3	AG-893-F11	AG-893-F11_a5_gnd017	0.155249	0.326102062	84.475083	0	18	3
AG-893-F11_a5_gnd017_p7_s5	AG-893-F11	AG-893-F11_a5_gnd017	0.155249	0.326102062	84.475083	0	7	5
AG-893-F11_a5_gnd018	AG-893-F11	AG-893-F11_a5_gnd018	0.164291909	0.342386137	83.570809	1		
AG-893-F11_a5_gnd018_p13_s1	AG-893-F11	AG-893-F11_a5_gnd018	0.164292	0.342386137	83.570809	0	13	1
AG-893-F11_a5_gnd018_p14_s2	AG-893-F11	AG-893-F11_a5_gnd018	0.164292	0.342386137	83.570809	0	14	2
AG-893-F11_a5_gnd018_p15_s3	AG-893-F11	AG-893-F11_a5_gnd018	0.164292	0.342386137	83.570809	0	15	3
AG-893-F11_a5_gnd018_p19_s4	AG-893-F11	AG-893-F11_a5_gnd018	0.164292	0.342386137	83.570809	0	19	4
AG-893-F11_a5_gnd018_p20_s5	AG-893-F11	AG-893-F11_a5_gnd018	0.164292	0.342386137	83.570809	0	20	5
AG-893-F11_a5_gnd019	AG-893-F11	AG-893-F11_a5_gnd019	0.173576658	0.357983220	82.642334	1		
AG-893-F11_a5_gnd019_p14_s1	AG-893-F11	AG-893-F11_a5_gnd019	0.173577	0.357983220	82.642334	0	14	1
AG-893-F11_a5_gnd019_p14_s5	AG-893-F11	AG-893-F11_a5_gnd019	0.173577	0.357983220	82.642334	0	14	5
AG-893-F11_a5_gnd019_p19_s2	AG-893-F11	AG-893-F11_a5_gnd019	0.173577	0.357983220	82.642334	0	19	2
AG-893-F11_a5_gnd019_p1_s4	AG-893-F11	AG-893-F11_a5_gnd019	0.173577	0.357983220	82.642334	0	1	4
AG-893-F11_a5_gnd019_p6_s3	AG-893-F11	AG-893-F11_a5_gnd019	0.173577	0.357983220	82.642334	0	6	3
AG-893-F11_a5_gnd020	AG-893-F11	AG-893-F11_a5_gnd020	0.182416035	0.373598587	81.758397	1		
AG-893-F11_a5_gnd020_p13_s1	AG-893-F11	AG-893-F11_a5_gnd020	0.182416	0.373598587	81.758397	0	13	1
AG-893-F11_a5_gnd020_p13_s5	AG-893-F11	AG-893-F11_a5_gnd020	0.182416	0.373598587	81.758397	0	13	5
AG-893-F11_a5_gnd020_p15_s2	AG-893-F11	AG-893-F11_a5_gnd020	0.182416	0.373598587	81.758397	0	15	2
AG-893-F11_a5_gnd020_p20_s4	AG-893-F11	AG-893-F11_a5_gnd020	0.182416	0.373598587	81.758397	0	20	4
AG-893-F11_a5_gnd020_p7_s3	AG-893-F11	AG-893-F11_a5_gnd020	0.182416	0.373598587	81.758397	0	7	3
AG-893-F23_a22_gnd00000	AG-893-F23	AG-893-F23_a22_gnd00000	0.000000000	0.000460567	100.000000	1		
AG-893-F23_a22_gnd00005	AG-893-F23	AG-893-F23_a22_gnd00005	0.000447999	0.001563272	99.955200	1		
AG-893-F23_a22_gnd00010	AG-893-F23	AG-893-F23_a22_gnd00010	0.000898789	0.002743475	99.910121	1		
AG-893-F23_a22_gnd00020	AG-893-F23	AG-893-F23_a22_gnd00020	0.001770362	0.004869170	99.822964	1		
AG-893-F23_a22_gnd00030	AG-893-F23	AG-893-F23_a22_gnd00030	0.002672640	0.007085650	99.732736	1		
AG-893-F23_a22_gnd00040	AG-893-F23	AG-893-F23_a22_gnd00040	0.003569335	0.009421700	99.643066	1		
AG-893-F23_a22_gnd00050	AG-893-F23	AG-893-F23_a22_gnd00050	0.004459052	0.011514181	99.554095	1		
AG-893-F23_a22_gnd00060	AG-893-F23	AG-893-F23_a22_gnd00060	0.005366912	0.013768304	99.463309	1		
AG-893-F23_a22_gnd00070	AG-893-F23	AG-893-F23_a22_gnd00070	0.006265701	0.015947141	99.373430	1		
AG-893-F23_a22_gnd00080	AG-893-F23	AG-893-F23_a22_gnd00080	0.007137972	0.018314191	99.286203	1		
AG-893-F23_a22_gnd00090	AG-893-F23	AG-893-F23_a22_gnd00090	0.008075839	0.020448743	99.192416	1		
AG-893-F23_a22_gnd001	AG-893-F23	AG-893-F23_a22_gnd001	0.008929967	0.022625366	99.107003	1		
AG-893-F23_a22_gnd002	AG-893-F23	AG-893-F23_a22_gnd002	0.017874588	0.044256527	98.212541	1		
AG-893-F23_a22_gnd003	AG-893-F23	AG-893-F23_a22_gnd003	0.026774549	0.065566620	97.322545	1		
AG-893-F23_a22_gnd004	AG-893-F23	AG-893-F23_a22_gnd004	0.035696142	0.086489215	96.430386	1		
AG-893-F23_a22_gnd005	AG-893-F23	AG-893-F23_a22_gnd005	0.044600290	0.107502596	95.539971	1		
AG-893-F23_a22_gnd006	AG-893-F23	AG-893-F23_a22_gnd006	0.053498856	0.127200703	94.650114	1		
AG-893-F23_a22_gnd007	AG-893-F23	AG-893-F23_a22_gnd007	0.062513259	0.147831016	93.748674	1		
AG-893-F23_a22_gnd008	AG-893-F23	AG-893-F23_a22_gnd008	0.071458578	0.167909977	92.854142	1		
AG-893-F23_a22_gnd009	AG-893-F23	AG-893-F23_a22_gnd009	0.080406688	0.186999161	91.959331	1		
AG-893-F23_a22_gnd010	AG-893-F23	AG-893-F23_a22_gnd010	0.089338748	0.206094988	91.066125	1		
AG-893-F23_a22_gnd011	AG-893-F23	AG-893-F23_a22_gnd011	0.098261039	0.224783389	90.173896	1		
AG-893-F23_a22_gnd012	AG-893-F23	AG-893-F23_a22_gnd012	0.107244041	0.243345578	89.275596	1		
AG-893-F23_a22_gnd013	AG-893-F23	AG-893-F23_a22_gnd013	0.116055379	0.261626555	88.394462	1		
AG-893-F23_a22_gnd014	AG-893-F23	AG-893-F23_a22_gnd014	0.124955340	0.278415117	87.504466	1		
AG-893-F23_a22_gnd015	AG-893-F23	AG-893-F23_a22_gnd015	0.134110702	0.296036243	86.588930	1		
AG-893-F23_a22_gnd016	AG-893-F23	AG-893-F23_a22_gnd016	0.142869006	0.314080294	85.713099	1		
AG-893-F23_a22_gnd017	AG-893-F23	AG-893-F23_a22_gnd017	0.151838748	0.330817928	84.816125	1		
AG-893-F23_a22_gnd018	AG-893-F23	AG-893-F23_a22_gnd018	0.161056216	0.347881059	83.894378	1		
AG-893-F23_a22_gnd019	AG-893-F23	AG-893-F23_a22_gnd019	0.170030146	0.364023055	82.996985	1		
AG-893-F23_a22_gnd020	AG-893-F23	AG-893-F23_a22_gnd020	0.178745185	0.380605690	82.125481	1		
AG-893-F23_a5_gnd00000	AG-893-F23	AG-893-F23_a5_gnd00000	0.000000000	0.000460567	100.000000	1		
AG-893-F23_a5_gnd00000_p0_s3	AG-893-F23	AG-893-F23_a5_gnd00000	0.000000	0.000460567	100.000000	0	0	3
AG-893-F23_a5_gnd00000_p15_s1	AG-893-F23	AG-893-F23_a5_gnd00000	0.000000	0.000460567	100.000000	0	15	1
AG-893-F23_a5_gnd00000_p16_s5	AG-893-F23	AG-893-F23_a5_gnd00000	0.000000	0.000460567	100.000000	0	16	5
AG-893-F23_a5_gnd00000_p1_s4	AG-893-F23	AG-893-F23_a5_gnd00000	0.000000	0.000460567	100.000000	0	1	4
AG-893-F23_a5_gnd00000_p8_s2	AG-893-F23	AG-893-F23_a5_gnd00000	0.000000	0.000460567	100.000000	0	8	2
AG-893-F23_a5_gnd00005	AG-893-F23	AG-893-F23_a5_gnd00005	0.000448696	0.001596486	99.955130	1		
AG-893-F23_a5_gnd00005_p15_s1	AG-893-F23	AG-893-F23_a5_gnd00005	0.000449	0.001596486	99.955130	0	15	1
AG-893-F23_a5_gnd00005_p15_s2	AG-893-F23	AG-893-F23_a5_gnd00005	0.000449	0.001596486	99.955130	0	15	2
AG-893-F23_a5_gnd00005_p15_s5	AG-893-F23	AG-893-F23_a5_gnd00005	0.000449	0.001596486	99.955130	0	15	5
AG-893-F23_a5_gnd00005_p18_s3	AG-893-F23	AG-893-F23_a5_gnd00005	0.000449	0.001596486	99.955130	0	18	3
AG-893-F23_a5_gnd00005_p20_s4	AG-893-F23	AG-893-F23_a5_gnd00005	0.000449	0.001596486	99.955130	0	20	4
AG-893-F23_a5_gnd00010	AG-893-F23	AG-893-F23_a5_gnd00010	0.000898091	0.002674833	99.910191	1		
AG-893-F23_a5_gnd00010_p0_s4	AG-893-F23	AG-893-F23_a5_gnd00010	0.000898	0.002674833	99.910191	0	0	4
AG-893-F23_a5_gnd00010_p10_s3	AG-893-F23	AG-893-F23_a5_gnd00010	0.000898	0.002674833	99.910191	0	10	3
AG-893-F23_a5_gnd00010_p13_s2	AG-893-F23	AG-893-F23_a5_gnd00010	0.000898	0.002674833	99.910191	0	13	2
AG-893-F23_a5_gnd00010_p19_s1	AG-893-F23	AG-893-F23_a5_gnd00010	0.000898	0.002674833	99.910191	0	19	1
AG-893-F23_a5_gnd00010_p1_s5	AG-893-F23	AG-893-F23_a5_gnd00010	0.000898	0.002674833	99.910191	0	1	5
AG-893-F23_a5_gnd00020	AG-893-F23	AG-893-F23_a5_gnd00020	0.001782225	0.004948884	99.821777	1		
AG-893-F23_a5_gnd00020_p12_s5	AG-893-F23	AG-893-F23_a5_gnd00020	0.001782	0.004948884	99.821777	0	12	5
AG-893-F23_a5_gnd00020_p13_s3	AG-893-F23	AG-893-F23_a5_gnd00020	0.001782	0.004948884	99.821777	0	13	3
AG-893-F23_a5_gnd00020_p4_s1	AG-893-F23	AG-893-F23_a5_gnd00020	0.001782	0.004948884	99.821777	0	4	1
AG-893-F23_a5_gnd00020_p8_s2	AG-893-F23	AG-893-F23_a5_gnd00020	0.001782	0.004948884	99.821777	0	8	2
AG-893-F23_a5_gnd00020_p8_s4	AG-893-F23	AG-893-F23_a5_gnd00020	0.001782	0.004948884	99.821777	0	8	4
AG-893-F23_a5_gnd00030	AG-893-F23	AG-893-F23_a5_gnd00030	0.002681712	0.007114435	99.731829	1		
AG-893-F23_a5_gnd00030_p16_s1	AG-893-F23	AG-893-F23_a5_gnd00030	0.002682	0.007114435	99.731829	0	16	1
AG-893-F23_a5_gnd00030_p17_s3	AG-893-F23	AG-893-F23_a5_gnd00030	0.002682	0.007114435	99.731829	0	17	3
AG-893-F23_a5_gnd00030_p18_s5	AG-893-F23	AG-893-F23_a5_gnd00030	0.002682	0.007114435	99.731829	0	18	5
AG-893-F23_a5_gnd00030_p20_s2	AG-893-F23	AG-893-F23_a5_gnd00030	0.002682	0.007114435	99.731829	0	20	2
AG-893-F23_a5_gnd00030_p20_s4	AG-893-F23	AG-893-F23_a5_gnd00030	0.002682	0.007114435	99.731829	0	20	4
AG-893-F23_a5_gnd00040	AG-893-F23	AG-893-F23_a5_gnd00040	0.003573522	0.009417272	99.642648	1		
AG-893-F23_a5_gnd00040_p10_s2	AG-893-F23	AG-893-F23_a5_gnd00040	0.003574	0.009417272	99.642648	0	10	2
AG-893-F23_a5_gnd00040_p11_s5	AG-893-F23	AG-893-F23_a5_gnd00040	0.003574	0.009417272	99.642648	0	11	5
AG-893-F23_a5_gnd00040_p15_s1	AG-893-F23	AG-893-F23_a5_gnd00040	0.003574	0.009417272	99.642648	0	15	1
AG-893-F23_a5_gnd00040_p15_s4	AG-893-F23	AG-893-F23_a5_gnd00040	0.003574	0.009417272	99.642648	0	15	4
AG-893-F23_a5_gnd00040_p20_s3	AG-893-F23	AG-893-F23_a5_gnd00040	0.003574	0.009417272	99.642648	0	20	3
AG-893-F23_a5_gnd00050	AG-893-F23	AG-893-F23_a5_gnd00050	0.004461146	0.011525253	99.553885	1		
AG-893-F23_a5_gnd00050_p13_s3	AG-893-F23	AG-893-F23_a5_gnd00050	0.004461	0.011525253	99.553885	0	13	3
AG-893-F23_a5_gnd00050_p20_s4	AG-893-F23	AG-893-F23_a5_gnd00050	0.004461	0.011525253	99.553885	0	20	4
AG-893-F23_a5_gnd00050_p20_s5	AG-893-F23	AG-893-F23_a5_gnd00050	0.004461	0.011525253	99.553885	0	20	5
AG-893-F23_a5_gnd00050_p6_s1	AG-893-F23	AG-893-F23_a5_gnd00050	0.004461	0.011525253	99.553885	0	6	1
AG-893-F23_a5_gnd00050_p9_s2	AG-893-F23	AG-893-F23_a5_gnd00050	0.004461	0.011525253	99.553885	0	9	2
AG-893-F23_a5_gnd00060	AG-893-F23	AG-893-F23_a5_gnd00060	0.005366912	0.013850232	99.463309	1		
AG-893-F23_a5_gnd00060_p10_s2	AG-893-F23	AG-893-F23_a5_gnd00060	0.005367	0.013850232	99.463309	0	10	2
AG-893-F23_a5_gnd00060_p10_s3	AG-893-F23	AG-893-F23_a5_gnd00060	0.005367	0.013850232	99.463309	0	10	3
AG-893-F23_a5_gnd00060_p14_s1	AG-893-F23	AG-893-F23_a5_gnd00060	0.005367	0.013850232	99.463309	0	14	1
AG-893-F23_a5_gnd00060_p20_s4	AG-893-F23	AG-893-F23_a5_gnd00060	0.005367	0.013850232	99.463309	0	20	4
AG-893-F23_a5_gnd00060_p7_s5	AG-893-F23	AG-893-F23_a5_gnd00060	0.005367	0.013850232	99.463309	0	7	5
AG-893-F23_a5_gnd00070	AG-893-F23	AG-893-F23_a5_gnd00070	0.006258723	0.015938284	99.374128	1		
AG-893-F23_a5_gnd00070_p15_s1	AG-893-F23	AG-893-F23_a5_gnd00070	0.006259	0.015938284	99.374128	0	15	1
AG-893-F23_a5_gnd00070_p17_s3	AG-893-F23	AG-893-F23_a5_gnd00070	0.006259	0.015938284	99.374128	0	17	3
AG-893-F23_a5_gnd00070_p17_s4	AG-893-F23	AG-893-F23_a5_gnd00070	0.006259	0.015938284	99.374128	0	17	4
AG-893-F23_a5_gnd00070_p20_s5	AG-893-F23	AG-893-F23_a5_gnd00070	0.006259	0.015938284	99.374128	0	20	5
AG-893-F23_a5_gnd00070_p8_s2	AG-893-F23	AG-893-F23_a5_gnd00070	0.006259	0.015938284	99.374128	0	8	2
AG-893-F23_a5_gnd00080	AG-893-F23	AG-893-F23_a5_gnd00080	0.007135879	0.018254406	99.286412	1		
AG-893-F23_a5_gnd00080_p0_s2	AG-893-F23	AG-893-F23_a5_gnd00080	0.007136	0.018254406	99.286412	0	0	2
AG-893-F23_a5_gnd00080_p11_s3	AG-893-F23	AG-893-F23_a5_gnd00080	0.007136	0.018254406	99.286412	0	11	3
AG-893-F23_a5_gnd00080_p11_s5	AG-893-F23	AG-893-F23_a5_gnd00080	0.007136	0.018254406	99.286412	0	11	5
AG-893-F23_a5_gnd00080_p14_s4	AG-893-F23	AG-893-F23_a5_gnd00080	0.007136	0.018254406	99.286412	0	14	4
AG-893-F23_a5_gnd00080_p20_s1	AG-893-F23	AG-893-F23_a5_gnd00080	0.007136	0.018254406	99.286412	0	20	1
AG-893-F23_a5_gnd00090	AG-893-F23	AG-893-F23_a5_gnd00090	0.008034668	0.020284887	99.196533	1		
AG-893-F23_a5_gnd00090_p11_s2	AG-893-F23	AG-893-F23_a5_gnd00090	0.008035	0.020284887	99.196533	0	11	2
AG-893-F23_a5_gnd00090_p13_s5	AG-893-F23	AG-893-F23_a5_gnd00090	0.008035	0.020284887	99.196533	0	13	5
AG-893-F23_a5_gnd00090_p16_s1	AG-893-F23	AG-893-F23_a5_gnd00090	0.008035	0.020284887	99.196533	0	16	1
AG-893-F23_a5_gnd00090_p16_s4	AG-893-F23	AG-893-F23_a5_gnd00090	0.008035	0.020284887	99.196533	0	16	4
AG-893-F23_a5_gnd00090_p19_s3	AG-893-F23	AG-893-F23_a5_gnd00090	0.008035	0.020284887	99.196533	0	19	3
AG-893-F23_a5_gnd001	AG-893-F23	AG-893-F23_a5_gnd001	0.008937643	0.022687366	99.106236	1		
AG-893-F23_a5_gnd001_p13_s2	AG-893-F23	AG-893-F23_a5_gnd001	0.008938	0.022687366	99.106236	0	13	2
AG-893-F23_a5_gnd001_p14_s4	AG-893-F23	AG-893-F23_a5_gnd001	0.008938	0.022687366	99.106236	0	14	4
AG-893-F23_a5_gnd001_p19_s1	AG-893-F23	AG-893-F23_a5_gnd001	0.008938	0.022687366	99.106236	0	19	1
AG-893-F23_a5_gnd001_p5_s5	AG-893-F23	AG-893-F23_a5_gnd001	0.008938	0.022687366	99.106236	0	5	5
AG-893-F23_a5_gnd001_p7_s3	AG-893-F23	AG-893-F23_a5_gnd001	0.008938	0.022687366	99.106236	0	7	3
AG-893-F23_a5_gnd002	AG-893-F23	AG-893-F23_a5_gnd002	0.017834813	0.044125885	98.216519	1		
AG-893-F23_a5_gnd002_p14_s1	AG-893-F23	AG-893-F23_a5_gnd002	0.017835	0.044125885	98.216519	0	14	1
AG-893-F23_a5_gnd002_p15_s4	AG-893-F23	AG-893-F23_a5_gnd002	0.017835	0.044125885	98.216519	0	15	4
AG-893-F23_a5_gnd002_p16_s3	AG-893-F23	AG-893-F23_a5_gnd002	0.017835	0.044125885	98.216519	0	16	3
AG-893-F23_a5_gnd002_p19_s2	AG-893-F23	AG-893-F23_a5_gnd002	0.017835	0.044125885	98.216519	0	19	2
AG-893-F23_a5_gnd002_p4_s5	AG-893-F23	AG-893-F23_a5_gnd002	0.017835	0.044125885	98.216519	0	4	5
AG-893-F23_a5_gnd003	AG-893-F23	AG-893-F23_a5_gnd003	0.026721515	0.065371764	97.327848	1		
AG-893-F23_a5_gnd003_p10_s1	AG-893-F23	AG-893-F23_a5_gnd003	0.026722	0.065371764	97.327848	0	10	1
AG-893-F23_a5_gnd003_p13_s3	AG-893-F23	AG-893-F23_a5_gnd003	0.026722	0.065371764	97.327848	0	13	3
AG-893-F23_a5_gnd003_p19_s4	AG-893-F23	AG-893-F23_a5_gnd003	0.026722	0.065371764	97.327848	0	19	4
AG-893-F23_a5_gnd003_p20_s2	AG-893-F23	AG-893-F23_a5_gnd003	0.026722	0.065371764	97.327848	0	20	2
AG-893-F23_a5_gnd003_p7_s5	AG-893-F23	AG-893-F23_a5_gnd003	0.026722	0.065371764	97.327848	0	7	5
AG-893-F23_a5_gnd004	AG-893-F23	AG-893-F23_a5_gnd004	0.035761737	0.086500287	96.423826	1		
AG-893-F23_a5_gnd004_p10_s3	AG-893-F23	AG-893-F23_a5_gnd004	0.035762	0.086500287	96.423826	0	10	3
AG-893-F23_a5_gnd004_p13_s1	AG-893-F23	AG-893-F23_a5_gnd004	0.035762	0.086500287	96.423826	0	13	1
AG-893-F23_a5_gnd004_p20_s2	AG-893-F23	AG-893-F23_a5_gnd004	0.035762	0.086500287	96.423826	0	20	2
AG-893-F23_a5_gnd004_p4_s4	AG-893-F23	AG-893-F23_a5_gnd004	0.035762	0.086500287	96.423826	0	4	4
AG-893-F23_a5_gnd004_p6_s5	AG-893-F23	AG-893-F23_a5_gnd004	0.035762	0.086500287	96.423826	0	6	5
AG-893-F23_a5_gnd005	AG-893-F23	AG-893-F23_a5_gnd005	0.044635879	0.106612461	95.536412	1		
AG-893-F23_a5_gnd005_p13_s1	AG-893-F23	AG-893-F23_a5_gnd005	0.044636	0.106612461	95.536412	0	13	1
AG-893-F23_a5_gnd005_p13_s5	AG-893-F23	AG-893-F23_a5_gnd005	0.044636	0.106612461	95.536412	0	13	5
AG-893-F23_a5_gnd005_p15_s2	AG-893-F23	AG-893-F23_a5_gnd005	0.044636	0.106612461	95.536412	0	15	2
AG-893-F23_a5_gnd005_p4_s3	AG-893-F23	AG-893-F23_a5_gnd005	0.044636	0.106612461	95.536412	0	4	3
AG-893-F23_a5_gnd005_p7_s4	AG-893-F23	AG-893-F23_a5_gnd005	0.044636	0.106612461	95.536412	0	7	4
AG-893-F23_a5_gnd006	AG-893-F23	AG-893-F23_a5_gnd006	0.053523279	0.126846421	94.647672	1		
AG-893-F23_a5_gnd006_p0_s5	AG-893-F23	AG-893-F23_a5_gnd006	0.053523	0.126846421	94.647672	0	0	5
AG-893-F23_a5_gnd006_p14_s2	AG-893-F23	AG-893-F23_a5_gnd006	0.053523	0.126846421	94.647672	0	14	2
AG-893-F23_a5_gnd006_p16_s3	AG-893-F23	AG-893-F23_a5_gnd006	0.053523	0.126846421	94.647672	0	16	3
AG-893-F23_a5_gnd006_p18_s1	AG-893-F23	AG-893-F23_a5_gnd006	0.053523	0.126846421	94.647672	0	18	1
AG-893-F23_a5_gnd006_p18_s4	AG-893-F23	AG-893-F23_a5_gnd006	0.053523	0.126846421	94.647672	0	18	4
AG-893-F23_a5_gnd007	AG-893-F23	AG-893-F23_a5_gnd007	0.062502791	0.146661884	93.749721	1		
AG-893-F23_a5_gnd007_p12_s4	AG-893-F23	AG-893-F23_a5_gnd007	0.062503	0.146661884	93.749721	0	12	4
AG-893-F23_a5_gnd007_p12_s5	AG-893-F23	AG-893-F23_a5_gnd007	0.062503	0.146661884	93.749721	0	12	5
AG-893-F23_a5_gnd007_p15_s1	AG-893-F23	AG-893-F23_a5_gnd007	0.062503	0.146661884	93.749721	0	15	1
AG-893-F23_a5_gnd007_p6_s2	AG-893-F23	AG-893-F23_a5_gnd007	0.062503	0.146661884	93.749721	0	6	2
AG-893-F23_a5_gnd007_p7_s3	AG-893-F23	AG-893-F23_a5_gnd007	0.062503	0.146661884	93.749721	0	7	3
AG-893-F23_a5_gnd008	AG-893-F23	AG-893-F23_a5_gnd008	0.071453693	0.166297991	92.854631	1		
AG-893-F23_a5_gnd008_p11_s2	AG-893-F23	AG-893-F23_a5_gnd008	0.071454	0.166297991	92.854631	0	11	2
AG-893-F23_a5_gnd008_p13_s3	AG-893-F23	AG-893-F23_a5_gnd008	0.071454	0.166297991	92.854631	0	13	3
AG-893-F23_a5_gnd008_p13_s5	AG-893-F23	AG-893-F23_a5_gnd008	0.071454	0.166297991	92.854631	0	13	5
AG-893-F23_a5_gnd008_p15_s4	AG-893-F23	AG-893-F23_a5_gnd008	0.071454	0.166297991	92.854631	0	15	4
AG-893-F23_a5_gnd008_p9_s1	AG-893-F23	AG-893-F23_a5_gnd008	0.071454	0.166297991	92.854631	0	9	1
AG-893-F23_a5_gnd009	AG-893-F23	AG-893-F23_a5_gnd009	0.080352956	0.185413747	91.964704	1		
AG-893-F23_a5_gnd009_p14_s1	AG-893-F23	AG-893-F23_a5_gnd009	0.080353	0.185413747	91.964704	0	14	1
AG-893-F23_a5_gnd009_p17_s2	AG-893-F23	AG-893-F23_a5_gnd009	0.080353	0.185413747	91.964704	0	17	2
AG-893-F23_a5_gnd009_p17_s3	AG-893-F23	AG-893-F23_a5_gnd009	0.080353	0.185413747	91.964704	0	17	3
AG-893-F23_a5_gnd009_p17_s4	AG-893-F23	AG-893-F23_a5_gnd009	0.080353	0.185413747	91.964704	0	17	4
AG-893-F23_a5_gnd009_p8_s5	AG-893-F23	AG-893-F23_a5_gnd009	0.080353	0.185413747	91.964704	0	8	5
AG-893-F23_a5_gnd010	AG-893-F23	AG-893-F23_a5_gnd010	0.089338748	0.203566296	91.066125	1		
AG-893-F23_a5_gnd010_p13_s1	AG-893-F23	AG-893-F23_a5_gnd010	0.089339	0.203566296	91.066125	0	13	1
AG-893-F23_a5_gnd010_p13_s2	AG-893-F23	AG-893-F23_a5_gnd010	0.089339	0.203566296	91.066125	0	13	2
AG-893-F23_a5_gnd010_p15_s4	AG-893-F23	AG-893-F23_a5_gnd010	0.089339	0.203566296	91.066125	0	15	4
AG-893-F23_a5_gnd010_p18_s5	AG-893-F23	AG-893-F23_a5_gnd010	0.089339	0.203566296	91.066125	0	18	5
AG-893-F23_a5_gnd010_p5_s3	AG-893-F23	AG-893-F23_a5_gnd010	0.089339	0.203566296	91.066125	0	5	3
AG-893-F23_a5_gnd011	AG-893-F23	AG-893-F23_a5_gnd011	0.098270111	0.222577981	90.172989	1		
AG-893-F23_a5_gnd011_p13_s4	AG-893-F23	AG-893-F23_a5_gnd011	0.098270	0.222577981	90.172989	0	13	4
AG-893-F23_a5_gnd011_p14_s1	AG-893-F23	AG-893-F23_a5_gnd011	0.098270	0.222577981	90.172989	0	14	1
AG-893-F23_a5_gnd011_p19_s5	AG-893-F23	AG-893-F23_a5_gnd011	0.098270	0.222577981	90.172989	0	19	5
AG-893-F23_a5_gnd011_p7_s2	AG-893-F23	AG-893-F23_a5_gnd011	0.098270	0.222577981	90.172989	0	7	2
AG-893-F23_a5_gnd011_p8_s3	AG-893-F23	AG-893-F23_a5_gnd011	0.098270	0.222577981	90.172989	0	8	3
AG-893-F23_a5_gnd012	AG-893-F23	AG-893-F23_a5_gnd012	0.107165187	0.240467033	89.283481	1		
AG-893-F23_a5_gnd012_p11_s4	AG-893-F23	AG-893-F23_a5_gnd012	0.107165	0.240467033	89.283481	0	11	4
AG-893-F23_a5_gnd012_p14_s1	AG-893-F23	AG-893-F23_a5_gnd012	0.107165	0.240467033	89.283481	0	14	1
AG-893-F23_a5_gnd012_p15_s3	AG-893-F23	AG-893-F23_a5_gnd012	0.107165	0.240467033	89.283481	0	15	3
AG-893-F23_a5_gnd012_p20_s2	AG-893-F23	AG-893-F23_a5_gnd012	0.107165	0.240467033	89.283481	0	20	2
AG-893-F23_a5_gnd012_p9_s5	AG-893-F23	AG-893-F23_a5_gnd012	0.107165	0.240467033	89.283481	0	9	5
AG-893-F23_a5_gnd013	AG-893-F23	AG-893-F23_a5_gnd013	0.116281472	0.258544297	88.371853	1		
AG-893-F23_a5_gnd013_p18_s2	AG-893-F23	AG-893-F23_a5_gnd013	0.116281	0.258544297	88.371853	0	18	2
AG-893-F23_a5_gnd013_p19_s3	AG-893-F23	AG-893-F23_a5_gnd013	0.116281	0.258544297	88.371853	0	19	3
AG-893-F23_a5_gnd013_p3_s1	AG-893-F23	AG-893-F23_a5_gnd013	0.116281	0.258544297	88.371853	0	3	1
AG-893-F23_a5_gnd013_p6_s4	AG-893-F23	AG-893-F23_a5_gnd013	0.116281	0.258544297	88.371853	0	6	4
AG-893-F23_a5_gnd013_p9_s5	AG-893-F23	AG-893-F23_a5_gnd013	0.116281	0.258544297	88.371853	0	9	5
AG-893-F23_a5_gnd014	AG-893-F23	AG-893-F23_a5_gnd014	0.125089321	0.275645071	87.491068	1		
AG-893-F23_a5_gnd014_p10_s4	AG-893-F23	AG-893-F23_a5_gnd014	0.125089	0.275645071	87.491068	0	10	4
AG-893-F23_a5_gnd014_p12_s1	AG-893-F23	AG-893-F23_a5_gnd014	0.125089	0.275645071	87.491068	0	12	1
AG-893-F23_a5_gnd014_p12_s3	AG-893-F23	AG-893-F23_a5_gnd014	0.125089	0.275645071	87.491068	0	12	3
AG-893-F23_a5_gnd014_p20_s5	AG-893-F23	AG-893-F23_a5_gnd014	0.125089	0.275645071	87.491068	0	20	5
AG-893-F23_a5_gnd014_p9_s2	AG-893-F23	AG-893-F23_a5_gnd014	0.125089	0.275645071	87.491068	0	9	2
AG-893-F23_a5_gnd015	AG-893-F23	AG-893-F23_a5_gnd015	0.134122565	0.293066913	86.587744	1		
AG-893-F23_a5_gnd015_p0_s5	AG-893-F23	AG-893-F23_a5_gnd015	0.134123	0.293066913	86.587744	0	0	5
AG-893-F23_a5_gnd015_p11_s2	AG-893-F23	AG-893-F23_a5_gnd015	0.134123	0.293066913	86.587744	0	11	2
AG-893-F23_a5_gnd015_p14_s4	AG-893-F23	AG-893-F23_a5_gnd015	0.134123	0.293066913	86.587744	0	14	4
AG-893-F23_a5_gnd015_p4_s1	AG-893-F23	AG-893-F23_a5_gnd015	0.134123	0.293066913	86.587744	0	4	1
AG-893-F23_a5_gnd015_p7_s3	AG-893-F23	AG-893-F23_a5_gnd015	0.134123	0.293066913	86.587744	0	7	3
AG-893-F23_a5_gnd016	AG-893-F23	AG-893-F23_a5_gnd016	0.142929716	0.309913046	85.707028	1		
AG-893-F23_a5_gnd016_p11_s1	AG-893-F23	AG-893-F23_a5_gnd016	0.142930	0.309913046	85.707028	0	11	1
AG-893-F23_a5_gnd016_p14_s4	AG-893-F23	AG-893-F23_a5_gnd016	0.142930	0.309913046	85.707028	0	14	4
AG-893-F23_a5_gnd016_p20_s3	AG-893-F23	AG-893-F23_a5_gnd016	0.142930	0.309913046	85.707028	0	20	3
AG-893-F23_a5_gnd016_p9_s2	AG-893-F23	AG-893-F23_a5_gnd016	0.142930	0.309913046	85.707028	0	9	2
AG-893-F23_a5_gnd016_p9_s5	AG-893-F23	AG-893-F23_a5_gnd016	0.142930	0.309913046	85.707028	0	9	5
AG-893-F23_a5_gnd017	AG-893-F23	AG-893-F23_a5_gnd017	0.152059956	0.326998319	84.794004	1		
AG-893-F23_a5_gnd017_p10_s2	AG-893-F23	AG-893-F23_a5_gnd017	0.152060	0.326998319	84.794004	0	10	2
AG-893-F23_a5_gnd017_p19_s1	AG-893-F23	AG-893-F23_a5_gnd017	0.152060	0.326998319	84.794004	0	19	1
AG-893-F23_a5_gnd017_p20_s4	AG-893-F23	AG-893-F23_a5_gnd017	0.152060	0.326998319	84.794004	0	20	4
AG-893-F23_a5_gnd017_p20_s5	AG-893-F23	AG-893-F23_a5_gnd017	0.152060	0.326998319	84.794004	0	20	5
AG-893-F23_a5_gnd017_p9_s3	AG-893-F23	AG-893-F23_a5_gnd017	0.152060	0.326998319	84.794004	0	9	3
AG-893-F23_a5_gnd018	AG-893-F23	AG-893-F23_a5_gnd018	0.160935494	0.343029603	83.906451	1		
AG-893-F23_a5_gnd018_p14_s1	AG-893-F23	AG-893-F23_a5_gnd018	0.160935	0.343029603	83.906451	0	14	1
AG-893-F23_a5_gnd018_p16_s3	AG-893-F23	AG-893-F23_a5_gnd018	0.160935	0.343029603	83.906451	0	16	3
AG-893-F23_a5_gnd018_p19_s2	AG-893-F23	AG-893-F23_a5_gnd018	0.160935	0.343029603	83.906451	0	19	2
AG-893-F23_a5_gnd018_p3_s5	AG-893-F23	AG-893-F23_a5_gnd018	0.160935	0.343029603	83.906451	0	3	5
AG-893-F23_a5_gnd018_p8_s4	AG-893-F23	AG-893-F23_a5_gnd018	0.160935	0.343029603	83.906451	0	8	4
AG-893-F23_a5_gnd019	AG-893-F23	AG-893-F23_a5_gnd019	0.169930358	0.358308035	83.006964	1		
AG-893-F23_a5_gnd019_p12_s5	AG-893-F23	AG-893-F23_a5_gnd019	0.169930	0.358308035	83.006964	0	12	5
AG-893-F23_a5_gnd019_p13_s1	AG-893-F23	AG-893-F23_a5_gnd019	0.169930	0.358308035	83.006964	0	13	1
AG-893-F23_a5_gnd019_p17_s4	AG-893-F23	AG-893-F23_a5_gnd019	0.169930	0.358308035	83.006964	0	17	4
AG-893-F23_a5_gnd019_p19_s3	AG-893-F23	AG-893-F23_a5_gnd019	0.169930	0.358308035	83.006964	0	19	3
AG-893-F23_a5_gnd019_p5_s2	AG-893-F23	AG-893-F23_a5_gnd019	0.169930	0.358308035	83.006964	0	5	2
AG-893-F23_a5_gnd020	AG-893-F23	AG-893-F23_a5_gnd020	0.178973371	0.374527531	82.102663	1		
AG-893-F23_a5_gnd020_p14_s3	AG-893-F23	AG-893-F23_a5_gnd020	0.178973	0.374527531	82.102663	0	14	3
AG-893-F23_a5_gnd020_p19_s5	AG-893-F23	AG-893-F23_a5_gnd020	0.178973	0.374527531	82.102663	0	19	5
AG-893-F23_a5_gnd020_p20_s1	AG-893-F23	AG-893-F23_a5_gnd020	0.178973	0.374527531	82.102663	0	20	1
AG-893-F23_a5_gnd020_p3_s2	AG-893-F23	AG-893-F23_a5_gnd020	0.178973	0.374527531	82.102663	0	3	2
AG-893-F23_a5_gnd020_p7_s4	AG-893-F23	AG-893-F23_a5_gnd020	0.178973	0.374527531	82.102663	0	7	4
AG-893-K09_a22_gnd00000	AG-893-K09	AG-893-K09_a22_gnd00000	0.000000000	0.000229662	100.000000	1		
AG-893-K09_a22_gnd00005	AG-893-K09	AG-893-K09_a22_gnd00005	0.000455943	0.001342848	99.954406	1		
AG-893-K09_a22_gnd00010	AG-893-K09	AG-893-K09_a22_gnd00010	0.000911019	0.002485754	99.908898	1		
AG-893-K09_a22_gnd00020	AG-893-K09	AG-893-K09_a22_gnd00020	0.001810770	0.004663491	99.818923	1		
AG-893-K09_a22_gnd00030	AG-893-K09	AG-893-K09_a22_gnd00030	0.002716588	0.006873651	99.728341	1		
AG-893-K09_a22_gnd00040	AG-893-K09	AG-893-K09_a22_gnd00040	0.003631941	0.009205396	99.636806	1		
AG-893-K09_a22_gnd00050	AG-893-K09	AG-893-K09_a22_gnd00050	0.004525624	0.011172384	99.547438	1		
AG-893-K09_a22_gnd00060	AG-893-K09	AG-893-K09_a22_gnd00060	0.005461781	0.013331208	99.453822	1		
AG-893-K09_a22_gnd00070	AG-893-K09	AG-893-K09_a22_gnd00070	0.006332060	0.015511647	99.366794	1		
AG-893-K09_a22_gnd00080	AG-893-K09	AG-893-K09_a22_gnd00080	0.007278618	0.017973084	99.272138	1		
AG-893-K09_a22_gnd00090	AG-893-K09	AG-893-K09_a22_gnd00090	0.008161900	0.019983302	99.183810	1		
AG-893-K09_a22_gnd001	AG-893-K09	AG-893-K09_a22_gnd001	0.009110192	0.022317750	99.088981	1		
AG-893-K09_a22_gnd002	AG-893-K09	AG-893-K09_a22_gnd002	0.018168375	0.043851946	98.183163	1		
AG-893-K09_a22_gnd003	AG-893-K09	AG-893-K09_a22_gnd003	0.027225691	0.065232134	97.277431	1		
AG-893-K09_a22_gnd004	AG-893-K09	AG-893-K09_a22_gnd004	0.036385291	0.086242161	96.361471	1		
AG-893-K09_a22_gnd005	AG-893-K09	AG-893-K09_a22_gnd005	0.045378463	0.106887430	95.462154	1		
AG-893-K09_a22_gnd006	AG-893-K09	AG-893-K09_a22_gnd006	0.054518993	0.127267913	94.548101	1		
AG-893-K09_a22_gnd007	AG-893-K09	AG-893-K09_a22_gnd007	0.063556373	0.146886458	93.644363	1		
AG-893-K09_a22_gnd008	AG-893-K09	AG-893-K09_a22_gnd008	0.072720307	0.167150758	92.727969	1		
AG-893-K09_a22_gnd009	AG-893-K09	AG-893-K09_a22_gnd009	0.081678806	0.186015471	91.832119	1		
AG-893-K09_a22_gnd010	AG-893-K09	AG-893-K09_a22_gnd010	0.090834072	0.205204413	90.916593	1		
AG-893-K09_a22_gnd011	AG-893-K09	AG-893-K09_a22_gnd011	0.099974602	0.224779727	90.002540	1		
AG-893-K09_a22_gnd012	AG-893-K09	AG-893-K09_a22_gnd012	0.109000713	0.243252663	89.099929	1		
AG-893-K09_a22_gnd013	AG-893-K09	AG-893-K09_a22_gnd013	0.118072765	0.259980168	88.192723	1		
AG-893-K09_a22_gnd014	AG-893-K09	AG-893-K09_a22_gnd014	0.127201160	0.278407172	87.279884	1		
AG-893-K09_a22_gnd015	AG-893-K09	AG-893-K09_a22_gnd015	0.136430105	0.296299198	86.356989	1		
AG-893-K09_a22_gnd016	AG-893-K09	AG-893-K09_a22_gnd016	0.145479620	0.313442797	85.452038	1		
AG-893-K09_a22_gnd017	AG-893-K09	AG-893-K09_a22_gnd017	0.154485794	0.330381050	84.551421	1		
AG-893-K09_a22_gnd018	AG-893-K09	AG-893-K09_a22_gnd018	0.163585584	0.347284178	83.641442	1		
AG-893-K09_a22_gnd019	AG-893-K09	AG-893-K09_a22_gnd019	0.172795459	0.363276764	82.720454	1		
AG-893-K09_a22_gnd020	AG-893-K09	AG-893-K09_a22_gnd020	0.181681147	0.378364212	81.831885	1		
AG-893-K09_a5_gnd00000	AG-893-K09	AG-893-K09_a5_gnd00000	0.000000000	0.000229662	100.000000	1		
AG-893-K09_a5_gnd00000_p12_s2	AG-893-K09	AG-893-K09_a5_gnd00000	0.000000	0.000229662	100.000000	0	12	2
AG-893-K09_a5_gnd00000_p13_s3	AG-893-K09	AG-893-K09_a5_gnd00000	0.000000	0.000229662	100.000000	0	13	3
AG-893-K09_a5_gnd00000_p17_s4	AG-893-K09	AG-893-K09_a5_gnd00000	0.000000	0.000229662	100.000000	0	17	4
AG-893-K09_a5_gnd00000_p7_s5	AG-893-K09	AG-893-K09_a5_gnd00000	0.000000	0.000229662	100.000000	0	7	5
AG-893-K09_a5_gnd00000_p8_s1	AG-893-K09	AG-893-K09_a5_gnd00000	0.000000	0.000229662	100.000000	0	8	1
AG-893-K09_a5_gnd00005	AG-893-K09	AG-893-K09_a5_gnd00005	0.000455943	0.001391482	99.954406	1		
AG-893-K09_a5_gnd00005_p10_s2	AG-893-K09	AG-893-K09_a5_gnd00005	0.000456	0.001391482	99.954406	0	10	2
AG-893-K09_a5_gnd00005_p10_s5	AG-893-K09	AG-893-K09_a5_gnd00005	0.000456	0.001391482	99.954406	0	10	5
AG-893-K09_a5_gnd00005_p16_s4	AG-893-K09	AG-893-K09_a5_gnd00005	0.000456	0.001391482	99.954406	0	16	4
AG-893-K09_a5_gnd00005_p17_s3	AG-893-K09	AG-893-K09_a5_gnd00005	0.000456	0.001391482	99.954406	0	17	3
AG-893-K09_a5_gnd00005_p9_s1	AG-893-K09	AG-893-K09_a5_gnd00005	0.000456	0.001391482	99.954406	0	9	1
AG-893-K09_a5_gnd00010	AG-893-K09	AG-893-K09_a5_gnd00010	0.000919687	0.002504668	99.908031	1		
AG-893-K09_a5_gnd00010_p0_s4	AG-893-K09	AG-893-K09_a5_gnd00010	0.000920	0.002504668	99.908031	0	0	4
AG-893-K09_a5_gnd00010_p13_s5	AG-893-K09	AG-893-K09_a5_gnd00010	0.000920	0.002504668	99.908031	0	13	5
AG-893-K09_a5_gnd00010_p17_s2	AG-893-K09	AG-893-K09_a5_gnd00010	0.000920	0.002504668	99.908031	0	17	2
AG-893-K09_a5_gnd00010_p20_s1	AG-893-K09	AG-893-K09_a5_gnd00010	0.000920	0.002504668	99.908031	0	20	1
AG-893-K09_a5_gnd00010_p9_s3	AG-893-K09	AG-893-K09_a5_gnd00010	0.000920	0.002504668	99.908031	0	9	3
AG-893-K09_a5_gnd00020	AG-893-K09	AG-893-K09_a5_gnd00020	0.001814237	0.004622962	99.818576	1		
AG-893-K09_a5_gnd00020_p15_s2	AG-893-K09	AG-893-K09_a5_gnd00020	0.001814	0.004622962	99.818576	0	15	2
AG-893-K09_a5_gnd00020_p18_s4	AG-893-K09	AG-893-K09_a5_gnd00020	0.001814	0.004622962	99.818576	0	18	4
AG-893-K09_a5_gnd00020_p19_s5	AG-893-K09	AG-893-K09_a5_gnd00020	0.001814	0.004622962	99.818576	0	19	5
AG-893-K09_a5_gnd00020_p7_s1	AG-893-K09	AG-893-K09_a5_gnd00020	0.001814	0.004622962	99.818576	0	7	1
AG-893-K09_a5_gnd00020_p7_s3	AG-893-K09	AG-893-K09_a5_gnd00020	0.001814	0.004622962	99.818576	0	7	3
AG-893-K09_a5_gnd00030	AG-893-K09	AG-893-K09_a5_gnd00030	0.002723523	0.006827718	99.727648	1		
AG-893-K09_a5_gnd00030_p17_s1	AG-893-K09	AG-893-K09_a5_gnd00030	0.002724	0.006827718	99.727648	0	17	1
AG-893-K09_a5_gnd00030_p17_s5	AG-893-K09	AG-893-K09_a5_gnd00030	0.002724	0.006827718	99.727648	0	17	5
AG-893-K09_a5_gnd00030_p19_s2	AG-893-K09	AG-893-K09_a5_gnd00030	0.002724	0.006827718	99.727648	0	19	2
AG-893-K09_a5_gnd00030_p20_s4	AG-893-K09	AG-893-K09_a5_gnd00030	0.002724	0.006827718	99.727648	0	20	4
AG-893-K09_a5_gnd00030_p9_s3	AG-893-K09	AG-893-K09_a5_gnd00030	0.002724	0.006827718	99.727648	0	9	3
AG-893-K09_a5_gnd00040	AG-893-K09	AG-893-K09_a5_gnd00040	0.003639743	0.009075705	99.636026	1		
AG-893-K09_a5_gnd00040_p0_s2	AG-893-K09	AG-893-K09_a5_gnd00040	0.003640	0.009075705	99.636026	0	0	2
AG-893-K09_a5_gnd00040_p14_s4	AG-893-K09	AG-893-K09_a5_gnd00040	0.003640	0.009075705	99.636026	0	14	4
AG-893-K09_a5_gnd00040_p15_s1	AG-893-K09	AG-893-K09_a5_gnd00040	0.003640	0.009075705	99.636026	0	15	1
AG-893-K09_a5_gnd00040_p18_s3	AG-893-K09	AG-893-K09_a5_gnd00040	0.003640	0.009075705	99.636026	0	18	3
AG-893-K09_a5_gnd00040_p18_s5	AG-893-K09	AG-893-K09_a5_gnd00040	0.003640	0.009075705	99.636026	0	18	5
AG-893-K09_a5_gnd00050	AG-893-K09	AG-893-K09_a5_gnd00050	0.004575033	0.011307480	99.542497	1		
AG-893-K09_a5_gnd00050_p11_s4	AG-893-K09	AG-893-K09_a5_gnd00050	0.004575	0.011307480	99.542497	0	11	4
AG-893-K09_a5_gnd00050_p13_s3	AG-893-K09	AG-893-K09_a5_gnd00050	0.004575	0.011307480	99.542497	0	13	3
AG-893-K09_a5_gnd00050_p15_s1	AG-893-K09	AG-893-K09_a5_gnd00050	0.004575	0.011307480	99.542497	0	15	1
AG-893-K09_a5_gnd00050_p18_s2	AG-893-K09	AG-893-K09_a5_gnd00050	0.004575	0.011307480	99.542497	0	18	2
AG-893-K09_a5_gnd00050_p9_s5	AG-893-K09	AG-893-K09_a5_gnd00050	0.004575	0.011307480	99.542497	0	9	5
AG-893-K09_a5_gnd00060	AG-893-K09	AG-893-K09_a5_gnd00060	0.005445312	0.013433880	99.455469	1		
AG-893-K09_a5_gnd00060_p10_s3	AG-893-K09	AG-893-K09_a5_gnd00060	0.005445	0.013433880	99.455469	0	10	3
AG-893-K09_a5_gnd00060_p12_s1	AG-893-K09	AG-893-K09_a5_gnd00060	0.005445	0.013433880	99.455469	0	12	1
AG-893-K09_a5_gnd00060_p13_s5	AG-893-K09	AG-893-K09_a5_gnd00060	0.005445	0.013433880	99.455469	0	13	5
AG-893-K09_a5_gnd00060_p16_s4	AG-893-K09	AG-893-K09_a5_gnd00060	0.005445	0.013433880	99.455469	0	16	4
AG-893-K09_a5_gnd00060_p20_s2	AG-893-K09	AG-893-K09_a5_gnd00060	0.005445	0.013433880	99.455469	0	20	2
AG-893-K09_a5_gnd00070	AG-893-K09	AG-893-K09_a5_gnd00070	0.006340728	0.015581896	99.365927	1		
AG-893-K09_a5_gnd00070_p11_s5	AG-893-K09	AG-893-K09_a5_gnd00070	0.006341	0.015581896	99.365927	0	11	5
AG-893-K09_a5_gnd00070_p13_s2	AG-893-K09	AG-893-K09_a5_gnd00070	0.006341	0.015581896	99.365927	0	13	2
AG-893-K09_a5_gnd00070_p18_s3	AG-893-K09	AG-893-K09_a5_gnd00070	0.006341	0.015581896	99.365927	0	18	3
AG-893-K09_a5_gnd00070_p19_s1	AG-893-K09	AG-893-K09_a5_gnd00070	0.006341	0.015581896	99.365927	0	19	1
AG-893-K09_a5_gnd00070_p19_s4	AG-893-K09	AG-893-K09_a5_gnd00070	0.006341	0.015581896	99.365927	0	19	4
AG-893-K09_a5_gnd00080	AG-893-K09	AG-893-K09_a5_gnd00080	0.007249147	0.017927151	99.275085	1		
AG-893-K09_a5_gnd00080_p13_s1	AG-893-K09	AG-893-K09_a5_gnd00080	0.007249	0.017927151	99.275085	0	13	1
AG-893-K09_a5_gnd00080_p16_s3	AG-893-K09	AG-893-K09_a5_gnd00080	0.007249	0.017927151	99.275085	0	16	3
AG-893-K09_a5_gnd00080_p17_s2	AG-893-K09	AG-893-K09_a5_gnd00080	0.007249	0.017927151	99.275085	0	17	2
AG-893-K09_a5_gnd00080_p7_s4	AG-893-K09	AG-893-K09_a5_gnd00080	0.007249	0.017927151	99.275085	0	7	4
AG-893-K09_a5_gnd00080_p9_s5	AG-893-K09	AG-893-K09_a5_gnd00080	0.007249	0.017927151	99.275085	0	9	5
AG-893-K09_a5_gnd00090	AG-893-K09	AG-893-K09_a5_gnd00090	0.008148897	0.020061658	99.185110	1		
AG-893-K09_a5_gnd00090_p14_s3	AG-893-K09	AG-893-K09_a5_gnd00090	0.008149	0.020061658	99.185110	0	14	3
AG-893-K09_a5_gnd00090_p19_s4	AG-893-K09	AG-893-K09_a5_gnd00090	0.008149	0.020061658	99.185110	0	19	4
AG-893-K09_a5_gnd00090_p20_s2	AG-893-K09	AG-893-K09_a5_gnd00090	0.008149	0.020061658	99.185110	0	20	2
AG-893-K09_a5_gnd00090_p6_s5	AG-893-K09	AG-893-K09_a5_gnd00090	0.008149	0.020061658	99.185110	0	6	5
AG-893-K09_a5_gnd00090_p9_s1	AG-893-K09	AG-893-K09_a5_gnd00090	0.008149	0.020061658	99.185110	0	9	1
AG-893-K09_a5_gnd001	AG-893-K09	AG-893-K09_a5_gnd001	0.009033912	0.022125914	99.096609	1		
AG-893-K09_a5_gnd001_p12_s3	AG-893-K09	AG-893-K09_a5_gnd001	0.009034	0.022125914	99.096609	0	12	3
AG-893-K09_a5_gnd001_p12_s4	AG-893-K09	AG-893-K09_a5_gnd001	0.009034	0.022125914	99.096609	0	12	4
AG-893-K09_a5_gnd001_p13_s2	AG-893-K09	AG-893-K09_a5_gnd001	0.009034	0.022125914	99.096609	0	13	2
AG-893-K09_a5_gnd001_p15_s1	AG-893-K09	AG-893-K09_a5_gnd001	0.009034	0.022125914	99.096609	0	15	1
AG-893-K09_a5_gnd001_p15_s5	AG-893-K09	AG-893-K09_a5_gnd001	0.009034	0.022125914	99.096609	0	15	5
AG-893-K09_a5_gnd002	AG-893-K09	AG-893-K09_a5_gnd002	0.018157973	0.043787101	98.184203	1		
AG-893-K09_a5_gnd002_p0_s4	AG-893-K09	AG-893-K09_a5_gnd002	0.018158	0.043787101	98.184203	0	0	4
AG-893-K09_a5_gnd002_p0_s5	AG-893-K09	AG-893-K09_a5_gnd002	0.018158	0.043787101	98.184203	0	0	5
AG-893-K09_a5_gnd002_p10_s2	AG-893-K09	AG-893-K09_a5_gnd002	0.018158	0.043787101	98.184203	0	10	2
AG-893-K09_a5_gnd002_p13_s3	AG-893-K09	AG-893-K09_a5_gnd002	0.018158	0.043787101	98.184203	0	13	3
AG-893-K09_a5_gnd002_p14_s1	AG-893-K09	AG-893-K09_a5_gnd002	0.018158	0.043787101	98.184203	0	14	1
AG-893-K09_a5_gnd003	AG-893-K09	AG-893-K09_a5_gnd003	0.027247361	0.065045703	97.275264	1		
AG-893-K09_a5_gnd003_p14_s3	AG-893-K09	AG-893-K09_a5_gnd003	0.027247	0.065045703	97.275264	0	14	3
AG-893-K09_a5_gnd003_p15_s4	AG-893-K09	AG-893-K09_a5_gnd003	0.027247	0.065045703	97.275264	0	15	4
AG-893-K09_a5_gnd003_p18_s2	AG-893-K09	AG-893-K09_a5_gnd003	0.027247	0.065045703	97.275264	0	18	2
AG-893-K09_a5_gnd003_p18_s5	AG-893-K09	AG-893-K09_a5_gnd003	0.027247	0.065045703	97.275264	0	18	5
AG-893-K09_a5_gnd003_p9_s1	AG-893-K09	AG-893-K09_a5_gnd003	0.027247	0.065045703	97.275264	0	9	1
AG-893-K09_a5_gnd004	AG-893-K09	AG-893-K09_a5_gnd004	0.036292542	0.086136787	96.370746	1		
AG-893-K09_a5_gnd004_p10_s5	AG-893-K09	AG-893-K09_a5_gnd004	0.036293	0.086136787	96.370746	0	10	5
AG-893-K09_a5_gnd004_p13_s3	AG-893-K09	AG-893-K09_a5_gnd004	0.036293	0.086136787	96.370746	0	13	3
AG-893-K09_a5_gnd004_p19_s1	AG-893-K09	AG-893-K09_a5_gnd004	0.036293	0.086136787	96.370746	0	19	1
AG-893-K09_a5_gnd004_p6_s2	AG-893-K09	AG-893-K09_a5_gnd004	0.036293	0.086136787	96.370746	0	6	2
AG-893-K09_a5_gnd004_p8_s4	AG-893-K09	AG-893-K09_a5_gnd004	0.036293	0.086136787	96.370746	0	8	4
AG-893-K09_a5_gnd005	AG-893-K09	AG-893-K09_a5_gnd005	0.045381063	0.106257886	95.461894	1		
AG-893-K09_a5_gnd005_p10_s2	AG-893-K09	AG-893-K09_a5_gnd005	0.045381	0.106257886	95.461894	0	10	2
AG-893-K09_a5_gnd005_p14_s3	AG-893-K09	AG-893-K09_a5_gnd005	0.045381	0.106257886	95.461894	0	14	3
AG-893-K09_a5_gnd005_p15_s5	AG-893-K09	AG-893-K09_a5_gnd005	0.045381	0.106257886	95.461894	0	15	5
AG-893-K09_a5_gnd005_p17_s4	AG-893-K09	AG-893-K09_a5_gnd005	0.045381	0.106257886	95.461894	0	17	4
AG-893-K09_a5_gnd005_p20_s1	AG-893-K09	AG-893-K09_a5_gnd005	0.045381	0.106257886	95.461894	0	20	1
AG-893-K09_a5_gnd006	AG-893-K09	AG-893-K09_a5_gnd006	0.054508591	0.126362774	94.549141	1		
AG-893-K09_a5_gnd006_p10_s4	AG-893-K09	AG-893-K09_a5_gnd006	0.054509	0.126362774	94.549141	0	10	4
AG-893-K09_a5_gnd006_p11_s3	AG-893-K09	AG-893-K09_a5_gnd006	0.054509	0.126362774	94.549141	0	11	3
AG-893-K09_a5_gnd006_p18_s1	AG-893-K09	AG-893-K09_a5_gnd006	0.054509	0.126362774	94.549141	0	18	1
AG-893-K09_a5_gnd006_p18_s2	AG-893-K09	AG-893-K09_a5_gnd006	0.054509	0.126362774	94.549141	0	18	2
AG-893-K09_a5_gnd006_p5_s5	AG-893-K09	AG-893-K09_a5_gnd006	0.054509	0.126362774	94.549141	0	5	5
AG-893-K09_a5_gnd007	AG-893-K09	AG-893-K09_a5_gnd007	0.063571975	0.146454153	93.642802	1		
AG-893-K09_a5_gnd007_p10_s1	AG-893-K09	AG-893-K09_a5_gnd007	0.063572	0.146454153	93.642802	0	10	1
AG-893-K09_a5_gnd007_p10_s4	AG-893-K09	AG-893-K09_a5_gnd007	0.063572	0.146454153	93.642802	0	10	4
AG-893-K09_a5_gnd007_p13_s3	AG-893-K09	AG-893-K09_a5_gnd007	0.063572	0.146454153	93.642802	0	13	3
AG-893-K09_a5_gnd007_p15_s2	AG-893-K09	AG-893-K09_a5_gnd007	0.063572	0.146454153	93.642802	0	15	2
AG-893-K09_a5_gnd007_p20_s5	AG-893-K09	AG-893-K09_a5_gnd007	0.063572	0.146454153	93.642802	0	20	5
AG-893-K09_a5_gnd008	AG-893-K09	AG-893-K09_a5_gnd008	0.072688235	0.165602566	92.731177	1		
AG-893-K09_a5_gnd008_p10_s1	AG-893-K09	AG-893-K09_a5_gnd008	0.072688	0.165602566	92.731177	0	10	1
AG-893-K09_a5_gnd008_p11_s2	AG-893-K09	AG-893-K09_a5_gnd008	0.072688	0.165602566	92.731177	0	11	2
AG-893-K09_a5_gnd008_p12_s3	AG-893-K09	AG-893-K09_a5_gnd008	0.072688	0.165602566	92.731177	0	12	3
AG-893-K09_a5_gnd008_p17_s4	AG-893-K09	AG-893-K09_a5_gnd008	0.072688	0.165602566	92.731177	0	17	4
AG-893-K09_a5_gnd008_p8_s5	AG-893-K09	AG-893-K09_a5_gnd008	0.072688	0.165602566	92.731177	0	8	5
AG-893-K09_a5_gnd009	AG-893-K09	AG-893-K09_a5_gnd009	0.081704811	0.184510509	91.829519	1		
AG-893-K09_a5_gnd009_p12_s2	AG-893-K09	AG-893-K09_a5_gnd009	0.081705	0.184510509	91.829519	0	12	2
AG-893-K09_a5_gnd009_p17_s1	AG-893-K09	AG-893-K09_a5_gnd009	0.081705	0.184510509	91.829519	0	17	1
AG-893-K09_a5_gnd009_p19_s5	AG-893-K09	AG-893-K09_a5_gnd009	0.081705	0.184510509	91.829519	0	19	5
AG-893-K09_a5_gnd009_p6_s3	AG-893-K09	AG-893-K09_a5_gnd009	0.081705	0.184510509	91.829519	0	6	3
AG-893-K09_a5_gnd009_p7_s4	AG-893-K09	AG-893-K09_a5_gnd009	0.081705	0.184510509	91.829519	0	7	4
AG-893-K09_a5_gnd010	AG-893-K09	AG-893-K09_a5_gnd010	0.090825404	0.203207704	90.917460	1		
AG-893-K09_a5_gnd010_p12_s2	AG-893-K09	AG-893-K09_a5_gnd010	0.090825	0.203207704	90.917460	0	12	2
AG-893-K09_a5_gnd010_p14_s3	AG-893-K09	AG-893-K09_a5_gnd010	0.090825	0.203207704	90.917460	0	14	3
AG-893-K09_a5_gnd010_p20_s1	AG-893-K09	AG-893-K09_a5_gnd010	0.090825	0.203207704	90.917460	0	20	1
AG-893-K09_a5_gnd010_p20_s4	AG-893-K09	AG-893-K09_a5_gnd010	0.090825	0.203207704	90.917460	0	20	4
AG-893-K09_a5_gnd010_p2_s5	AG-893-K09	AG-893-K09_a5_gnd010	0.090825	0.203207704	90.917460	0	2	5
AG-893-K09_a5_gnd011	AG-893-K09	AG-893-K09_a5_gnd011	0.099937330	0.222312886	90.006267	1		
AG-893-K09_a5_gnd011_p10_s1	AG-893-K09	AG-893-K09_a5_gnd011	0.099937	0.222312886	90.006267	0	10	1
AG-893-K09_a5_gnd011_p10_s3	AG-893-K09	AG-893-K09_a5_gnd011	0.099937	0.222312886	90.006267	0	10	3
AG-893-K09_a5_gnd011_p10_s4	AG-893-K09	AG-893-K09_a5_gnd011	0.099937	0.222312886	90.006267	0	10	4
AG-893-K09_a5_gnd011_p3_s2	AG-893-K09	AG-893-K09_a5_gnd011	0.099937	0.222312886	90.006267	0	3	2
AG-893-K09_a5_gnd011_p4_s5	AG-893-K09	AG-893-K09_a5_gnd011	0.099937	0.222312886	90.006267	0	4	5
AG-893-K09_a5_gnd012	AG-893-K09	AG-893-K09_a5_gnd012	0.108976443	0.239434869	89.102356	1		
AG-893-K09_a5_gnd012_p11_s5	AG-893-K09	AG-893-K09_a5_gnd012	0.108976	0.239434869	89.102356	0	11	5
AG-893-K09_a5_gnd012_p15_s2	AG-893-K09	AG-893-K09_a5_gnd012	0.108976	0.239434869	89.102356	0	15	2
AG-893-K09_a5_gnd012_p16_s1	AG-893-K09	AG-893-K09_a5_gnd012	0.108976	0.239434869	89.102356	0	16	1
AG-893-K09_a5_gnd012_p16_s3	AG-893-K09	AG-893-K09_a5_gnd012	0.108976	0.239434869	89.102356	0	16	3
AG-893-K09_a5_gnd012_p19_s4	AG-893-K09	AG-893-K09_a5_gnd012	0.108976	0.239434869	89.102356	0	19	4
AG-893-K09_a5_gnd013	AG-893-K09	AG-893-K09_a5_gnd013	0.118098770	0.258137468	88.190123	1		
AG-893-K09_a5_gnd013_p0_s4	AG-893-K09	AG-893-K09_a5_gnd013	0.118099	0.258137468	88.190123	0	0	4
AG-893-K09_a5_gnd013_p17_s5	AG-893-K09	AG-893-K09_a5_gnd013	0.118099	0.258137468	88.190123	0	17	5
AG-893-K09_a5_gnd013_p18_s1	AG-893-K09	AG-893-K09_a5_gnd013	0.118099	0.258137468	88.190123	0	18	1
AG-893-K09_a5_gnd013_p19_s2	AG-893-K09	AG-893-K09_a5_gnd013	0.118099	0.258137468	88.190123	0	19	2
AG-893-K09_a5_gnd013_p19_s3	AG-893-K09	AG-893-K09_a5_gnd013	0.118099	0.258137468	88.190123	0	19	3
AG-893-K09_a5_gnd014	AG-893-K09	AG-893-K09_a5_gnd014	0.127207228	0.274824444	87.279277	1		
AG-893-K09_a5_gnd014_p12_s3	AG-893-K09	AG-893-K09_a5_gnd014	0.127207	0.274824444	87.279277	0	12	3
AG-893-K09_a5_gnd014_p20_s2	AG-893-K09	AG-893-K09_a5_gnd014	0.127207	0.274824444	87.279277	0	20	2
AG-893-K09_a5_gnd014_p5_s1	AG-893-K09	AG-893-K09_a5_gnd014	0.127207	0.274824444	87.279277	0	5	1
AG-893-K09_a5_gnd014_p7_s4	AG-893-K09	AG-893-K09_a5_gnd014	0.127207	0.274824444	87.279277	0	7	4
AG-893-K09_a5_gnd014_p9_s5	AG-893-K09	AG-893-K09_a5_gnd014	0.127207	0.274824444	87.279277	0	9	5
AG-893-K09_a5_gnd015	AG-893-K09	AG-893-K09_a5_gnd015	0.136274079	0.291135855	86.372592	1		
AG-893-K09_a5_gnd015_p0_s2	AG-893-K09	AG-893-K09_a5_gnd015	0.136274	0.291135855	86.372592	0	0	2
AG-893-K09_a5_gnd015_p10_s3	AG-893-K09	AG-893-K09_a5_gnd015	0.136274	0.291135855	86.372592	0	10	3
AG-893-K09_a5_gnd015_p15_s4	AG-893-K09	AG-893-K09_a5_gnd015	0.136274	0.291135855	86.372592	0	15	4
AG-893-K09_a5_gnd015_p19_s5	AG-893-K09	AG-893-K09_a5_gnd015	0.136274	0.291135855	86.372592	0	19	5
AG-893-K09_a5_gnd015_p6_s1	AG-893-K09	AG-893-K09_a5_gnd015	0.136274	0.291135855	86.372592	0	6	1
AG-893-K09_a5_gnd016	AG-893-K09	AG-893-K09_a5_gnd016	0.145533362	0.307890378	85.446664	1		
AG-893-K09_a5_gnd016_p0_s5	AG-893-K09	AG-893-K09_a5_gnd016	0.145533	0.307890378	85.446664	0	0	5
AG-893-K09_a5_gnd016_p10_s2	AG-893-K09	AG-893-K09_a5_gnd016	0.145533	0.307890378	85.446664	0	10	2
AG-893-K09_a5_gnd016_p10_s4	AG-893-K09	AG-893-K09_a5_gnd016	0.145533	0.307890378	85.446664	0	10	4
AG-893-K09_a5_gnd016_p20_s1	AG-893-K09	AG-893-K09_a5_gnd016	0.145533	0.307890378	85.446664	0	20	1
AG-893-K09_a5_gnd016_p20_s3	AG-893-K09	AG-893-K09_a5_gnd016	0.145533	0.307890378	85.446664	0	20	3
AG-893-K09_a5_gnd017	AG-893-K09	AG-893-K09_a5_gnd017	0.154602814	0.325082611	84.539719	1		
AG-893-K09_a5_gnd017_p0_s5	AG-893-K09	AG-893-K09_a5_gnd017	0.154603	0.325082611	84.539719	0	0	5
AG-893-K09_a5_gnd017_p12_s1	AG-893-K09	AG-893-K09_a5_gnd017	0.154603	0.325082611	84.539719	0	12	1
AG-893-K09_a5_gnd017_p16_s2	AG-893-K09	AG-893-K09_a5_gnd017	0.154603	0.325082611	84.539719	0	16	2
AG-893-K09_a5_gnd017_p20_s3	AG-893-K09	AG-893-K09_a5_gnd017	0.154603	0.325082611	84.539719	0	20	3
AG-893-K09_a5_gnd017_p7_s4	AG-893-K09	AG-893-K09_a5_gnd017	0.154603	0.325082611	84.539719	0	7	4
AG-893-K09_a5_gnd018	AG-893-K09	AG-893-K09_a5_gnd018	0.163663597	0.341053582	83.633640	1		
AG-893-K09_a5_gnd018_p14_s5	AG-893-K09	AG-893-K09_a5_gnd018	0.163664	0.341053582	83.633640	0	14	5
AG-893-K09_a5_gnd018_p16_s1	AG-893-K09	AG-893-K09_a5_gnd018	0.163664	0.341053582	83.633640	0	16	1
AG-893-K09_a5_gnd018_p17_s2	AG-893-K09	AG-893-K09_a5_gnd018	0.163664	0.341053582	83.633640	0	17	2
AG-893-K09_a5_gnd018_p6_s3	AG-893-K09	AG-893-K09_a5_gnd018	0.163664	0.341053582	83.633640	0	6	3
AG-893-K09_a5_gnd018_p7_s4	AG-893-K09	AG-893-K09_a5_gnd018	0.163664	0.341053582	83.633640	0	7	4
AG-893-K09_a5_gnd019	AG-893-K09	AG-893-K09_a5_gnd019	0.172842267	0.357689221	82.715773	1		
AG-893-K09_a5_gnd019_p10_s5	AG-893-K09	AG-893-K09_a5_gnd019	0.172842	0.357689221	82.715773	0	10	5
AG-893-K09_a5_gnd019_p12_s3	AG-893-K09	AG-893-K09_a5_gnd019	0.172842	0.357689221	82.715773	0	12	3
AG-893-K09_a5_gnd019_p14_s1	AG-893-K09	AG-893-K09_a5_gnd019	0.172842	0.357689221	82.715773	0	14	1
AG-893-K09_a5_gnd019_p5_s4	AG-893-K09	AG-893-K09_a5_gnd019	0.172842	0.357689221	82.715773	0	5	4
AG-893-K09_a5_gnd019_p8_s2	AG-893-K09	AG-893-K09_a5_gnd019	0.172842	0.357689221	82.715773	0	8	2
AG-893-K09_a5_gnd020	AG-893-K09	AG-893-K09_a5_gnd020	0.181831105	0.371941779	81.816889	1		
AG-893-K09_a5_gnd020_p14_s3	AG-893-K09	AG-893-K09_a5_gnd020	0.181831	0.371941779	81.816889	0	14	3
AG-893-K09_a5_gnd020_p17_s2	AG-893-K09	AG-893-K09_a5_gnd020	0.181831	0.371941779	81.816889	0	17	2
AG-893-K09_a5_gnd020_p18_s4	AG-893-K09	AG-893-K09_a5_gnd020	0.181831	0.371941779	81.816889	0	18	4
AG-893-K09_a5_gnd020_p18_s5	AG-893-K09	AG-893-K09_a5_gnd020	0.181831	0.371941779	81.816889	0	18	5
AG-893-K09_a5_gnd020_p8_s1	AG-893-K09	AG-893-K09_a5_gnd020	0.181831	0.371941779	81.816889	0	8	1
AG-894-C14_a22_gnd00000	AG-894-C14	AG-894-C14_a22_gnd00000	0.000000000	0.000239215	100.000000	1		
AG-894-C14_a22_gnd00005	AG-894-C14	AG-894-C14_a22_gnd00005	0.000454254	0.001319543	99.954575	1		
AG-894-C14_a22_gnd00010	AG-894-C14	AG-894-C14_a22_gnd00010	0.000914268	0.002502759	99.908573	1		
AG-894-C14_a22_gnd00020	AG-894-C14	AG-894-C14_a22_gnd00020	0.001826890	0.004678847	99.817311	1		
AG-894-C14_a22_gnd00030	AG-894-C14	AG-894-C14_a22_gnd00030	0.002725522	0.006800919	99.727448	1		
AG-894-C14_a22_gnd00040	AG-894-C14	AG-894-C14_a22_gnd00040	0.003642259	0.009092756	99.635774	1		
AG-894-C14_a22_gnd00050	AG-894-C14	AG-894-C14_a22_gnd00050	0.004531016	0.011240550	99.546898	1		
AG-894-C14_a22_gnd00060	AG-894-C14	AG-894-C14_a22_gnd00060	0.005462565	0.013473227	99.453743	1		
AG-894-C14_a22_gnd00070	AG-894-C14	AG-894-C14_a22_gnd00070	0.006322520	0.015510416	99.367748	1		
AG-894-C14_a22_gnd00080	AG-894-C14	AG-894-C14_a22_gnd00080	0.007229382	0.017869131	99.277062	1		
AG-894-C14_a22_gnd00090	AG-894-C14	AG-894-C14_a22_gnd00090	0.008125545	0.019919181	99.187445	1		
AG-894-C14_a22_gnd001	AG-894-C14	AG-894-C14_a22_gnd001	0.009090834	0.022128708	99.090917	1		
AG-894-C14_a22_gnd002	AG-894-C14	AG-894-C14_a22_gnd002	0.018140522	0.044064501	98.185948	1		
AG-894-C14_a22_gnd003	AG-894-C14	AG-894-C14_a22_gnd003	0.027158939	0.065048576	97.284106	1		
AG-894-C14_a22_gnd004	AG-894-C14	AG-894-C14_a22_gnd004	0.036157606	0.085597948	96.384239	1		
AG-894-C14_a22_gnd005	AG-894-C14	AG-894-C14_a22_gnd005	0.045268191	0.106250209	95.473181	1		
AG-894-C14_a22_gnd006	AG-894-C14	AG-894-C14_a22_gnd006	0.054338452	0.127334601	94.566155	1		
AG-894-C14_a22_gnd007	AG-894-C14	AG-894-C14_a22_gnd007	0.063467141	0.146993989	93.653286	1		
AG-894-C14_a22_gnd008	AG-894-C14	AG-894-C14_a22_gnd008	0.072443589	0.166761410	92.755641	1		
AG-894-C14_a22_gnd009	AG-894-C14	AG-894-C14_a22_gnd009	0.081635642	0.186112133	91.836436	1		
AG-894-C14_a22_gnd010	AG-894-C14	AG-894-C14_a22_gnd010	0.090670518	0.204732349	90.932948	1		
AG-894-C14_a22_gnd011	AG-894-C14	AG-894-C14_a22_gnd011	0.099706216	0.223851573	90.029378	1		
AG-894-C14_a22_gnd012	AG-894-C14	AG-894-C14_a22_gnd012	0.108662091	0.241885326	89.133791	1		
AG-894-C14_a22_gnd013	AG-894-C14	AG-894-C14_a22_gnd013	0.118036834	0.260258610	88.196317	1		
AG-894-C14_a22_gnd014	AG-894-C14	AG-894-C14_a22_gnd014	0.127028918	0.278171469	87.297108	1		
AG-894-C14_a22_gnd015	AG-894-C14	AG-894-C14_a22_gnd015	0.135978209	0.295785951	86.402179	1		
AG-894-C14_a22_gnd016	AG-894-C14	AG-894-C14_a22_gnd016	0.145164502	0.312685360	85.483550	1		
AG-894-C14_a22_gnd017	AG-894-C14	AG-894-C14_a22_gnd017	0.154396879	0.330420736	84.560312	1		
AG-894-C14_a22_gnd018	AG-894-C14	AG-894-C14_a22_gnd018	0.163189816	0.345354978	83.681018	1		
AG-894-C14_a22_gnd019	AG-894-C14	AG-894-C14_a22_gnd019	0.172539871	0.362822844	82.746013	1		
AG-894-C14_a22_gnd020	AG-894-C14	AG-894-C14_a22_gnd020	0.181554173	0.379709392	81.844583	1		
AG-894-C14_a5_gnd00000	AG-894-C14	AG-894-C14_a5_gnd00000	0.000000000	0.000239215	100.000000	1		
AG-894-C14_a5_gnd00000_p10_s2	AG-894-C14	AG-894-C14_a5_gnd00000	0.000000	0.000239215	100.000000	0	10	2
AG-894-C14_a5_gnd00000_p10_s4	AG-894-C14	AG-894-C14_a5_gnd00000	0.000000	0.000239215	100.000000	0	10	4
AG-894-C14_a5_gnd00000_p11_s5	AG-894-C14	AG-894-C14_a5_gnd00000	0.000000	0.000239215	100.000000	0	11	5
AG-894-C14_a5_gnd00000_p15_s3	AG-894-C14	AG-894-C14_a5_gnd00000	0.000000	0.000239215	100.000000	0	15	3
AG-894-C14_a5_gnd00000_p1_s1	AG-894-C14	AG-894-C14_a5_gnd00000	0.000000	0.000239215	100.000000	0	1	1
AG-894-C14_a5_gnd00005	AG-894-C14	AG-894-C14_a5_gnd00005	0.000456722	0.001360698	99.954328	1		
AG-894-C14_a5_gnd00005_p11_s2	AG-894-C14	AG-894-C14_a5_gnd00005	0.000457	0.001360698	99.954328	0	11	2
AG-894-C14_a5_gnd00005_p16_s1	AG-894-C14	AG-894-C14_a5_gnd00005	0.000457	0.001360698	99.954328	0	16	1
AG-894-C14_a5_gnd00005_p16_s4	AG-894-C14	AG-894-C14_a5_gnd00005	0.000457	0.001360698	99.954328	0	16	4
AG-894-C14_a5_gnd00005_p17_s3	AG-894-C14	AG-894-C14_a5_gnd00005	0.000457	0.001360698	99.954328	0	17	3
AG-894-C14_a5_gnd00005_p9_s5	AG-894-C14	AG-894-C14_a5_gnd00005	0.000457	0.001360698	99.954328	0	9	5
AG-894-C14_a5_gnd00010	AG-894-C14	AG-894-C14_a5_gnd00010	0.000906862	0.002495042	99.909314	1		
AG-894-C14_a5_gnd00010_p11_s5	AG-894-C14	AG-894-C14_a5_gnd00010	0.000907	0.002495042	99.909314	0	11	5
AG-894-C14_a5_gnd00010_p14_s4	AG-894-C14	AG-894-C14_a5_gnd00010	0.000907	0.002495042	99.909314	0	14	4
AG-894-C14_a5_gnd00010_p15_s1	AG-894-C14	AG-894-C14_a5_gnd00010	0.000907	0.002495042	99.909314	0	15	1
AG-894-C14_a5_gnd00010_p15_s3	AG-894-C14	AG-894-C14_a5_gnd00010	0.000907	0.002495042	99.909314	0	15	3
AG-894-C14_a5_gnd00010_p18_s2	AG-894-C14	AG-894-C14_a5_gnd00010	0.000907	0.002495042	99.909314	0	18	2
AG-894-C14_a5_gnd00020	AG-894-C14	AG-894-C14_a5_gnd00020	0.001809608	0.004720002	99.819039	1		
AG-894-C14_a5_gnd00020_p0_s3	AG-894-C14	AG-894-C14_a5_gnd00020	0.001810	0.004720002	99.819039	0	0	3
AG-894-C14_a5_gnd00020_p11_s2	AG-894-C14	AG-894-C14_a5_gnd00020	0.001810	0.004720002	99.819039	0	11	2
AG-894-C14_a5_gnd00020_p13_s1	AG-894-C14	AG-894-C14_a5_gnd00020	0.001810	0.004720002	99.819039	0	13	1
AG-894-C14_a5_gnd00020_p18_s5	AG-894-C14	AG-894-C14_a5_gnd00020	0.001810	0.004720002	99.819039	0	18	5
AG-894-C14_a5_gnd00020_p7_s4	AG-894-C14	AG-894-C14_a5_gnd00020	0.001810	0.004720002	99.819039	0	7	4
AG-894-C14_a5_gnd00030	AG-894-C14	AG-894-C14_a5_gnd00030	0.002737866	0.007032418	99.726213	1		
AG-894-C14_a5_gnd00030_p0_s3	AG-894-C14	AG-894-C14_a5_gnd00030	0.002738	0.007032418	99.726213	0	0	3
AG-894-C14_a5_gnd00030_p13_s5	AG-894-C14	AG-894-C14_a5_gnd00030	0.002738	0.007032418	99.726213	0	13	5
AG-894-C14_a5_gnd00030_p14_s1	AG-894-C14	AG-894-C14_a5_gnd00030	0.002738	0.007032418	99.726213	0	14	1
AG-894-C14_a5_gnd00030_p7_s4	AG-894-C14	AG-894-C14_a5_gnd00030	0.002738	0.007032418	99.726213	0	7	4
AG-894-C14_a5_gnd00030_p9_s2	AG-894-C14	AG-894-C14_a5_gnd00030	0.002738	0.007032418	99.726213	0	9	2
AG-894-C14_a5_gnd00040	AG-894-C14	AG-894-C14_a5_gnd00040	0.003638144	0.009190500	99.636186	1		
AG-894-C14_a5_gnd00040_p12_s3	AG-894-C14	AG-894-C14_a5_gnd00040	0.003638	0.009190500	99.636186	0	12	3
AG-894-C14_a5_gnd00040_p14_s2	AG-894-C14	AG-894-C14_a5_gnd00040	0.003638	0.009190500	99.636186	0	14	2
AG-894-C14_a5_gnd00040_p16_s4	AG-894-C14	AG-894-C14_a5_gnd00040	0.003638	0.009190500	99.636186	0	16	4
AG-894-C14_a5_gnd00040_p9_s1	AG-894-C14	AG-894-C14_a5_gnd00040	0.003638	0.009190500	99.636186	0	9	1
AG-894-C14_a5_gnd00040_p9_s5	AG-894-C14	AG-894-C14_a5_gnd00040	0.003638	0.009190500	99.636186	0	9	5
AG-894-C14_a5_gnd00050	AG-894-C14	AG-894-C14_a5_gnd00050	0.004518672	0.011181390	99.548133	1		
AG-894-C14_a5_gnd00050_p13_s3	AG-894-C14	AG-894-C14_a5_gnd00050	0.004519	0.011181390	99.548133	0	13	3
AG-894-C14_a5_gnd00050_p19_s4	AG-894-C14	AG-894-C14_a5_gnd00050	0.004519	0.011181390	99.548133	0	19	4
AG-894-C14_a5_gnd00050_p20_s5	AG-894-C14	AG-894-C14_a5_gnd00050	0.004519	0.011181390	99.548133	0	20	5
AG-894-C14_a5_gnd00050_p9_s1	AG-894-C14	AG-894-C14_a5_gnd00050	0.004519	0.011181390	99.548133	0	9	1
AG-894-C14_a5_gnd00050_p9_s2	AG-894-C14	AG-894-C14_a5_gnd00050	0.004519	0.011181390	99.548133	0	9	2
AG-894-C14_a5_gnd00060	AG-894-C14	AG-894-C14_a5_gnd00060	0.005428825	0.013478372	99.457117	1		
AG-894-C14_a5_gnd00060_p15_s1	AG-894-C14	AG-894-C14_a5_gnd00060	0.005429	0.013478372	99.457117	0	15	1
AG-894-C14_a5_gnd00060_p15_s5	AG-894-C14	AG-894-C14_a5_gnd00060	0.005429	0.013478372	99.457117	0	15	5
AG-894-C14_a5_gnd00060_p20_s2	AG-894-C14	AG-894-C14_a5_gnd00060	0.005429	0.013478372	99.457117	0	20	2
AG-894-C14_a5_gnd00060_p7_s4	AG-894-C14	AG-894-C14_a5_gnd00060	0.005429	0.013478372	99.457117	0	7	4
AG-894-C14_a5_gnd00060_p8_s3	AG-894-C14	AG-894-C14_a5_gnd00060	0.005429	0.013478372	99.457117	0	8	3
AG-894-C14_a5_gnd00070	AG-894-C14	AG-894-C14_a5_gnd00070	0.006365312	0.015667321	99.363469	1		
AG-894-C14_a5_gnd00070_p16_s2	AG-894-C14	AG-894-C14_a5_gnd00070	0.006365	0.015667321	99.363469	0	16	2
AG-894-C14_a5_gnd00070_p19_s4	AG-894-C14	AG-894-C14_a5_gnd00070	0.006365	0.015667321	99.363469	0	19	4
AG-894-C14_a5_gnd00070_p4_s1	AG-894-C14	AG-894-C14_a5_gnd00070	0.006365	0.015667321	99.363469	0	4	1
AG-894-C14_a5_gnd00070_p6_s3	AG-894-C14	AG-894-C14_a5_gnd00070	0.006365	0.015667321	99.363469	0	6	3
AG-894-C14_a5_gnd00070_p8_s5	AG-894-C14	AG-894-C14_a5_gnd00070	0.006365	0.015667321	99.363469	0	8	5
AG-894-C14_a5_gnd00080	AG-894-C14	AG-894-C14_a5_gnd00080	0.007259007	0.017719943	99.274099	1		
AG-894-C14_a5_gnd00080_p13_s5	AG-894-C14	AG-894-C14_a5_gnd00080	0.007259	0.017719943	99.274099	0	13	5
AG-894-C14_a5_gnd00080_p15_s3	AG-894-C14	AG-894-C14_a5_gnd00080	0.007259	0.017719943	99.274099	0	15	3
AG-894-C14_a5_gnd00080_p18_s1	AG-894-C14	AG-894-C14_a5_gnd00080	0.007259	0.017719943	99.274099	0	18	1
AG-894-C14_a5_gnd00080_p19_s4	AG-894-C14	AG-894-C14_a5_gnd00080	0.007259	0.017719943	99.274099	0	19	4
AG-894-C14_a5_gnd00080_p20_s2	AG-894-C14	AG-894-C14_a5_gnd00080	0.007259	0.017719943	99.274099	0	20	2
AG-894-C14_a5_gnd00090	AG-894-C14	AG-894-C14_a5_gnd00090	0.008132951	0.019986059	99.186705	1		
AG-894-C14_a5_gnd00090_p0_s1	AG-894-C14	AG-894-C14_a5_gnd00090	0.008133	0.019986059	99.186705	0	0	1
AG-894-C14_a5_gnd00090_p17_s2	AG-894-C14	AG-894-C14_a5_gnd00090	0.008133	0.019986059	99.186705	0	17	2
AG-894-C14_a5_gnd00090_p20_s3	AG-894-C14	AG-894-C14_a5_gnd00090	0.008133	0.019986059	99.186705	0	20	3
AG-894-C14_a5_gnd00090_p4_s5	AG-894-C14	AG-894-C14_a5_gnd00090	0.008133	0.019986059	99.186705	0	4	5
AG-894-C14_a5_gnd00090_p9_s4	AG-894-C14	AG-894-C14_a5_gnd00090	0.008133	0.019986059	99.186705	0	9	4
AG-894-C14_a5_gnd001	AG-894-C14	AG-894-C14_a5_gnd001	0.009040636	0.022231596	99.095936	1		
AG-894-C14_a5_gnd001_p10_s3	AG-894-C14	AG-894-C14_a5_gnd001	0.009041	0.022231596	99.095936	0	10	3
AG-894-C14_a5_gnd001_p17_s1	AG-894-C14	AG-894-C14_a5_gnd001	0.009041	0.022231596	99.095936	0	17	1
AG-894-C14_a5_gnd001_p17_s5	AG-894-C14	AG-894-C14_a5_gnd001	0.009041	0.022231596	99.095936	0	17	5
AG-894-C14_a5_gnd001_p19_s2	AG-894-C14	AG-894-C14_a5_gnd001	0.009041	0.022231596	99.095936	0	19	2
AG-894-C14_a5_gnd001_p19_s4	AG-894-C14	AG-894-C14_a5_gnd001	0.009041	0.022231596	99.095936	0	19	4
AG-894-C14_a5_gnd002	AG-894-C14	AG-894-C14_a5_gnd002	0.018132293	0.043367432	98.186771	1		
AG-894-C14_a5_gnd002_p12_s2	AG-894-C14	AG-894-C14_a5_gnd002	0.018132	0.043367432	98.186771	0	12	2
AG-894-C14_a5_gnd002_p13_s5	AG-894-C14	AG-894-C14_a5_gnd002	0.018132	0.043367432	98.186771	0	13	5
AG-894-C14_a5_gnd002_p18_s1	AG-894-C14	AG-894-C14_a5_gnd002	0.018132	0.043367432	98.186771	0	18	1
AG-894-C14_a5_gnd002_p19_s4	AG-894-C14	AG-894-C14_a5_gnd002	0.018132	0.043367432	98.186771	0	19	4
AG-894-C14_a5_gnd002_p9_s3	AG-894-C14	AG-894-C14_a5_gnd002	0.018132	0.043367432	98.186771	0	9	3
AG-894-C14_a5_gnd003	AG-894-C14	AG-894-C14_a5_gnd003	0.027205023	0.064675606	97.279498	1		
AG-894-C14_a5_gnd003_p13_s1	AG-894-C14	AG-894-C14_a5_gnd003	0.027205	0.064675606	97.279498	0	13	1
AG-894-C14_a5_gnd003_p13_s5	AG-894-C14	AG-894-C14_a5_gnd003	0.027205	0.064675606	97.279498	0	13	5
AG-894-C14_a5_gnd003_p14_s2	AG-894-C14	AG-894-C14_a5_gnd003	0.027205	0.064675606	97.279498	0	14	2
AG-894-C14_a5_gnd003_p19_s4	AG-894-C14	AG-894-C14_a5_gnd003	0.027205	0.064675606	97.279498	0	19	4
AG-894-C14_a5_gnd003_p1_s3	AG-894-C14	AG-894-C14_a5_gnd003	0.027205	0.064675606	97.279498	0	1	3
AG-894-C14_a5_gnd004	AG-894-C14	AG-894-C14_a5_gnd004	0.036233315	0.085196684	96.376668	1		
AG-894-C14_a5_gnd004_p0_s5	AG-894-C14	AG-894-C14_a5_gnd004	0.036233	0.085196684	96.376668	0	0	5
AG-894-C14_a5_gnd004_p14_s3	AG-894-C14	AG-894-C14_a5_gnd004	0.036233	0.085196684	96.376668	0	14	3
AG-894-C14_a5_gnd004_p18_s2	AG-894-C14	AG-894-C14_a5_gnd004	0.036233	0.085196684	96.376668	0	18	2
AG-894-C14_a5_gnd004_p6_s4	AG-894-C14	AG-894-C14_a5_gnd004	0.036233	0.085196684	96.376668	0	6	4
AG-894-C14_a5_gnd004_p9_s1	AG-894-C14	AG-894-C14_a5_gnd004	0.036233	0.085196684	96.376668	0	9	1
AG-894-C14_a5_gnd005	AG-894-C14	AG-894-C14_a5_gnd005	0.045228690	0.106149893	95.477131	1		
AG-894-C14_a5_gnd005_p10_s2	AG-894-C14	AG-894-C14_a5_gnd005	0.045229	0.106149893	95.477131	0	10	2
AG-894-C14_a5_gnd005_p13_s5	AG-894-C14	AG-894-C14_a5_gnd005	0.045229	0.106149893	95.477131	0	13	5
AG-894-C14_a5_gnd005_p15_s1	AG-894-C14	AG-894-C14_a5_gnd005	0.045229	0.106149893	95.477131	0	15	1
AG-894-C14_a5_gnd005_p17_s4	AG-894-C14	AG-894-C14_a5_gnd005	0.045229	0.106149893	95.477131	0	17	4
AG-894-C14_a5_gnd005_p18_s3	AG-894-C14	AG-894-C14_a5_gnd005	0.045229	0.106149893	95.477131	0	18	3
AG-894-C14_a5_gnd006	AG-894-C14	AG-894-C14_a5_gnd006	0.054416630	0.126598949	94.558337	1		
AG-894-C14_a5_gnd006_p13_s2	AG-894-C14	AG-894-C14_a5_gnd006	0.054417	0.126598949	94.558337	0	13	2
AG-894-C14_a5_gnd006_p16_s1	AG-894-C14	AG-894-C14_a5_gnd006	0.054417	0.126598949	94.558337	0	16	1
AG-894-C14_a5_gnd006_p16_s5	AG-894-C14	AG-894-C14_a5_gnd006	0.054417	0.126598949	94.558337	0	16	5
AG-894-C14_a5_gnd006_p8_s3	AG-894-C14	AG-894-C14_a5_gnd006	0.054417	0.126598949	94.558337	0	8	3
AG-894-C14_a5_gnd006_p8_s4	AG-894-C14	AG-894-C14_a5_gnd006	0.054417	0.126598949	94.558337	0	8	4
AG-894-C14_a5_gnd007	AG-894-C14	AG-894-C14_a5_gnd007	0.063562600	0.146299493	93.643740	1		
AG-894-C14_a5_gnd007_p10_s5	AG-894-C14	AG-894-C14_a5_gnd007	0.063563	0.146299493	93.643740	0	10	5
AG-894-C14_a5_gnd007_p19_s1	AG-894-C14	AG-894-C14_a5_gnd007	0.063563	0.146299493	93.643740	0	19	1
AG-894-C14_a5_gnd007_p19_s3	AG-894-C14	AG-894-C14_a5_gnd007	0.063563	0.146299493	93.643740	0	19	3
AG-894-C14_a5_gnd007_p20_s4	AG-894-C14	AG-894-C14_a5_gnd007	0.063563	0.146299493	93.643740	0	20	4
AG-894-C14_a5_gnd007_p4_s2	AG-894-C14	AG-894-C14_a5_gnd007	0.063563	0.146299493	93.643740	0	4	2
AG-894-C14_a5_gnd008	AG-894-C14	AG-894-C14_a5_gnd008	0.072523412	0.165534466	92.747659	1		
AG-894-C14_a5_gnd008_p16_s3	AG-894-C14	AG-894-C14_a5_gnd008	0.072523	0.165534466	92.747659	0	16	3
AG-894-C14_a5_gnd008_p17_s1	AG-894-C14	AG-894-C14_a5_gnd008	0.072523	0.165534466	92.747659	0	17	1
AG-894-C14_a5_gnd008_p17_s2	AG-894-C14	AG-894-C14_a5_gnd008	0.072523	0.165534466	92.747659	0	17	2
AG-894-C14_a5_gnd008_p8_s4	AG-894-C14	AG-894-C14_a5_gnd008	0.072523	0.165534466	92.747659	0	8	4
AG-894-C14_a5_gnd008_p8_s5	AG-894-C14	AG-894-C14_a5_gnd008	0.072523	0.165534466	92.747659	0	8	5
AG-894-C14_a5_gnd009	AG-894-C14	AG-894-C14_a5_gnd009	0.081694893	0.184437625	91.830511	1		
AG-894-C14_a5_gnd009_p13_s2	AG-894-C14	AG-894-C14_a5_gnd009	0.081695	0.184437625	91.830511	0	13	2
AG-894-C14_a5_gnd009_p14_s1	AG-894-C14	AG-894-C14_a5_gnd009	0.081695	0.184437625	91.830511	0	14	1
AG-894-C14_a5_gnd009_p19_s3	AG-894-C14	AG-894-C14_a5_gnd009	0.081695	0.184437625	91.830511	0	19	3
AG-894-C14_a5_gnd009_p19_s4	AG-894-C14	AG-894-C14_a5_gnd009	0.081695	0.184437625	91.830511	0	19	4
AG-894-C14_a5_gnd009_p3_s5	AG-894-C14	AG-894-C14_a5_gnd009	0.081695	0.184437625	91.830511	0	3	5
AG-894-C14_a5_gnd010	AG-894-C14	AG-894-C14_a5_gnd010	0.090678747	0.202911225	90.932125	1		
AG-894-C14_a5_gnd010_p14_s2	AG-894-C14	AG-894-C14_a5_gnd010	0.090679	0.202911225	90.932125	0	14	2
AG-894-C14_a5_gnd010_p4_s1	AG-894-C14	AG-894-C14_a5_gnd010	0.090679	0.202911225	90.932125	0	4	1
AG-894-C14_a5_gnd010_p4_s3	AG-894-C14	AG-894-C14_a5_gnd010	0.090679	0.202911225	90.932125	0	4	3
AG-894-C14_a5_gnd010_p7_s5	AG-894-C14	AG-894-C14_a5_gnd010	0.090679	0.202911225	90.932125	0	7	5
AG-894-C14_a5_gnd010_p9_s4	AG-894-C14	AG-894-C14_a5_gnd010	0.090679	0.202911225	90.932125	0	9	4
AG-894-C14_a5_gnd011	AG-894-C14	AG-894-C14_a5_gnd011	0.099701279	0.220998994	90.029872	1		
AG-894-C14_a5_gnd011_p14_s1	AG-894-C14	AG-894-C14_a5_gnd011	0.099701	0.220998994	90.029872	0	14	1
AG-894-C14_a5_gnd011_p15_s5	AG-894-C14	AG-894-C14_a5_gnd011	0.099701	0.220998994	90.029872	0	15	5
AG-894-C14_a5_gnd011_p16_s2	AG-894-C14	AG-894-C14_a5_gnd011	0.099701	0.220998994	90.029872	0	16	2
AG-894-C14_a5_gnd011_p16_s4	AG-894-C14	AG-894-C14_a5_gnd011	0.099701	0.220998994	90.029872	0	16	4
AG-894-C14_a5_gnd011_p7_s3	AG-894-C14	AG-894-C14_a5_gnd011	0.099701	0.220998994	90.029872	0	7	3
AG-894-C14_a5_gnd012	AG-894-C14	AG-894-C14_a5_gnd012	0.108878520	0.239747821	89.112148	1		
AG-894-C14_a5_gnd012_p13_s2	AG-894-C14	AG-894-C14_a5_gnd012	0.108879	0.239747821	89.112148	0	13	2
AG-894-C14_a5_gnd012_p13_s5	AG-894-C14	AG-894-C14_a5_gnd012	0.108879	0.239747821	89.112148	0	13	5
AG-894-C14_a5_gnd012_p16_s1	AG-894-C14	AG-894-C14_a5_gnd012	0.108879	0.239747821	89.112148	0	16	1
AG-894-C14_a5_gnd012_p20_s4	AG-894-C14	AG-894-C14_a5_gnd012	0.108879	0.239747821	89.112148	0	20	4
AG-894-C14_a5_gnd012_p5_s3	AG-894-C14	AG-894-C14_a5_gnd012	0.108879	0.239747821	89.112148	0	5	3
AG-894-C14_a5_gnd013	AG-894-C14	AG-894-C14_a5_gnd013	0.117786665	0.256606074	88.221333	1		
AG-894-C14_a5_gnd013_p12_s2	AG-894-C14	AG-894-C14_a5_gnd013	0.117787	0.256606074	88.221333	0	12	2
AG-894-C14_a5_gnd013_p12_s4	AG-894-C14	AG-894-C14_a5_gnd013	0.117787	0.256606074	88.221333	0	12	4
AG-894-C14_a5_gnd013_p17_s3	AG-894-C14	AG-894-C14_a5_gnd013	0.117787	0.256606074	88.221333	0	17	3
AG-894-C14_a5_gnd013_p7_s1	AG-894-C14	AG-894-C14_a5_gnd013	0.117787	0.256606074	88.221333	0	7	1
AG-894-C14_a5_gnd013_p8_s5	AG-894-C14	AG-894-C14_a5_gnd013	0.117787	0.256606074	88.221333	0	8	5
AG-894-C14_a5_gnd014	AG-894-C14	AG-894-C14_a5_gnd014	0.127009167	0.274536938	87.299083	1		
AG-894-C14_a5_gnd014_p0_s4	AG-894-C14	AG-894-C14_a5_gnd014	0.127009	0.274536938	87.299083	0	0	4
AG-894-C14_a5_gnd014_p10_s3	AG-894-C14	AG-894-C14_a5_gnd014	0.127009	0.274536938	87.299083	0	10	3
AG-894-C14_a5_gnd014_p15_s5	AG-894-C14	AG-894-C14_a5_gnd014	0.127009	0.274536938	87.299083	0	15	5
AG-894-C14_a5_gnd014_p18_s2	AG-894-C14	AG-894-C14_a5_gnd014	0.127009	0.274536938	87.299083	0	18	2
AG-894-C14_a5_gnd014_p9_s1	AG-894-C14	AG-894-C14_a5_gnd014	0.127009	0.274536938	87.299083	0	9	1
AG-894-C14_a5_gnd015	AG-894-C14	AG-894-C14_a5_gnd015	0.136141148	0.292035671	86.385885	1		
AG-894-C14_a5_gnd015_p0_s3	AG-894-C14	AG-894-C14_a5_gnd015	0.136141	0.292035671	86.385885	0	0	3
AG-894-C14_a5_gnd015_p11_s4	AG-894-C14	AG-894-C14_a5_gnd015	0.136141	0.292035671	86.385885	0	11	4
AG-894-C14_a5_gnd015_p13_s1	AG-894-C14	AG-894-C14_a5_gnd015	0.136141	0.292035671	86.385885	0	13	1
AG-894-C14_a5_gnd015_p16_s5	AG-894-C14	AG-894-C14_a5_gnd015	0.136141	0.292035671	86.385885	0	16	5
AG-894-C14_a5_gnd015_p20_s2	AG-894-C14	AG-894-C14_a5_gnd015	0.136141	0.292035671	86.385885	0	20	2
AG-894-C14_a5_gnd016	AG-894-C14	AG-894-C14_a5_gnd016	0.145078918	0.307201412	85.492108	1		
AG-894-C14_a5_gnd016_p10_s2	AG-894-C14	AG-894-C14_a5_gnd016	0.145079	0.307201412	85.492108	0	10	2
AG-894-C14_a5_gnd016_p13_s3	AG-894-C14	AG-894-C14_a5_gnd016	0.145079	0.307201412	85.492108	0	13	3
AG-894-C14_a5_gnd016_p17_s1	AG-894-C14	AG-894-C14_a5_gnd016	0.145079	0.307201412	85.492108	0	17	1
AG-894-C14_a5_gnd016_p17_s5	AG-894-C14	AG-894-C14_a5_gnd016	0.145079	0.307201412	85.492108	0	17	5
AG-894-C14_a5_gnd016_p20_s4	AG-894-C14	AG-894-C14_a5_gnd016	0.145079	0.307201412	85.492108	0	20	4
AG-894-C14_a5_gnd017	AG-894-C14	AG-894-C14_a5_gnd017	0.154229003	0.324900777	84.577100	1		
AG-894-C14_a5_gnd017_p10_s1	AG-894-C14	AG-894-C14_a5_gnd017	0.154229	0.324900777	84.577100	0	10	1
AG-894-C14_a5_gnd017_p15_s5	AG-894-C14	AG-894-C14_a5_gnd017	0.154229	0.324900777	84.577100	0	15	5
AG-894-C14_a5_gnd017_p16_s2	AG-894-C14	AG-894-C14_a5_gnd017	0.154229	0.324900777	84.577100	0	16	2
AG-894-C14_a5_gnd017_p18_s3	AG-894-C14	AG-894-C14_a5_gnd017	0.154229	0.324900777	84.577100	0	18	3
AG-894-C14_a5_gnd017_p4_s4	AG-894-C14	AG-894-C14_a5_gnd017	0.154229	0.324900777	84.577100	0	4	4
AG-894-C14_a5_gnd018	AG-894-C14	AG-894-C14_a5_gnd018	0.163552725	0.340483215	83.644728	1		
AG-894-C14_a5_gnd018_p13_s1	AG-894-C14	AG-894-C14_a5_gnd018	0.163553	0.340483215	83.644728	0	13	1
AG-894-C14_a5_gnd018_p15_s2	AG-894-C14	AG-894-C14_a5_gnd018	0.163553	0.340483215	83.644728	0	15	2
AG-894-C14_a5_gnd018_p18_s5	AG-894-C14	AG-894-C14_a5_gnd018	0.163553	0.340483215	83.644728	0	18	5
AG-894-C14_a5_gnd018_p20_s4	AG-894-C14	AG-894-C14_a5_gnd018	0.163553	0.340483215	83.644728	0	20	4
AG-894-C14_a5_gnd018_p9_s3	AG-894-C14	AG-894-C14_a5_gnd018	0.163553	0.340483215	83.644728	0	9	3
AG-894-C14_a5_gnd019	AG-894-C14	AG-894-C14_a5_gnd019	0.172514360	0.356960782	82.748564	1		
AG-894-C14_a5_gnd019_p0_s5	AG-894-C14	AG-894-C14_a5_gnd019	0.172514	0.356960782	82.748564	0	0	5
AG-894-C14_a5_gnd019_p12_s2	AG-894-C14	AG-894-C14_a5_gnd019	0.172514	0.356960782	82.748564	0	12	2
AG-894-C14_a5_gnd019_p13_s1	AG-894-C14	AG-894-C14_a5_gnd019	0.172514	0.356960782	82.748564	0	13	1
AG-894-C14_a5_gnd019_p20_s3	AG-894-C14	AG-894-C14_a5_gnd019	0.172514	0.356960782	82.748564	0	20	3
AG-894-C14_a5_gnd019_p3_s4	AG-894-C14	AG-894-C14_a5_gnd019	0.172514	0.356960782	82.748564	0	3	4
AG-894-C14_a5_gnd020	AG-894-C14	AG-894-C14_a5_gnd020	0.181699830	0.372198544	81.830017	1		
AG-894-C14_a5_gnd020_p13_s4	AG-894-C14	AG-894-C14_a5_gnd020	0.181700	0.372198544	81.830017	0	13	4
AG-894-C14_a5_gnd020_p17_s2	AG-894-C14	AG-894-C14_a5_gnd020	0.181700	0.372198544	81.830017	0	17	2
AG-894-C14_a5_gnd020_p17_s3	AG-894-C14	AG-894-C14_a5_gnd020	0.181700	0.372198544	81.830017	0	17	3
AG-894-C14_a5_gnd020_p18_s5	AG-894-C14	AG-894-C14_a5_gnd020	0.181700	0.372198544	81.830017	0	18	5
AG-894-C14_a5_gnd020_p5_s1	AG-894-C14	AG-894-C14_a5_gnd020	0.181700	0.372198544	81.830017	0	5	1
AG-894-K15_a22_gnd00000	AG-894-K15	AG-894-K15_a22_gnd00000	0.000000000	0.000290498	100.000000	1		
AG-894-K15_a22_gnd00005	AG-894-K15	AG-894-K15_a22_gnd00005	0.000455929	0.001446242	99.954407	1		
AG-894-K15_a22_gnd00010	AG-894-K15	AG-894-K15_a22_gnd00010	0.000895081	0.002467670	99.910492	1		
AG-894-K15_a22_gnd00020	AG-894-K15	AG-894-K15_a22_gnd00020	0.001776346	0.004735428	99.822365	1		
AG-894-K15_a22_gnd00030	AG-894-K15	AG-894-K15_a22_gnd00030	0.002661559	0.006875117	99.733844	1		
AG-894-K15_a22_gnd00040	AG-894-K15	AG-894-K15_a22_gnd00040	0.003578351	0.009058537	99.642165	1		
AG-894-K15_a22_gnd00050	AG-894-K15	AG-894-K15_a22_gnd00050	0.004440865	0.011348160	99.555913	1		
AG-894-K15_a22_gnd00060	AG-894-K15	AG-894-K15_a22_gnd00060	0.005398119	0.013631536	99.460188	1		
AG-894-K15_a22_gnd00070	AG-894-K15	AG-894-K15_a22_gnd00070	0.006260633	0.015586931	99.373937	1		
AG-894-K15_a22_gnd00080	AG-894-K15	AG-894-K15_a22_gnd00080	0.007198149	0.018138939	99.280185	1		
AG-894-K15_a22_gnd00090	AG-894-K15	AG-894-K15_a22_gnd00090	0.008054743	0.020147435	99.194526	1		
AG-894-K15_a22_gnd001	AG-894-K15	AG-894-K15_a22_gnd001	0.008939956	0.022159055	99.106004	1		
AG-894-K15_a22_gnd002	AG-894-K15	AG-894-K15_a22_gnd002	0.017943070	0.044215031	98.205693	1		
AG-894-K15_a22_gnd003	AG-894-K15	AG-894-K15_a22_gnd003	0.026858354	0.065202724	97.314165	1		
AG-894-K15_a22_gnd004	AG-894-K15	AG-894-K15_a22_gnd004	0.035845679	0.086868245	96.415432	1		
AG-894-K15_a22_gnd005	AG-894-K15	AG-894-K15_a22_gnd005	0.044783661	0.106984444	95.521634	1		
AG-894-K15_a22_gnd006	AG-894-K15	AG-894-K15_a22_gnd006	0.053684142	0.127516087	94.631586	1		
AG-894-K15_a22_gnd007	AG-894-K15	AG-894-K15_a22_gnd007	0.062560939	0.147532330	93.743906	1		
AG-894-K15_a22_gnd008	AG-894-K15	AG-894-K15_a22_gnd008	0.071657805	0.167067533	92.834220	1		
AG-894-K15_a22_gnd009	AG-894-K15	AG-894-K15_a22_gnd009	0.080575062	0.186886987	91.942494	1		
AG-894-K15_a22_gnd010	AG-894-K15	AG-894-K15_a22_gnd010	0.089435082	0.204826014	91.056492	1		
AG-894-K15_a22_gnd011	AG-894-K15	AG-894-K15_a22_gnd011	0.098536883	0.224595489	90.146312	1		
AG-894-K15_a22_gnd012	AG-894-K15	AG-894-K15_a22_gnd012	0.107537037	0.242809396	89.246296	1		
AG-894-K15_a22_gnd013	AG-894-K15	AG-894-K15_a22_gnd013	0.116210540	0.260767164	88.378946	1		
AG-894-K15_a22_gnd014	AG-894-K15	AG-894-K15_a22_gnd014	0.125237340	0.278131442	87.476266	1		
AG-894-K15_a22_gnd015	AG-894-K15	AG-894-K15_a22_gnd015	0.134241441	0.296123571	86.575856	1		
AG-894-K15_a22_gnd016	AG-894-K15	AG-894-K15_a22_gnd016	0.143392584	0.313275442	85.660742	1		
AG-894-K15_a22_gnd017	AG-894-K15	AG-894-K15_a22_gnd017	0.152318724	0.330121197	84.768128	1		
AG-894-K15_a22_gnd018	AG-894-K15	AG-894-K15_a22_gnd018	0.161254732	0.348066471	83.874527	1		
AG-894-K15_a22_gnd019	AG-894-K15	AG-894-K15_a22_gnd019	0.170369362	0.364284376	82.963064	1		
AG-894-K15_a22_gnd020	AG-894-K15	AG-894-K15_a22_gnd020	0.179368529	0.379449616	82.063147	1		
AG-894-K15_a5_gnd00000	AG-894-K15	AG-894-K15_a5_gnd00000	0.000000000	0.000290498	100.000000	1		
AG-894-K15_a5_gnd00000_p0_s1	AG-894-K15	AG-894-K15_a5_gnd00000	0.000000	0.000290498	100.000000	0	0	1
AG-894-K15_a5_gnd00000_p15_s4	AG-894-K15	AG-894-K15_a5_gnd00000	0.000000	0.000290498	100.000000	0	15	4
AG-894-K15_a5_gnd00000_p19_s2	AG-894-K15	AG-894-K15_a5_gnd00000	0.000000	0.000290498	100.000000	0	19	2
AG-894-K15_a5_gnd00000_p20_s3	AG-894-K15	AG-894-K15_a5_gnd00000	0.000000	0.000290498	100.000000	0	20	3
AG-894-K15_a5_gnd00000_p2_s5	AG-894-K15	AG-894-K15_a5_gnd00000	0.000000	0.000290498	100.000000	0	2	5
AG-894-K15_a5_gnd00005	AG-894-K15	AG-894-K15_a5_gnd00005	0.000442113	0.001418130	99.955789	1		
AG-894-K15_a5_gnd00005_p13_s3	AG-894-K15	AG-894-K15_a5_gnd00005	0.000442	0.001418130	99.955789	0	13	3
AG-894-K15_a5_gnd00005_p14_s5	AG-894-K15	AG-894-K15_a5_gnd00005	0.000442	0.001418130	99.955789	0	14	5
AG-894-K15_a5_gnd00005_p15_s4	AG-894-K15	AG-894-K15_a5_gnd00005	0.000442	0.001418130	99.955789	0	15	4
AG-894-K15_a5_gnd00005_p18_s2	AG-894-K15	AG-894-K15_a5_gnd00005	0.000442	0.001418130	99.955789	0	18	2
AG-894-K15_a5_gnd00005_p8_s1	AG-894-K15	AG-894-K15_a5_gnd00005	0.000442	0.001418130	99.955789	0	8	1
AG-894-K15_a5_gnd00010	AG-894-K15	AG-894-K15_a5_gnd00010	0.000894094	0.002511401	99.910591	1		
AG-894-K15_a5_gnd00010_p10_s1	AG-894-K15	AG-894-K15_a5_gnd00010	0.000894	0.002511401	99.910591	0	10	1
AG-894-K15_a5_gnd00010_p18_s3	AG-894-K15	AG-894-K15_a5_gnd00010	0.000894	0.002511401	99.910591	0	18	3
AG-894-K15_a5_gnd00010_p20_s2	AG-894-K15	AG-894-K15_a5_gnd00010	0.000894	0.002511401	99.910591	0	20	2
AG-894-K15_a5_gnd00010_p4_s5	AG-894-K15	AG-894-K15_a5_gnd00010	0.000894	0.002511401	99.910591	0	4	5
AG-894-K15_a5_gnd00010_p8_s4	AG-894-K15	AG-894-K15_a5_gnd00010	0.000894	0.002511401	99.910591	0	8	4
AG-894-K15_a5_gnd00020	AG-894-K15	AG-894-K15_a5_gnd00020	0.001787202	0.004713563	99.821280	1		
AG-894-K15_a5_gnd00020_p12_s4	AG-894-K15	AG-894-K15_a5_gnd00020	0.001787	0.004713563	99.821280	0	12	4
AG-894-K15_a5_gnd00020_p13_s5	AG-894-K15	AG-894-K15_a5_gnd00020	0.001787	0.004713563	99.821280	0	13	5
AG-894-K15_a5_gnd00020_p20_s3	AG-894-K15	AG-894-K15_a5_gnd00020	0.001787	0.004713563	99.821280	0	20	3
AG-894-K15_a5_gnd00020_p7_s1	AG-894-K15	AG-894-K15_a5_gnd00020	0.001787	0.004713563	99.821280	0	7	1
AG-894-K15_a5_gnd00020_p8_s2	AG-894-K15	AG-894-K15_a5_gnd00020	0.001787	0.004713563	99.821280	0	8	2
AG-894-K15_a5_gnd00030	AG-894-K15	AG-894-K15_a5_gnd00030	0.002693138	0.007003186	99.730686	1		
AG-894-K15_a5_gnd00030_p0_s1	AG-894-K15	AG-894-K15_a5_gnd00030	0.002693	0.007003186	99.730686	0	0	1
AG-894-K15_a5_gnd00030_p18_s4	AG-894-K15	AG-894-K15_a5_gnd00030	0.002693	0.007003186	99.730686	0	18	4
AG-894-K15_a5_gnd00030_p19_s2	AG-894-K15	AG-894-K15_a5_gnd00030	0.002693	0.007003186	99.730686	0	19	2
AG-894-K15_a5_gnd00030_p20_s3	AG-894-K15	AG-894-K15_a5_gnd00030	0.002693	0.007003186	99.730686	0	20	3
AG-894-K15_a5_gnd00030_p8_s5	AG-894-K15	AG-894-K15_a5_gnd00030	0.002693	0.007003186	99.730686	0	8	5
AG-894-K15_a5_gnd00040	AG-894-K15	AG-894-K15_a5_gnd00040	0.003574403	0.009008559	99.642560	1		
AG-894-K15_a5_gnd00040_p0_s1	AG-894-K15	AG-894-K15_a5_gnd00040	0.003574	0.009008559	99.642560	0	0	1
AG-894-K15_a5_gnd00040_p11_s3	AG-894-K15	AG-894-K15_a5_gnd00040	0.003574	0.009008559	99.642560	0	11	3
AG-894-K15_a5_gnd00040_p17_s2	AG-894-K15	AG-894-K15_a5_gnd00040	0.003574	0.009008559	99.642560	0	17	2
AG-894-K15_a5_gnd00040_p4_s5	AG-894-K15	AG-894-K15_a5_gnd00040	0.003574	0.009008559	99.642560	0	4	5
AG-894-K15_a5_gnd00040_p7_s4	AG-894-K15	AG-894-K15_a5_gnd00040	0.003574	0.009008559	99.642560	0	7	4
AG-894-K15_a5_gnd00050	AG-894-K15	AG-894-K15_a5_gnd00050	0.004485274	0.011491847	99.551473	1		
AG-894-K15_a5_gnd00050_p11_s2	AG-894-K15	AG-894-K15_a5_gnd00050	0.004485	0.011491847	99.551473	0	11	2
AG-894-K15_a5_gnd00050_p14_s4	AG-894-K15	AG-894-K15_a5_gnd00050	0.004485	0.011491847	99.551473	0	14	4
AG-894-K15_a5_gnd00050_p14_s5	AG-894-K15	AG-894-K15_a5_gnd00050	0.004485	0.011491847	99.551473	0	14	5
AG-894-K15_a5_gnd00050_p15_s3	AG-894-K15	AG-894-K15_a5_gnd00050	0.004485	0.011491847	99.551473	0	15	3
AG-894-K15_a5_gnd00050_p19_s1	AG-894-K15	AG-894-K15_a5_gnd00050	0.004485	0.011491847	99.551473	0	19	1
AG-894-K15_a5_gnd00060	AG-894-K15	AG-894-K15_a5_gnd00060	0.005375421	0.013428500	99.462458	1		
AG-894-K15_a5_gnd00060_p18_s4	AG-894-K15	AG-894-K15_a5_gnd00060	0.005375	0.013428500	99.462458	0	18	4
AG-894-K15_a5_gnd00060_p20_s1	AG-894-K15	AG-894-K15_a5_gnd00060	0.005375	0.013428500	99.462458	0	20	1
AG-894-K15_a5_gnd00060_p20_s2	AG-894-K15	AG-894-K15_a5_gnd00060	0.005375	0.013428500	99.462458	0	20	2
AG-894-K15_a5_gnd00060_p20_s5	AG-894-K15	AG-894-K15_a5_gnd00060	0.005375	0.013428500	99.462458	0	20	5
AG-894-K15_a5_gnd00060_p6_s3	AG-894-K15	AG-894-K15_a5_gnd00060	0.005375	0.013428500	99.462458	0	6	3
AG-894-K15_a5_gnd00070	AG-894-K15	AG-894-K15_a5_gnd00070	0.006272476	0.015761854	99.372752	1		
AG-894-K15_a5_gnd00070_p11_s3	AG-894-K15	AG-894-K15_a5_gnd00070	0.006272	0.015761854	99.372752	0	11	3
AG-894-K15_a5_gnd00070_p13_s2	AG-894-K15	AG-894-K15_a5_gnd00070	0.006272	0.015761854	99.372752	0	13	2
AG-894-K15_a5_gnd00070_p19_s4	AG-894-K15	AG-894-K15_a5_gnd00070	0.006272	0.015761854	99.372752	0	19	4
AG-894-K15_a5_gnd00070_p20_s5	AG-894-K15	AG-894-K15_a5_gnd00070	0.006272	0.015761854	99.372752	0	20	5
AG-894-K15_a5_gnd00070_p7_s1	AG-894-K15	AG-894-K15_a5_gnd00070	0.006272	0.015761854	99.372752	0	7	1
AG-894-K15_a5_gnd00080	AG-894-K15	AG-894-K15_a5_gnd00080	0.007135977	0.017826576	99.286402	1		
AG-894-K15_a5_gnd00080_p0_s2	AG-894-K15	AG-894-K15_a5_gnd00080	0.007136	0.017826576	99.286402	0	0	2
AG-894-K15_a5_gnd00080_p10_s1	AG-894-K15	AG-894-K15_a5_gnd00080	0.007136	0.017826576	99.286402	0	10	1
AG-894-K15_a5_gnd00080_p11_s3	AG-894-K15	AG-894-K15_a5_gnd00080	0.007136	0.017826576	99.286402	0	11	3
AG-894-K15_a5_gnd00080_p15_s5	AG-894-K15	AG-894-K15_a5_gnd00080	0.007136	0.017826576	99.286402	0	15	5
AG-894-K15_a5_gnd00080_p5_s4	AG-894-K15	AG-894-K15_a5_gnd00080	0.007136	0.017826576	99.286402	0	5	4
AG-894-K15_a5_gnd00090	AG-894-K15	AG-894-K15_a5_gnd00090	0.008048822	0.020044356	99.195118	1		
AG-894-K15_a5_gnd00090_p10_s1	AG-894-K15	AG-894-K15_a5_gnd00090	0.008049	0.020044356	99.195118	0	10	1
AG-894-K15_a5_gnd00090_p14_s2	AG-894-K15	AG-894-K15_a5_gnd00090	0.008049	0.020044356	99.195118	0	14	2
AG-894-K15_a5_gnd00090_p16_s4	AG-894-K15	AG-894-K15_a5_gnd00090	0.008049	0.020044356	99.195118	0	16	4
AG-894-K15_a5_gnd00090_p17_s3	AG-894-K15	AG-894-K15_a5_gnd00090	0.008049	0.020044356	99.195118	0	17	3
AG-894-K15_a5_gnd00090_p17_s5	AG-894-K15	AG-894-K15_a5_gnd00090	0.008049	0.020044356	99.195118	0	17	5
AG-894-K15_a5_gnd001	AG-894-K15	AG-894-K15_a5_gnd001	0.008971535	0.022408946	99.102846	1		
AG-894-K15_a5_gnd001_p11_s4	AG-894-K15	AG-894-K15_a5_gnd001	0.008972	0.022408946	99.102846	0	11	4
AG-894-K15_a5_gnd001_p16_s3	AG-894-K15	AG-894-K15_a5_gnd001	0.008972	0.022408946	99.102846	0	16	3
AG-894-K15_a5_gnd001_p20_s5	AG-894-K15	AG-894-K15_a5_gnd001	0.008972	0.022408946	99.102846	0	20	5
AG-894-K15_a5_gnd001_p2_s1	AG-894-K15	AG-894-K15_a5_gnd001	0.008972	0.022408946	99.102846	0	2	1
AG-894-K15_a5_gnd001_p7_s2	AG-894-K15	AG-894-K15_a5_gnd001	0.008972	0.022408946	99.102846	0	7	2
AG-894-K15_a5_gnd002	AG-894-K15	AG-894-K15_a5_gnd002	0.017902609	0.044008871	98.209739	1		
AG-894-K15_a5_gnd002_p13_s2	AG-894-K15	AG-894-K15_a5_gnd002	0.017903	0.044008871	98.209739	0	13	2
AG-894-K15_a5_gnd002_p13_s5	AG-894-K15	AG-894-K15_a5_gnd002	0.017903	0.044008871	98.209739	0	13	5
AG-894-K15_a5_gnd002_p20_s3	AG-894-K15	AG-894-K15_a5_gnd002	0.017903	0.044008871	98.209739	0	20	3
AG-894-K15_a5_gnd002_p7_s4	AG-894-K15	AG-894-K15_a5_gnd002	0.017903	0.044008871	98.209739	0	7	4
AG-894-K15_a5_gnd002_p8_s1	AG-894-K15	AG-894-K15_a5_gnd002	0.017903	0.044008871	98.209739	0	8	1
AG-894-K15_a5_gnd003	AG-894-K15	AG-894-K15_a5_gnd003	0.026870196	0.065084026	97.312980	1		
AG-894-K15_a5_gnd003_p13_s4	AG-894-K15	AG-894-K15_a5_gnd003	0.026870	0.065084026	97.312980	0	13	4
AG-894-K15_a5_gnd003_p16_s5	AG-894-K15	AG-894-K15_a5_gnd003	0.026870	0.065084026	97.312980	0	16	5
AG-894-K15_a5_gnd003_p17_s3	AG-894-K15	AG-894-K15_a5_gnd003	0.026870	0.065084026	97.312980	0	17	3
AG-894-K15_a5_gnd003_p20_s1	AG-894-K15	AG-894-K15_a5_gnd003	0.026870	0.065084026	97.312980	0	20	1
AG-894-K15_a5_gnd003_p20_s2	AG-894-K15	AG-894-K15_a5_gnd003	0.026870	0.065084026	97.312980	0	20	2
AG-894-K15_a5_gnd004	AG-894-K15	AG-894-K15_a5_gnd004	0.035742059	0.086096708	96.425794	1		
AG-894-K15_a5_gnd004_p14_s5	AG-894-K15	AG-894-K15_a5_gnd004	0.035742	0.086096708	96.425794	0	14	5
AG-894-K15_a5_gnd004_p16_s3	AG-894-K15	AG-894-K15_a5_gnd004	0.035742	0.086096708	96.425794	0	16	3
AG-894-K15_a5_gnd004_p17_s1	AG-894-K15	AG-894-K15_a5_gnd004	0.035742	0.086096708	96.425794	0	17	1
AG-894-K15_a5_gnd004_p17_s4	AG-894-K15	AG-894-K15_a5_gnd004	0.035742	0.086096708	96.425794	0	17	4
AG-894-K15_a5_gnd004_p9_s2	AG-894-K15	AG-894-K15_a5_gnd004	0.035742	0.086096708	96.425794	0	9	2
AG-894-K15_a5_gnd005	AG-894-K15	AG-894-K15_a5_gnd005	0.044673133	0.106540888	95.532687	1		
AG-894-K15_a5_gnd005_p10_s2	AG-894-K15	AG-894-K15_a5_gnd005	0.044673	0.106540888	95.532687	0	10	2
AG-894-K15_a5_gnd005_p12_s4	AG-894-K15	AG-894-K15_a5_gnd005	0.044673	0.106540888	95.532687	0	12	4
AG-894-K15_a5_gnd005_p17_s3	AG-894-K15	AG-894-K15_a5_gnd005	0.044673	0.106540888	95.532687	0	17	3
AG-894-K15_a5_gnd005_p18_s5	AG-894-K15	AG-894-K15_a5_gnd005	0.044673	0.106540888	95.532687	0	18	5
AG-894-K15_a5_gnd005_p19_s1	AG-894-K15	AG-894-K15_a5_gnd005	0.044673	0.106540888	95.532687	0	19	1
AG-894-K15_a5_gnd006	AG-894-K15	AG-894-K15_a5_gnd006	0.053666379	0.126144812	94.633362	1		
AG-894-K15_a5_gnd006_p10_s4	AG-894-K15	AG-894-K15_a5_gnd006	0.053666	0.126144812	94.633362	0	10	4
AG-894-K15_a5_gnd006_p11_s1	AG-894-K15	AG-894-K15_a5_gnd006	0.053666	0.126144812	94.633362	0	11	1
AG-894-K15_a5_gnd006_p20_s3	AG-894-K15	AG-894-K15_a5_gnd006	0.053666	0.126144812	94.633362	0	20	3
AG-894-K15_a5_gnd006_p6_s2	AG-894-K15	AG-894-K15_a5_gnd006	0.053666	0.126144812	94.633362	0	6	2
AG-894-K15_a5_gnd006_p7_s5	AG-894-K15	AG-894-K15_a5_gnd006	0.053666	0.126144812	94.633362	0	7	5
AG-894-K15_a5_gnd007	AG-894-K15	AG-894-K15_a5_gnd007	0.062626071	0.146779534	93.737393	1		
AG-894-K15_a5_gnd007_p13_s4	AG-894-K15	AG-894-K15_a5_gnd007	0.062626	0.146779534	93.737393	0	13	4
AG-894-K15_a5_gnd007_p18_s2	AG-894-K15	AG-894-K15_a5_gnd007	0.062626	0.146779534	93.737393	0	18	2
AG-894-K15_a5_gnd007_p20_s3	AG-894-K15	AG-894-K15_a5_gnd007	0.062626	0.146779534	93.737393	0	20	3
AG-894-K15_a5_gnd007_p20_s5	AG-894-K15	AG-894-K15_a5_gnd007	0.062626	0.146779534	93.737393	0	20	5
AG-894-K15_a5_gnd007_p5_s1	AG-894-K15	AG-894-K15_a5_gnd007	0.062626	0.146779534	93.737393	0	5	1
AG-894-K15_a5_gnd008	AG-894-K15	AG-894-K15_a5_gnd008	0.071527539	0.165574436	92.847246	1		
AG-894-K15_a5_gnd008_p14_s4	AG-894-K15	AG-894-K15_a5_gnd008	0.071528	0.165574436	92.847246	0	14	4
AG-894-K15_a5_gnd008_p17_s2	AG-894-K15	AG-894-K15_a5_gnd008	0.071528	0.165574436	92.847246	0	17	2
AG-894-K15_a5_gnd008_p20_s1	AG-894-K15	AG-894-K15_a5_gnd008	0.071528	0.165574436	92.847246	0	20	1
AG-894-K15_a5_gnd008_p20_s3	AG-894-K15	AG-894-K15_a5_gnd008	0.071528	0.165574436	92.847246	0	20	3
AG-894-K15_a5_gnd008_p5_s5	AG-894-K15	AG-894-K15_a5_gnd008	0.071528	0.165574436	92.847246	0	5	5
AG-894-K15_a5_gnd009	AG-894-K15	AG-894-K15_a5_gnd009	0.080449731	0.184531767	91.955027	1		
AG-894-K15_a5_gnd009_p10_s2	AG-894-K15	AG-894-K15_a5_gnd009	0.080450	0.184531767	91.955027	0	10	2
AG-894-K15_a5_gnd009_p11_s3	AG-894-K15	AG-894-K15_a5_gnd009	0.080450	0.184531767	91.955027	0	11	3
AG-894-K15_a5_gnd009_p13_s5	AG-894-K15	AG-894-K15_a5_gnd009	0.080450	0.184531767	91.955027	0	13	5
AG-894-K15_a5_gnd009_p14_s1	AG-894-K15	AG-894-K15_a5_gnd009	0.080450	0.184531767	91.955027	0	14	1
AG-894-K15_a5_gnd009_p14_s4	AG-894-K15	AG-894-K15_a5_gnd009	0.080450	0.184531767	91.955027	0	14	4
AG-894-K15_a5_gnd010	AG-894-K15	AG-894-K15_a5_gnd010	0.089531795	0.202886237	91.046821	1		
AG-894-K15_a5_gnd010_p10_s2	AG-894-K15	AG-894-K15_a5_gnd010	0.089532	0.202886237	91.046821	0	10	2
AG-894-K15_a5_gnd010_p15_s4	AG-894-K15	AG-894-K15_a5_gnd010	0.089532	0.202886237	91.046821	0	15	4
AG-894-K15_a5_gnd010_p18_s1	AG-894-K15	AG-894-K15_a5_gnd010	0.089532	0.202886237	91.046821	0	18	1
AG-894-K15_a5_gnd010_p20_s3	AG-894-K15	AG-894-K15_a5_gnd010	0.089532	0.202886237	91.046821	0	20	3
AG-894-K15_a5_gnd010_p7_s5	AG-894-K15	AG-894-K15_a5_gnd010	0.089532	0.202886237	91.046821	0	7	5
AG-894-K15_a5_gnd011	AG-894-K15	AG-894-K15_a5_gnd011	0.098609910	0.222255888	90.139009	1		
AG-894-K15_a5_gnd011_p11_s4	AG-894-K15	AG-894-K15_a5_gnd011	0.098610	0.222255888	90.139009	0	11	4
AG-894-K15_a5_gnd011_p14_s5	AG-894-K15	AG-894-K15_a5_gnd011	0.098610	0.222255888	90.139009	0	14	5
AG-894-K15_a5_gnd011_p17_s1	AG-894-K15	AG-894-K15_a5_gnd011	0.098610	0.222255888	90.139009	0	17	1
AG-894-K15_a5_gnd011_p17_s2	AG-894-K15	AG-894-K15_a5_gnd011	0.098610	0.222255888	90.139009	0	17	2
AG-894-K15_a5_gnd011_p1_s3	AG-894-K15	AG-894-K15_a5_gnd011	0.098610	0.222255888	90.139009	0	1	3
AG-894-K15_a5_gnd012	AG-894-K15	AG-894-K15_a5_gnd012	0.107525195	0.240119948	89.247481	1		
AG-894-K15_a5_gnd012_p11_s2	AG-894-K15	AG-894-K15_a5_gnd012	0.107525	0.240119948	89.247481	0	11	2
AG-894-K15_a5_gnd012_p19_s4	AG-894-K15	AG-894-K15_a5_gnd012	0.107525	0.240119948	89.247481	0	19	4
AG-894-K15_a5_gnd012_p8_s1	AG-894-K15	AG-894-K15_a5_gnd012	0.107525	0.240119948	89.247481	0	8	1
AG-894-K15_a5_gnd012_p8_s3	AG-894-K15	AG-894-K15_a5_gnd012	0.107525	0.240119948	89.247481	0	8	3
AG-894-K15_a5_gnd012_p8_s5	AG-894-K15	AG-894-K15_a5_gnd012	0.107525	0.240119948	89.247481	0	8	5
AG-894-K15_a5_gnd013	AG-894-K15	AG-894-K15_a5_gnd013	0.116318108	0.257684138	88.368189	1		
AG-894-K15_a5_gnd013_p11_s4	AG-894-K15	AG-894-K15_a5_gnd013	0.116318	0.257684138	88.368189	0	11	4
AG-894-K15_a5_gnd013_p15_s2	AG-894-K15	AG-894-K15_a5_gnd013	0.116318	0.257684138	88.368189	0	15	2
AG-894-K15_a5_gnd013_p19_s1	AG-894-K15	AG-894-K15_a5_gnd013	0.116318	0.257684138	88.368189	0	19	1
AG-894-K15_a5_gnd013_p7_s5	AG-894-K15	AG-894-K15_a5_gnd013	0.116318	0.257684138	88.368189	0	7	5
AG-894-K15_a5_gnd013_p8_s3	AG-894-K15	AG-894-K15_a5_gnd013	0.116318	0.257684138	88.368189	0	8	3
AG-894-K15_a5_gnd014	AG-894-K15	AG-894-K15_a5_gnd014	0.125465304	0.276022990	87.453470	1		
AG-894-K15_a5_gnd014_p11_s2	AG-894-K15	AG-894-K15_a5_gnd014	0.125465	0.276022990	87.453470	0	11	2
AG-894-K15_a5_gnd014_p13_s4	AG-894-K15	AG-894-K15_a5_gnd014	0.125465	0.276022990	87.453470	0	13	4
AG-894-K15_a5_gnd014_p16_s3	AG-894-K15	AG-894-K15_a5_gnd014	0.125465	0.276022990	87.453470	0	16	3
AG-894-K15_a5_gnd014_p20_s5	AG-894-K15	AG-894-K15_a5_gnd014	0.125465	0.276022990	87.453470	0	20	5
AG-894-K15_a5_gnd014_p4_s1	AG-894-K15	AG-894-K15_a5_gnd014	0.125465	0.276022990	87.453470	0	4	1
AG-894-K15_a5_gnd015	AG-894-K15	AG-894-K15_a5_gnd015	0.134224664	0.292646967	86.577534	1		
AG-894-K15_a5_gnd015_p0_s2	AG-894-K15	AG-894-K15_a5_gnd015	0.134225	0.292646967	86.577534	0	0	2
AG-894-K15_a5_gnd015_p0_s3	AG-894-K15	AG-894-K15_a5_gnd015	0.134225	0.292646967	86.577534	0	0	3
AG-894-K15_a5_gnd015_p1_s1	AG-894-K15	AG-894-K15_a5_gnd015	0.134225	0.292646967	86.577534	0	1	1
AG-894-K15_a5_gnd015_p20_s4	AG-894-K15	AG-894-K15_a5_gnd015	0.134225	0.292646967	86.577534	0	20	4
AG-894-K15_a5_gnd015_p7_s5	AG-894-K15	AG-894-K15_a5_gnd015	0.134225	0.292646967	86.577534	0	7	5
AG-894-K15_a5_gnd016	AG-894-K15	AG-894-K15_a5_gnd016	0.143279096	0.308836759	85.672090	1		
AG-894-K15_a5_gnd016_p11_s1	AG-894-K15	AG-894-K15_a5_gnd016	0.143279	0.308836759	85.672090	0	11	1
AG-894-K15_a5_gnd016_p18_s4	AG-894-K15	AG-894-K15_a5_gnd016	0.143279	0.308836759	85.672090	0	18	4
AG-894-K15_a5_gnd016_p18_s5	AG-894-K15	AG-894-K15_a5_gnd016	0.143279	0.308836759	85.672090	0	18	5
AG-894-K15_a5_gnd016_p19_s3	AG-894-K15	AG-894-K15_a5_gnd016	0.143279	0.308836759	85.672090	0	19	3
AG-894-K15_a5_gnd016_p4_s2	AG-894-K15	AG-894-K15_a5_gnd016	0.143279	0.308836759	85.672090	0	4	2
AG-894-K15_a5_gnd017	AG-894-K15	AG-894-K15_a5_gnd017	0.152491424	0.325010933	84.750858	1		
AG-894-K15_a5_gnd017_p0_s4	AG-894-K15	AG-894-K15_a5_gnd017	0.152491	0.325010933	84.750858	0	0	4
AG-894-K15_a5_gnd017_p12_s2	AG-894-K15	AG-894-K15_a5_gnd017	0.152491	0.325010933	84.750858	0	12	2
AG-894-K15_a5_gnd017_p13_s5	AG-894-K15	AG-894-K15_a5_gnd017	0.152491	0.325010933	84.750858	0	13	5
AG-894-K15_a5_gnd017_p17_s3	AG-894-K15	AG-894-K15_a5_gnd017	0.152491	0.325010933	84.750858	0	17	3
AG-894-K15_a5_gnd017_p19_s1	AG-894-K15	AG-894-K15_a5_gnd017	0.152491	0.325010933	84.750858	0	19	1
AG-894-K15_a5_gnd018	AG-894-K15	AG-894-K15_a5_gnd018	0.161416577	0.340850878	83.858342	1		
AG-894-K15_a5_gnd018_p0_s2	AG-894-K15	AG-894-K15_a5_gnd018	0.161417	0.340850878	83.858342	0	0	2
AG-894-K15_a5_gnd018_p11_s1	AG-894-K15	AG-894-K15_a5_gnd018	0.161417	0.340850878	83.858342	0	11	1
AG-894-K15_a5_gnd018_p5_s3	AG-894-K15	AG-894-K15_a5_gnd018	0.161417	0.340850878	83.858342	0	5	3
AG-894-K15_a5_gnd018_p7_s5	AG-894-K15	AG-894-K15_a5_gnd018	0.161417	0.340850878	83.858342	0	7	5
AG-894-K15_a5_gnd018_p8_s4	AG-894-K15	AG-894-K15_a5_gnd018	0.161417	0.340850878	83.858342	0	8	4
AG-894-K15_a5_gnd019	AG-894-K15	AG-894-K15_a5_gnd019	0.170192714	0.357693509	82.980729	1		
AG-894-K15_a5_gnd019_p0_s5	AG-894-K15	AG-894-K15_a5_gnd019	0.170193	0.357693509	82.980729	0	0	5
AG-894-K15_a5_gnd019_p14_s1	AG-894-K15	AG-894-K15_a5_gnd019	0.170193	0.357693509	82.980729	0	14	1
AG-894-K15_a5_gnd019_p16_s3	AG-894-K15	AG-894-K15_a5_gnd019	0.170193	0.357693509	82.980729	0	16	3
AG-894-K15_a5_gnd019_p20_s2	AG-894-K15	AG-894-K15_a5_gnd019	0.170193	0.357693509	82.980729	0	20	2
AG-894-K15_a5_gnd019_p5_s4	AG-894-K15	AG-894-K15_a5_gnd019	0.170193	0.357693509	82.980729	0	5	4
AG-894-K15_a5_gnd020	AG-894-K15	AG-894-K15_a5_gnd020	0.179026089	0.372396452	82.097391	1		
AG-894-K15_a5_gnd020_p16_s2	AG-894-K15	AG-894-K15_a5_gnd020	0.179026	0.372396452	82.097391	0	16	2
AG-894-K15_a5_gnd020_p16_s5	AG-894-K15	AG-894-K15_a5_gnd020	0.179026	0.372396452	82.097391	0	16	5
AG-894-K15_a5_gnd020_p18_s3	AG-894-K15	AG-894-K15_a5_gnd020	0.179026	0.372396452	82.097391	0	18	3
AG-894-K15_a5_gnd020_p18_s4	AG-894-K15	AG-894-K15_a5_gnd020	0.179026	0.372396452	82.097391	0	18	4
AG-894-K15_a5_gnd020_p19_s1	AG-894-K15	AG-894-K15_a5_gnd020	0.179026	0.372396452	82.097391	0	19	1
AG-894-P05_a22_gnd00000	AG-894-P05	AG-894-P05_a22_gnd00000	0.000000000	0.000299997	100.000000	1		
AG-894-P05_a22_gnd00005	AG-894-P05	AG-894-P05_a22_gnd00005	0.000456354	0.001404533	99.954365	1		
AG-894-P05_a22_gnd00010	AG-894-P05	AG-894-P05_a22_gnd00010	0.000909424	0.002515886	99.909058	1		
AG-894-P05_a22_gnd00020	AG-894-P05	AG-894-P05_a22_gnd00020	0.001818848	0.004786320	99.818115	1		
AG-894-P05_a22_gnd00030	AG-894-P05	AG-894-P05_a22_gnd00030	0.002716234	0.006835165	99.728377	1		
AG-894-P05_a22_gnd00040	AG-894-P05	AG-894-P05_a22_gnd00040	0.003655207	0.009211280	99.634479	1		
AG-894-P05_a22_gnd00050	AG-894-P05	AG-894-P05_a22_gnd00050	0.004561348	0.011243080	99.543865	1		
AG-894-P05_a22_gnd00060	AG-894-P05	AG-894-P05_a22_gnd00060	0.005472961	0.013516923	99.452704	1		
AG-894-P05_a22_gnd00070	AG-894-P05	AG-894-P05_a22_gnd00070	0.006371441	0.015777129	99.362856	1		
AG-894-P05_a22_gnd00080	AG-894-P05	AG-894-P05_a22_gnd00080	0.007288526	0.017921428	99.271147	1		
AG-894-P05_a22_gnd00090	AG-894-P05	AG-894-P05_a22_gnd00090	0.008212177	0.020352088	99.178782	1		
AG-894-P05_a22_gnd001	AG-894-P05	AG-894-P05_a22_gnd001	0.009119413	0.022438432	99.088059	1		
AG-894-P05_a22_gnd002	AG-894-P05	AG-894-P05_a22_gnd002	0.018219126	0.043854147	98.178087	1		
AG-894-P05_a22_gnd003	AG-894-P05	AG-894-P05_a22_gnd003	0.027329784	0.065055090	97.267022	1		
AG-894-P05_a22_gnd004	AG-894-P05	AG-894-P05_a22_gnd004	0.036496255	0.086177626	96.350375	1		
AG-894-P05_a22_gnd005	AG-894-P05	AG-894-P05_a22_gnd005	0.045524834	0.106594486	95.447517	1		
AG-894-P05_a22_gnd006	AG-894-P05	AG-894-P05_a22_gnd006	0.054590622	0.127099981	94.540938	1		
AG-894-P05_a22_gnd007	AG-894-P05	AG-894-P05_a22_gnd007	0.063845737	0.147203207	93.615426	1		
AG-894-P05_a22_gnd008	AG-894-P05	AG-894-P05_a22_gnd008	0.072977188	0.167074618	92.702281	1		
AG-894-P05_a22_gnd009	AG-894-P05	AG-894-P05_a22_gnd009	0.082071430	0.186669894	91.792857	1		
AG-894-P05_a22_gnd010	AG-894-P05	AG-894-P05_a22_gnd010	0.091161294	0.204639049	90.883871	1		
AG-894-P05_a22_gnd011	AG-894-P05	AG-894-P05_a22_gnd011	0.100256631	0.224016145	89.974337	1		
AG-894-P05_a22_gnd012	AG-894-P05	AG-894-P05_a22_gnd012	0.109470159	0.242142117	89.052984	1		
AG-894-P05_a22_gnd013	AG-894-P05	AG-894-P05_a22_gnd013	0.118705575	0.260837401	88.129442	1		
AG-894-P05_a22_gnd014	AG-894-P05	AG-894-P05_a22_gnd014	0.127613774	0.278080427	87.238623	1		
AG-894-P05_a22_gnd015	AG-894-P05	AG-894-P05_a22_gnd015	0.136783527	0.294999591	86.321647	1		
AG-894-P05_a22_gnd016	AG-894-P05	AG-894-P05_a22_gnd016	0.146032076	0.313394878	85.396792	1		
AG-894-P05_a22_gnd017	AG-894-P05	AG-894-P05_a22_gnd017	0.155205113	0.330324270	84.479489	1		
AG-894-P05_a22_gnd018	AG-894-P05	AG-894-P05_a22_gnd018	0.164268712	0.346582077	83.573129	1		
AG-894-P05_a22_gnd019	AG-894-P05	AG-894-P05_a22_gnd019	0.173301669	0.363071699	82.669833	1		
AG-894-P05_a22_gnd020	AG-894-P05	AG-894-P05_a22_gnd020	0.182450630	0.378552240	81.754937	1		
AG-894-P05_a5_gnd00000	AG-894-P05	AG-894-P05_a5_gnd00000	0.000000000	0.000299997	100.000000	1		
AG-894-P05_a5_gnd00000_p0_s5	AG-894-P05	AG-894-P05_a5_gnd00000	0.000000	0.000299997	100.000000	0	0	5
AG-894-P05_a5_gnd00000_p10_s4	AG-894-P05	AG-894-P05_a5_gnd00000	0.000000	0.000299997	100.000000	0	10	4
AG-894-P05_a5_gnd00000_p13_s3	AG-894-P05	AG-894-P05_a5_gnd00000	0.000000	0.000299997	100.000000	0	13	3
AG-894-P05_a5_gnd00000_p17_s2	AG-894-P05	AG-894-P05_a5_gnd00000	0.000000	0.000299997	100.000000	0	17	2
AG-894-P05_a5_gnd00000_p19_s1	AG-894-P05	AG-894-P05_a5_gnd00000	0.000000	0.000299997	100.000000	0	19	1
AG-894-P05_a5_gnd00005	AG-894-P05	AG-894-P05_a5_gnd00005	0.000453071	0.001414760	99.954693	1		
AG-894-P05_a5_gnd00005_p0_s5	AG-894-P05	AG-894-P05_a5_gnd00005	0.000453	0.001414760	99.954693	0	0	5
AG-894-P05_a5_gnd00005_p10_s1	AG-894-P05	AG-894-P05_a5_gnd00005	0.000453	0.001414760	99.954693	0	10	1
AG-894-P05_a5_gnd00005_p10_s3	AG-894-P05	AG-894-P05_a5_gnd00005	0.000453	0.001414760	99.954693	0	10	3
AG-894-P05_a5_gnd00005_p14_s4	AG-894-P05	AG-894-P05_a5_gnd00005	0.000453	0.001414760	99.954693	0	14	4
AG-894-P05_a5_gnd00005_p17_s2	AG-894-P05	AG-894-P05_a5_gnd00005	0.000453	0.001414760	99.954693	0	17	2
AG-894-P05_a5_gnd00010	AG-894-P05	AG-894-P05_a5_gnd00010	0.000918179	0.002481796	99.908182	1		
AG-894-P05_a5_gnd00010_p10_s1	AG-894-P05	AG-894-P05_a5_gnd00010	0.000918	0.002481796	99.908182	0	10	1
AG-894-P05_a5_gnd00010_p13_s3	AG-894-P05	AG-894-P05_a5_gnd00010	0.000918	0.002481796	99.908182	0	13	3
AG-894-P05_a5_gnd00010_p15_s5	AG-894-P05	AG-894-P05_a5_gnd00010	0.000918	0.002481796	99.908182	0	15	5
AG-894-P05_a5_gnd00010_p16_s2	AG-894-P05	AG-894-P05_a5_gnd00010	0.000918	0.002481796	99.908182	0	16	2
AG-894-P05_a5_gnd00010_p4_s4	AG-894-P05	AG-894-P05_a5_gnd00010	0.000918	0.002481796	99.908182	0	4	4
AG-894-P05_a5_gnd00020	AG-894-P05	AG-894-P05_a5_gnd00020	0.001808999	0.004724957	99.819100	1		
AG-894-P05_a5_gnd00020_p10_s2	AG-894-P05	AG-894-P05_a5_gnd00020	0.001809	0.004724957	99.819100	0	10	2
AG-894-P05_a5_gnd00020_p10_s3	AG-894-P05	AG-894-P05_a5_gnd00020	0.001809	0.004724957	99.819100	0	10	3
AG-894-P05_a5_gnd00020_p17_s1	AG-894-P05	AG-894-P05_a5_gnd00020	0.001809	0.004724957	99.819100	0	17	1
AG-894-P05_a5_gnd00020_p20_s5	AG-894-P05	AG-894-P05_a5_gnd00020	0.001809	0.004724957	99.819100	0	20	5
AG-894-P05_a5_gnd00020_p9_s4	AG-894-P05	AG-894-P05_a5_gnd00020	0.001809	0.004724957	99.819100	0	9	4
AG-894-P05_a5_gnd00030	AG-894-P05	AG-894-P05_a5_gnd00030	0.002737028	0.006794256	99.726297	1		
AG-894-P05_a5_gnd00030_p10_s4	AG-894-P05	AG-894-P05_a5_gnd00030	0.002737	0.006794256	99.726297	0	10	4
AG-894-P05_a5_gnd00030_p11_s3	AG-894-P05	AG-894-P05_a5_gnd00030	0.002737	0.006794256	99.726297	0	11	3
AG-894-P05_a5_gnd00030_p16_s1	AG-894-P05	AG-894-P05_a5_gnd00030	0.002737	0.006794256	99.726297	0	16	1
AG-894-P05_a5_gnd00030_p17_s5	AG-894-P05	AG-894-P05_a5_gnd00030	0.002737	0.006794256	99.726297	0	17	5
AG-894-P05_a5_gnd00030_p19_s2	AG-894-P05	AG-894-P05_a5_gnd00030	0.002737	0.006794256	99.726297	0	19	2
AG-894-P05_a5_gnd00040	AG-894-P05	AG-894-P05_a5_gnd00040	0.003635508	0.009091963	99.636449	1		
AG-894-P05_a5_gnd00040_p14_s2	AG-894-P05	AG-894-P05_a5_gnd00040	0.003636	0.009091963	99.636449	0	14	2
AG-894-P05_a5_gnd00040_p17_s1	AG-894-P05	AG-894-P05_a5_gnd00040	0.003636	0.009091963	99.636449	0	17	1
AG-894-P05_a5_gnd00040_p18_s3	AG-894-P05	AG-894-P05_a5_gnd00040	0.003636	0.009091963	99.636449	0	18	3
AG-894-P05_a5_gnd00040_p8_s4	AG-894-P05	AG-894-P05_a5_gnd00040	0.003636	0.009091963	99.636449	0	8	4
AG-894-P05_a5_gnd00040_p9_s5	AG-894-P05	AG-894-P05_a5_gnd00040	0.003636	0.009091963	99.636449	0	9	5
AG-894-P05_a5_gnd00050	AG-894-P05	AG-894-P05_a5_gnd00050	0.004564631	0.011290806	99.543537	1		
AG-894-P05_a5_gnd00050_p10_s1	AG-894-P05	AG-894-P05_a5_gnd00050	0.004565	0.011290806	99.543537	0	10	1
AG-894-P05_a5_gnd00050_p12_s2	AG-894-P05	AG-894-P05_a5_gnd00050	0.004565	0.011290806	99.543537	0	12	2
AG-894-P05_a5_gnd00050_p15_s4	AG-894-P05	AG-894-P05_a5_gnd00050	0.004565	0.011290806	99.543537	0	15	4
AG-894-P05_a5_gnd00050_p15_s5	AG-894-P05	AG-894-P05_a5_gnd00050	0.004565	0.011290806	99.543537	0	15	5
AG-894-P05_a5_gnd00050_p17_s3	AG-894-P05	AG-894-P05_a5_gnd00050	0.004565	0.011290806	99.543537	0	17	3
AG-894-P05_a5_gnd00060	AG-894-P05	AG-894-P05_a5_gnd00060	0.005451073	0.013418060	99.454893	1		
AG-894-P05_a5_gnd00060_p10_s2	AG-894-P05	AG-894-P05_a5_gnd00060	0.005451	0.013418060	99.454893	0	10	2
AG-894-P05_a5_gnd00060_p11_s5	AG-894-P05	AG-894-P05_a5_gnd00060	0.005451	0.013418060	99.454893	0	11	5
AG-894-P05_a5_gnd00060_p16_s3	AG-894-P05	AG-894-P05_a5_gnd00060	0.005451	0.013418060	99.454893	0	16	3
AG-894-P05_a5_gnd00060_p16_s4	AG-894-P05	AG-894-P05_a5_gnd00060	0.005451	0.013418060	99.454893	0	16	4
AG-894-P05_a5_gnd00060_p8_s1	AG-894-P05	AG-894-P05_a5_gnd00060	0.005451	0.013418060	99.454893	0	8	1
AG-894-P05_a5_gnd00070	AG-894-P05	AG-894-P05_a5_gnd00070	0.006373630	0.015824856	99.362637	1		
AG-894-P05_a5_gnd00070_p10_s5	AG-894-P05	AG-894-P05_a5_gnd00070	0.006374	0.015824856	99.362637	0	10	5
AG-894-P05_a5_gnd00070_p11_s1	AG-894-P05	AG-894-P05_a5_gnd00070	0.006374	0.015824856	99.362637	0	11	1
AG-894-P05_a5_gnd00070_p12_s4	AG-894-P05	AG-894-P05_a5_gnd00070	0.006374	0.015824856	99.362637	0	12	4
AG-894-P05_a5_gnd00070_p19_s2	AG-894-P05	AG-894-P05_a5_gnd00070	0.006374	0.015824856	99.362637	0	19	2
AG-894-P05_a5_gnd00070_p7_s3	AG-894-P05	AG-894-P05_a5_gnd00070	0.006374	0.015824856	99.362637	0	7	3
AG-894-P05_a5_gnd00080	AG-894-P05	AG-894-P05_a5_gnd00080	0.007329018	0.017880519	99.267098	1		
AG-894-P05_a5_gnd00080_p17_s2	AG-894-P05	AG-894-P05_a5_gnd00080	0.007329	0.017880519	99.267098	0	17	2
AG-894-P05_a5_gnd00080_p18_s4	AG-894-P05	AG-894-P05_a5_gnd00080	0.007329	0.017880519	99.267098	0	18	4
AG-894-P05_a5_gnd00080_p19_s1	AG-894-P05	AG-894-P05_a5_gnd00080	0.007329	0.017880519	99.267098	0	19	1
AG-894-P05_a5_gnd00080_p20_s3	AG-894-P05	AG-894-P05_a5_gnd00080	0.007329	0.017880519	99.267098	0	20	3
AG-894-P05_a5_gnd00080_p20_s5	AG-894-P05	AG-894-P05_a5_gnd00080	0.007329	0.017880519	99.267098	0	20	5
AG-894-P05_a5_gnd00090	AG-894-P05	AG-894-P05_a5_gnd00090	0.008220932	0.019936182	99.177907	1		
AG-894-P05_a5_gnd00090_p11_s2	AG-894-P05	AG-894-P05_a5_gnd00090	0.008221	0.019936182	99.177907	0	11	2
AG-894-P05_a5_gnd00090_p11_s5	AG-894-P05	AG-894-P05_a5_gnd00090	0.008221	0.019936182	99.177907	0	11	5
AG-894-P05_a5_gnd00090_p13_s3	AG-894-P05	AG-894-P05_a5_gnd00090	0.008221	0.019936182	99.177907	0	13	3
AG-894-P05_a5_gnd00090_p15_s1	AG-894-P05	AG-894-P05_a5_gnd00090	0.008221	0.019936182	99.177907	0	15	1
AG-894-P05_a5_gnd00090_p19_s4	AG-894-P05	AG-894-P05_a5_gnd00090	0.008221	0.019936182	99.177907	0	19	4
AG-894-P05_a5_gnd001	AG-894-P05	AG-894-P05_a5_gnd001	0.009089864	0.022377069	99.091014	1		
AG-894-P05_a5_gnd001_p0_s5	AG-894-P05	AG-894-P05_a5_gnd001	0.009090	0.022377069	99.091014	0	0	5
AG-894-P05_a5_gnd001_p13_s1	AG-894-P05	AG-894-P05_a5_gnd001	0.009090	0.022377069	99.091014	0	13	1
AG-894-P05_a5_gnd001_p13_s4	AG-894-P05	AG-894-P05_a5_gnd001	0.009090	0.022377069	99.091014	0	13	4
AG-894-P05_a5_gnd001_p16_s2	AG-894-P05	AG-894-P05_a5_gnd001	0.009090	0.022377069	99.091014	0	16	2
AG-894-P05_a5_gnd001_p9_s3	AG-894-P05	AG-894-P05_a5_gnd001	0.009090	0.022377069	99.091014	0	9	3
AG-894-P05_a5_gnd002	AG-894-P05	AG-894-P05_a5_gnd002	0.018299016	0.044048463	98.170098	1		
AG-894-P05_a5_gnd002_p0_s2	AG-894-P05	AG-894-P05_a5_gnd002	0.018299	0.044048463	98.170098	0	0	2
AG-894-P05_a5_gnd002_p11_s1	AG-894-P05	AG-894-P05_a5_gnd002	0.018299	0.044048463	98.170098	0	11	1
AG-894-P05_a5_gnd002_p15_s3	AG-894-P05	AG-894-P05_a5_gnd002	0.018299	0.044048463	98.170098	0	15	3
AG-894-P05_a5_gnd002_p20_s4	AG-894-P05	AG-894-P05_a5_gnd002	0.018299	0.044048463	98.170098	0	20	4
AG-894-P05_a5_gnd002_p3_s5	AG-894-P05	AG-894-P05_a5_gnd002	0.018299	0.044048463	98.170098	0	3	5
AG-894-P05_a5_gnd003	AG-894-P05	AG-894-P05_a5_gnd003	0.027288198	0.064509641	97.271180	1		
AG-894-P05_a5_gnd003_p0_s2	AG-894-P05	AG-894-P05_a5_gnd003	0.027288	0.064509641	97.271180	0	0	2
AG-894-P05_a5_gnd003_p13_s4	AG-894-P05	AG-894-P05_a5_gnd003	0.027288	0.064509641	97.271180	0	13	4
AG-894-P05_a5_gnd003_p16_s5	AG-894-P05	AG-894-P05_a5_gnd003	0.027288	0.064509641	97.271180	0	16	5
AG-894-P05_a5_gnd003_p1_s1	AG-894-P05	AG-894-P05_a5_gnd003	0.027288	0.064509641	97.271180	0	1	1
AG-894-P05_a5_gnd003_p9_s3	AG-894-P05	AG-894-P05_a5_gnd003	0.027288	0.064509641	97.271180	0	9	3
AG-894-P05_a5_gnd004	AG-894-P05	AG-894-P05_a5_gnd004	0.036479839	0.086208307	96.352016	1		
AG-894-P05_a5_gnd004_p2_s1	AG-894-P05	AG-894-P05_a5_gnd004	0.036480	0.086208307	96.352016	0	2	1
AG-894-P05_a5_gnd004_p3_s5	AG-894-P05	AG-894-P05_a5_gnd004	0.036480	0.086208307	96.352016	0	3	5
AG-894-P05_a5_gnd004_p5_s2	AG-894-P05	AG-894-P05_a5_gnd004	0.036480	0.086208307	96.352016	0	5	2
AG-894-P05_a5_gnd004_p5_s3	AG-894-P05	AG-894-P05_a5_gnd004	0.036480	0.086208307	96.352016	0	5	3
AG-894-P05_a5_gnd004_p8_s4	AG-894-P05	AG-894-P05_a5_gnd004	0.036480	0.086208307	96.352016	0	8	4
AG-894-P05_a5_gnd005	AG-894-P05	AG-894-P05_a5_gnd005	0.045630988	0.106642212	95.436901	1		
AG-894-P05_a5_gnd005_p11_s5	AG-894-P05	AG-894-P05_a5_gnd005	0.045631	0.106642212	95.436901	0	11	5
AG-894-P05_a5_gnd005_p13_s1	AG-894-P05	AG-894-P05_a5_gnd005	0.045631	0.106642212	95.436901	0	13	1
AG-894-P05_a5_gnd005_p13_s2	AG-894-P05	AG-894-P05_a5_gnd005	0.045631	0.106642212	95.436901	0	13	2
AG-894-P05_a5_gnd005_p13_s3	AG-894-P05	AG-894-P05_a5_gnd005	0.045631	0.106642212	95.436901	0	13	3
AG-894-P05_a5_gnd005_p3_s4	AG-894-P05	AG-894-P05_a5_gnd005	0.045631	0.106642212	95.436901	0	3	4
AG-894-P05_a5_gnd006	AG-894-P05	AG-894-P05_a5_gnd006	0.054656285	0.127236343	94.534372	1		
AG-894-P05_a5_gnd006_p0_s5	AG-894-P05	AG-894-P05_a5_gnd006	0.054656	0.127236343	94.534372	0	0	5
AG-894-P05_a5_gnd006_p20_s4	AG-894-P05	AG-894-P05_a5_gnd006	0.054656	0.127236343	94.534372	0	20	4
AG-894-P05_a5_gnd006_p2_s2	AG-894-P05	AG-894-P05_a5_gnd006	0.054656	0.127236343	94.534372	0	2	2
AG-894-P05_a5_gnd006_p6_s1	AG-894-P05	AG-894-P05_a5_gnd006	0.054656	0.127236343	94.534372	0	6	1
AG-894-P05_a5_gnd006_p8_s3	AG-894-P05	AG-894-P05_a5_gnd006	0.054656	0.127236343	94.534372	0	8	3
AG-894-P05_a5_gnd007	AG-894-P05	AG-894-P05_a5_gnd007	0.063787735	0.146238443	93.621226	1		
AG-894-P05_a5_gnd007_p12_s4	AG-894-P05	AG-894-P05_a5_gnd007	0.063788	0.146238443	93.621226	0	12	4
AG-894-P05_a5_gnd007_p14_s2	AG-894-P05	AG-894-P05_a5_gnd007	0.063788	0.146238443	93.621226	0	14	2
AG-894-P05_a5_gnd007_p15_s1	AG-894-P05	AG-894-P05_a5_gnd007	0.063788	0.146238443	93.621226	0	15	1
AG-894-P05_a5_gnd007_p17_s3	AG-894-P05	AG-894-P05_a5_gnd007	0.063788	0.146238443	93.621226	0	17	3
AG-894-P05_a5_gnd007_p8_s5	AG-894-P05	AG-894-P05_a5_gnd007	0.063788	0.146238443	93.621226	0	8	5
AG-894-P05_a5_gnd008	AG-894-P05	AG-894-P05_a5_gnd008	0.073012208	0.166181444	92.698779	1		
AG-894-P05_a5_gnd008_p11_s2	AG-894-P05	AG-894-P05_a5_gnd008	0.073012	0.166181444	92.698779	0	11	2
AG-894-P05_a5_gnd008_p15_s4	AG-894-P05	AG-894-P05_a5_gnd008	0.073012	0.166181444	92.698779	0	15	4
AG-894-P05_a5_gnd008_p16_s1	AG-894-P05	AG-894-P05_a5_gnd008	0.073012	0.166181444	92.698779	0	16	1
AG-894-P05_a5_gnd008_p16_s5	AG-894-P05	AG-894-P05_a5_gnd008	0.073012	0.166181444	92.698779	0	16	5
AG-894-P05_a5_gnd008_p17_s3	AG-894-P05	AG-894-P05_a5_gnd008	0.073012	0.166181444	92.698779	0	17	3
AG-894-P05_a5_gnd009	AG-894-P05	AG-894-P05_a5_gnd009	0.082091128	0.183935828	91.790887	1		
AG-894-P05_a5_gnd009_p10_s1	AG-894-P05	AG-894-P05_a5_gnd009	0.082091	0.183935828	91.790887	0	10	1
AG-894-P05_a5_gnd009_p13_s2	AG-894-P05	AG-894-P05_a5_gnd009	0.082091	0.183935828	91.790887	0	13	2
AG-894-P05_a5_gnd009_p13_s4	AG-894-P05	AG-894-P05_a5_gnd009	0.082091	0.183935828	91.790887	0	13	4
AG-894-P05_a5_gnd009_p17_s5	AG-894-P05	AG-894-P05_a5_gnd009	0.082091	0.183935828	91.790887	0	17	5
AG-894-P05_a5_gnd009_p7_s3	AG-894-P05	AG-894-P05_a5_gnd009	0.082091	0.183935828	91.790887	0	7	3
AG-894-P05_a5_gnd010	AG-894-P05	AG-894-P05_a5_gnd010	0.091174427	0.202941337	90.882557	1		
AG-894-P05_a5_gnd010_p0_s4	AG-894-P05	AG-894-P05_a5_gnd010	0.091174	0.202941337	90.882557	0	0	4
AG-894-P05_a5_gnd010_p11_s5	AG-894-P05	AG-894-P05_a5_gnd010	0.091174	0.202941337	90.882557	0	11	5
AG-894-P05_a5_gnd010_p12_s3	AG-894-P05	AG-894-P05_a5_gnd010	0.091174	0.202941337	90.882557	0	12	3
AG-894-P05_a5_gnd010_p13_s2	AG-894-P05	AG-894-P05_a5_gnd010	0.091174	0.202941337	90.882557	0	13	2
AG-894-P05_a5_gnd010_p20_s1	AG-894-P05	AG-894-P05_a5_gnd010	0.091174	0.202941337	90.882557	0	20	1
AG-894-P05_a5_gnd011	AG-894-P05	AG-894-P05_a5_gnd011	0.100205195	0.222158208	89.979481	1		
AG-894-P05_a5_gnd011_p13_s3	AG-894-P05	AG-894-P05_a5_gnd011	0.100205	0.222158208	89.979481	0	13	3
AG-894-P05_a5_gnd011_p18_s2	AG-894-P05	AG-894-P05_a5_gnd011	0.100205	0.222158208	89.979481	0	18	2
AG-894-P05_a5_gnd011_p18_s4	AG-894-P05	AG-894-P05_a5_gnd011	0.100205	0.222158208	89.979481	0	18	4
AG-894-P05_a5_gnd011_p7_s5	AG-894-P05	AG-894-P05_a5_gnd011	0.100205	0.222158208	89.979481	0	7	5
AG-894-P05_a5_gnd011_p9_s1	AG-894-P05	AG-894-P05_a5_gnd011	0.100205	0.222158208	89.979481	0	9	1
AG-894-P05_a5_gnd012	AG-894-P05	AG-894-P05_a5_gnd012	0.109462499	0.239281916	89.053750	1		
AG-894-P05_a5_gnd012_p15_s4	AG-894-P05	AG-894-P05_a5_gnd012	0.109462	0.239281916	89.053750	0	15	4
AG-894-P05_a5_gnd012_p15_s5	AG-894-P05	AG-894-P05_a5_gnd012	0.109462	0.239281916	89.053750	0	15	5
AG-894-P05_a5_gnd012_p19_s3	AG-894-P05	AG-894-P05_a5_gnd012	0.109462	0.239281916	89.053750	0	19	3
AG-894-P05_a5_gnd012_p7_s2	AG-894-P05	AG-894-P05_a5_gnd012	0.109462	0.239281916	89.053750	0	7	2
AG-894-P05_a5_gnd012_p9_s1	AG-894-P05	AG-894-P05_a5_gnd012	0.109462	0.239281916	89.053750	0	9	1
AG-894-P05_a5_gnd013	AG-894-P05	AG-894-P05_a5_gnd013	0.118614742	0.258410151	88.138526	1		
AG-894-P05_a5_gnd013_p11_s1	AG-894-P05	AG-894-P05_a5_gnd013	0.118615	0.258410151	88.138526	0	11	1
AG-894-P05_a5_gnd013_p13_s3	AG-894-P05	AG-894-P05_a5_gnd013	0.118615	0.258410151	88.138526	0	13	3
AG-894-P05_a5_gnd013_p15_s5	AG-894-P05	AG-894-P05_a5_gnd013	0.118615	0.258410151	88.138526	0	15	5
AG-894-P05_a5_gnd013_p16_s4	AG-894-P05	AG-894-P05_a5_gnd013	0.118615	0.258410151	88.138526	0	16	4
AG-894-P05_a5_gnd013_p9_s2	AG-894-P05	AG-894-P05_a5_gnd013	0.118615	0.258410151	88.138526	0	9	2
AG-894-P05_a5_gnd014	AG-894-P05	AG-894-P05_a5_gnd014	0.127569999	0.275264543	87.243000	1		
AG-894-P05_a5_gnd014_p10_s2	AG-894-P05	AG-894-P05_a5_gnd014	0.127570	0.275264543	87.243000	0	10	2
AG-894-P05_a5_gnd014_p10_s5	AG-894-P05	AG-894-P05_a5_gnd014	0.127570	0.275264543	87.243000	0	10	5
AG-894-P05_a5_gnd014_p11_s4	AG-894-P05	AG-894-P05_a5_gnd014	0.127570	0.275264543	87.243000	0	11	4
AG-894-P05_a5_gnd014_p14_s1	AG-894-P05	AG-894-P05_a5_gnd014	0.127570	0.275264543	87.243000	0	14	1
AG-894-P05_a5_gnd014_p19_s3	AG-894-P05	AG-894-P05_a5_gnd014	0.127570	0.275264543	87.243000	0	19	3
AG-894-P05_a5_gnd015	AG-894-P05	AG-894-P05_a5_gnd015	0.136764923	0.291655303	86.323508	1		
AG-894-P05_a5_gnd015_p16_s1	AG-894-P05	AG-894-P05_a5_gnd015	0.136765	0.291655303	86.323508	0	16	1
AG-894-P05_a5_gnd015_p1_s4	AG-894-P05	AG-894-P05_a5_gnd015	0.136765	0.291655303	86.323508	0	1	4
AG-894-P05_a5_gnd015_p20_s2	AG-894-P05	AG-894-P05_a5_gnd015	0.136765	0.291655303	86.323508	0	20	2
AG-894-P05_a5_gnd015_p9_s3	AG-894-P05	AG-894-P05_a5_gnd015	0.136765	0.291655303	86.323508	0	9	3
AG-894-P05_a5_gnd015_p9_s5	AG-894-P05	AG-894-P05_a5_gnd015	0.136765	0.291655303	86.323508	0	9	5
AG-894-P05_a5_gnd016	AG-894-P05	AG-894-P05_a5_gnd016	0.145992679	0.309000600	85.400732	1		
AG-894-P05_a5_gnd016_p10_s5	AG-894-P05	AG-894-P05_a5_gnd016	0.145993	0.309000600	85.400732	0	10	5
AG-894-P05_a5_gnd016_p16_s3	AG-894-P05	AG-894-P05_a5_gnd016	0.145993	0.309000600	85.400732	0	16	3
AG-894-P05_a5_gnd016_p2_s4	AG-894-P05	AG-894-P05_a5_gnd016	0.145993	0.309000600	85.400732	0	2	4
AG-894-P05_a5_gnd016_p6_s2	AG-894-P05	AG-894-P05_a5_gnd016	0.145993	0.309000600	85.400732	0	6	2
AG-894-P05_a5_gnd016_p7_s1	AG-894-P05	AG-894-P05_a5_gnd016	0.145993	0.309000600	85.400732	0	7	1
AG-894-P05_a5_gnd017	AG-894-P05	AG-894-P05_a5_gnd017	0.155175565	0.325016363	84.482444	1		
AG-894-P05_a5_gnd017_p0_s5	AG-894-P05	AG-894-P05_a5_gnd017	0.155176	0.325016363	84.482444	0	0	5
AG-894-P05_a5_gnd017_p13_s3	AG-894-P05	AG-894-P05_a5_gnd017	0.155176	0.325016363	84.482444	0	13	3
AG-894-P05_a5_gnd017_p17_s1	AG-894-P05	AG-894-P05_a5_gnd017	0.155176	0.325016363	84.482444	0	17	1
AG-894-P05_a5_gnd017_p18_s2	AG-894-P05	AG-894-P05_a5_gnd017	0.155176	0.325016363	84.482444	0	18	2
AG-894-P05_a5_gnd017_p19_s4	AG-894-P05	AG-894-P05_a5_gnd017	0.155176	0.325016363	84.482444	0	19	4
AG-894-P05_a5_gnd018	AG-894-P05	AG-894-P05_a5_gnd018	0.164175691	0.341396896	83.582431	1		
AG-894-P05_a5_gnd018_p10_s4	AG-894-P05	AG-894-P05_a5_gnd018	0.164176	0.341396896	83.582431	0	10	4
AG-894-P05_a5_gnd018_p13_s2	AG-894-P05	AG-894-P05_a5_gnd018	0.164176	0.341396896	83.582431	0	13	2
AG-894-P05_a5_gnd018_p16_s5	AG-894-P05	AG-894-P05_a5_gnd018	0.164176	0.341396896	83.582431	0	16	5
AG-894-P05_a5_gnd018_p6_s3	AG-894-P05	AG-894-P05_a5_gnd018	0.164176	0.341396896	83.582431	0	6	3
AG-894-P05_a5_gnd018_p9_s1	AG-894-P05	AG-894-P05_a5_gnd018	0.164176	0.341396896	83.582431	0	9	1
AG-894-P05_a5_gnd019	AG-894-P05	AG-894-P05_a5_gnd019	0.173695644	0.357139935	82.630436	1		
AG-894-P05_a5_gnd019_p10_s1	AG-894-P05	AG-894-P05_a5_gnd019	0.173696	0.357139935	82.630436	0	10	1
AG-894-P05_a5_gnd019_p11_s2	AG-894-P05	AG-894-P05_a5_gnd019	0.173696	0.357139935	82.630436	0	11	2
AG-894-P05_a5_gnd019_p18_s3	AG-894-P05	AG-894-P05_a5_gnd019	0.173696	0.357139935	82.630436	0	18	3
AG-894-P05_a5_gnd019_p20_s4	AG-894-P05	AG-894-P05_a5_gnd019	0.173696	0.357139935	82.630436	0	20	4
AG-894-P05_a5_gnd019_p20_s5	AG-894-P05	AG-894-P05_a5_gnd019	0.173696	0.357139935	82.630436	0	20	5
AG-894-P05_a5_gnd020	AG-894-P05	AG-894-P05_a5_gnd020	0.182598370	0.372542068	81.740163	1		
AG-894-P05_a5_gnd020_p14_s3	AG-894-P05	AG-894-P05_a5_gnd020	0.182598	0.372542068	81.740163	0	14	3
AG-894-P05_a5_gnd020_p16_s2	AG-894-P05	AG-894-P05_a5_gnd020	0.182598	0.372542068	81.740163	0	16	2
AG-894-P05_a5_gnd020_p19_s4	AG-894-P05	AG-894-P05_a5_gnd020	0.182598	0.372542068	81.740163	0	19	4
AG-894-P05_a5_gnd020_p4_s5	AG-894-P05	AG-894-P05_a5_gnd020	0.182598	0.372542068	81.740163	0	4	5
AG-894-P05_a5_gnd020_p9_s1	AG-894-P05	AG-894-P05_a5_gnd020	0.182598	0.372542068	81.740163	0	9	1
AG-899-G06_a22_gnd00000	AG-899-G06	AG-899-G06_a22_gnd00000	0.000000000	0.000285325	100.000000	1		
AG-899-G06_a22_gnd00005	AG-899-G06	AG-899-G06_a22_gnd00005	0.000455907	0.001423419	99.954409	1		
AG-899-G06_a22_gnd00010	AG-899-G06	AG-899-G06_a22_gnd00010	0.000911815	0.002478160	99.908819	1		
AG-899-G06_a22_gnd00020	AG-899-G06	AG-899-G06_a22_gnd00020	0.001837039	0.004770377	99.816296	1		
AG-899-G06_a22_gnd00030	AG-899-G06	AG-899-G06_a22_gnd00030	0.002749885	0.007004889	99.725011	1		
AG-899-G06_a22_gnd00040	AG-899-G06	AG-899-G06_a22_gnd00040	0.003647260	0.009127194	99.635274	1		
AG-899-G06_a22_gnd00050	AG-899-G06	AG-899-G06_a22_gnd00050	0.004560106	0.011332852	99.543989	1		
AG-899-G06_a22_gnd00060	AG-899-G06	AG-899-G06_a22_gnd00060	0.005471921	0.013339745	99.452808	1		
AG-899-G06_a22_gnd00070	AG-899-G06	AG-899-G06_a22_gnd00070	0.006396113	0.015683257	99.360389	1		
AG-899-G06_a22_gnd00080	AG-899-G06	AG-899-G06_a22_gnd00080	0.007320306	0.018087681	99.267969	1		
AG-899-G06_a22_gnd00090	AG-899-G06	AG-899-G06_a22_gnd00090	0.008212523	0.020120221	99.178748	1		
AG-899-G06_a22_gnd001	AG-899-G06	AG-899-G06_a22_gnd001	0.009153219	0.022540675	99.084678	1		
AG-899-G06_a22_gnd002	AG-899-G06	AG-899-G06_a22_gnd002	0.018257959	0.043907991	98.174204	1		
AG-899-G06_a22_gnd003	AG-899-G06	AG-899-G06_a22_gnd003	0.027446248	0.064788010	97.255375	1		
AG-899-G06_a22_gnd004	AG-899-G06	AG-899-G06_a22_gnd004	0.036537579	0.086363709	96.346242	1		
AG-899-G06_a22_gnd005	AG-899-G06	AG-899-G06_a22_gnd005	0.045692861	0.107032139	95.430714	1		
AG-899-G06_a22_gnd006	AG-899-G06	AG-899-G06_a22_gnd006	0.054830608	0.127472950	94.516939	1		
AG-899-G06_a22_gnd007	AG-899-G06	AG-899-G06_a22_gnd007	0.064041589	0.146759638	93.595841	1		
AG-899-G06_a22_gnd008	AG-899-G06	AG-899-G06_a22_gnd008	0.072918375	0.166389356	92.708162	1		
AG-899-G06_a22_gnd009	AG-899-G06	AG-899-G06_a22_gnd009	0.082236628	0.186714755	91.776337	1		
AG-899-G06_a22_gnd010	AG-899-G06	AG-899-G06_a22_gnd010	0.091209341	0.204295904	90.879066	1		
AG-899-G06_a22_gnd011	AG-899-G06	AG-899-G06_a22_gnd011	0.100511091	0.223326120	89.948891	1		
AG-899-G06_a22_gnd012	AG-899-G06	AG-899-G06_a22_gnd012	0.109741670	0.242250541	89.025833	1		
AG-899-G06_a22_gnd013	AG-899-G06	AG-899-G06_a22_gnd013	0.118814434	0.261053138	88.118557	1		
AG-899-G06_a22_gnd014	AG-899-G06	AG-899-G06_a22_gnd014	0.128004786	0.278284844	87.199521	1		
AG-899-G06_a22_gnd015	AG-899-G06	AG-899-G06_a22_gnd015	0.137206484	0.296138495	86.279352	1		
AG-899-G06_a22_gnd016	AG-899-G06	AG-899-G06_a22_gnd016	0.146204983	0.313344554	85.379502	1		
AG-899-G06_a22_gnd017	AG-899-G06	AG-899-G06_a22_gnd017	0.155488167	0.330589084	84.451183	1		
AG-899-G06_a22_gnd018	AG-899-G06	AG-899-G06_a22_gnd018	0.164541333	0.346240282	83.545867	1		
AG-899-G06_a22_gnd019	AG-899-G06	AG-899-G06_a22_gnd019	0.173779132	0.363019957	82.622087	1		
AG-899-G06_a22_gnd020	AG-899-G06	AG-899-G06_a22_gnd020	0.182987019	0.379091128	81.701298	1		
AG-899-G06_a5_gnd00000	AG-899-G06	AG-899-G06_a5_gnd00000	0.000000000	0.000285325	100.000000	1		
AG-899-G06_a5_gnd00000_p13_s1	AG-899-G06	AG-899-G06_a5_gnd00000	0.000000	0.000285325	100.000000	0	13	1
AG-899-G06_a5_gnd00000_p16_s5	AG-899-G06	AG-899-G06_a5_gnd00000	0.000000	0.000285325	100.000000	0	16	5
AG-899-G06_a5_gnd00000_p18_s2	AG-899-G06	AG-899-G06_a5_gnd00000	0.000000	0.000285325	100.000000	0	18	2
AG-899-G06_a5_gnd00000_p18_s3	AG-899-G06	AG-899-G06_a5_gnd00000	0.000000	0.000285325	100.000000	0	18	3
AG-899-G06_a5_gnd00000_p20_s4	AG-899-G06	AG-899-G06_a5_gnd00000	0.000000	0.000285325	100.000000	0	20	4
AG-899-G06_a5_gnd00005	AG-899-G06	AG-899-G06_a5_gnd00005	0.000466222	0.001433037	99.953378	1		
AG-899-G06_a5_gnd00005_p13_s2	AG-899-G06	AG-899-G06_a5_gnd00005	0.000466	0.001433037	99.953378	0	13	2
AG-899-G06_a5_gnd00005_p14_s1	AG-899-G06	AG-899-G06_a5_gnd00005	0.000466	0.001433037	99.953378	0	14	1
AG-899-G06_a5_gnd00005_p15_s3	AG-899-G06	AG-899-G06_a5_gnd00005	0.000466	0.001433037	99.953378	0	15	3
AG-899-G06_a5_gnd00005_p19_s5	AG-899-G06	AG-899-G06_a5_gnd00005	0.000466	0.001433037	99.953378	0	19	5
AG-899-G06_a5_gnd00005_p7_s4	AG-899-G06	AG-899-G06_a5_gnd00005	0.000466	0.001433037	99.953378	0	7	4
AG-899-G06_a5_gnd00010	AG-899-G06	AG-899-G06_a5_gnd00010	0.000914909	0.002474954	99.908509	1		
AG-899-G06_a5_gnd00010_p0_s1	AG-899-G06	AG-899-G06_a5_gnd00010	0.000915	0.002474954	99.908509	0	0	1
AG-899-G06_a5_gnd00010_p0_s2	AG-899-G06	AG-899-G06_a5_gnd00010	0.000915	0.002474954	99.908509	0	0	2
AG-899-G06_a5_gnd00010_p12_s3	AG-899-G06	AG-899-G06_a5_gnd00010	0.000915	0.002474954	99.908509	0	12	3
AG-899-G06_a5_gnd00010_p13_s5	AG-899-G06	AG-899-G06_a5_gnd00010	0.000915	0.002474954	99.908509	0	13	5
AG-899-G06_a5_gnd00010_p18_s4	AG-899-G06	AG-899-G06_a5_gnd00010	0.000915	0.002474954	99.908509	0	18	4
AG-899-G06_a5_gnd00020	AG-899-G06	AG-899-G06_a5_gnd00020	0.001828787	0.004722289	99.817121	1		
AG-899-G06_a5_gnd00020_p10_s4	AG-899-G06	AG-899-G06_a5_gnd00020	0.001829	0.004722289	99.817121	0	10	4
AG-899-G06_a5_gnd00020_p10_s5	AG-899-G06	AG-899-G06_a5_gnd00020	0.001829	0.004722289	99.817121	0	10	5
AG-899-G06_a5_gnd00020_p13_s3	AG-899-G06	AG-899-G06_a5_gnd00020	0.001829	0.004722289	99.817121	0	13	3
AG-899-G06_a5_gnd00020_p20_s2	AG-899-G06	AG-899-G06_a5_gnd00020	0.001829	0.004722289	99.817121	0	20	2
AG-899-G06_a5_gnd00020_p7_s1	AG-899-G06	AG-899-G06_a5_gnd00020	0.001829	0.004722289	99.817121	0	7	1
AG-899-G06_a5_gnd00030	AG-899-G06	AG-899-G06_a5_gnd00030	0.002740602	0.006979242	99.725940	1		
AG-899-G06_a5_gnd00030_p10_s5	AG-899-G06	AG-899-G06_a5_gnd00030	0.002741	0.006979242	99.725940	0	10	5
AG-899-G06_a5_gnd00030_p18_s1	AG-899-G06	AG-899-G06_a5_gnd00030	0.002741	0.006979242	99.725940	0	18	1
AG-899-G06_a5_gnd00030_p18_s2	AG-899-G06	AG-899-G06_a5_gnd00030	0.002741	0.006979242	99.725940	0	18	2
AG-899-G06_a5_gnd00030_p8_s3	AG-899-G06	AG-899-G06_a5_gnd00030	0.002741	0.006979242	99.725940	0	8	3
AG-899-G06_a5_gnd00030_p9_s4	AG-899-G06	AG-899-G06_a5_gnd00030	0.002741	0.006979242	99.725940	0	9	4
AG-899-G06_a5_gnd00040	AG-899-G06	AG-899-G06_a5_gnd00040	0.003634882	0.009011782	99.636512	1		
AG-899-G06_a5_gnd00040_p12_s4	AG-899-G06	AG-899-G06_a5_gnd00040	0.003635	0.009011782	99.636512	0	12	4
AG-899-G06_a5_gnd00040_p13_s2	AG-899-G06	AG-899-G06_a5_gnd00040	0.003635	0.009011782	99.636512	0	13	2
AG-899-G06_a5_gnd00040_p16_s1	AG-899-G06	AG-899-G06_a5_gnd00040	0.003635	0.009011782	99.636512	0	16	1
AG-899-G06_a5_gnd00040_p20_s5	AG-899-G06	AG-899-G06_a5_gnd00040	0.003635	0.009011782	99.636512	0	20	5
AG-899-G06_a5_gnd00040_p4_s3	AG-899-G06	AG-899-G06_a5_gnd00040	0.003635	0.009011782	99.636512	0	4	3
AG-899-G06_a5_gnd00050	AG-899-G06	AG-899-G06_a5_gnd00050	0.004577641	0.011342470	99.542236	1		
AG-899-G06_a5_gnd00050_p10_s4	AG-899-G06	AG-899-G06_a5_gnd00050	0.004578	0.011342470	99.542236	0	10	4
AG-899-G06_a5_gnd00050_p12_s2	AG-899-G06	AG-899-G06_a5_gnd00050	0.004578	0.011342470	99.542236	0	12	2
AG-899-G06_a5_gnd00050_p17_s3	AG-899-G06	AG-899-G06_a5_gnd00050	0.004578	0.011342470	99.542236	0	17	3
AG-899-G06_a5_gnd00050_p9_s1	AG-899-G06	AG-899-G06_a5_gnd00050	0.004578	0.011342470	99.542236	0	9	1
AG-899-G06_a5_gnd00050_p9_s5	AG-899-G06	AG-899-G06_a5_gnd00050	0.004578	0.011342470	99.542236	0	9	5
AG-899-G06_a5_gnd00060	AG-899-G06	AG-899-G06_a5_gnd00060	0.005473984	0.013349363	99.452602	1		
AG-899-G06_a5_gnd00060_p11_s2	AG-899-G06	AG-899-G06_a5_gnd00060	0.005474	0.013349363	99.452602	0	11	2
AG-899-G06_a5_gnd00060_p14_s3	AG-899-G06	AG-899-G06_a5_gnd00060	0.005474	0.013349363	99.452602	0	14	3
AG-899-G06_a5_gnd00060_p17_s4	AG-899-G06	AG-899-G06_a5_gnd00060	0.005474	0.013349363	99.452602	0	17	4
AG-899-G06_a5_gnd00060_p1_s5	AG-899-G06	AG-899-G06_a5_gnd00060	0.005474	0.013349363	99.452602	0	1	5
AG-899-G06_a5_gnd00060_p8_s1	AG-899-G06	AG-899-G06_a5_gnd00060	0.005474	0.013349363	99.452602	0	8	1
AG-899-G06_a5_gnd00070	AG-899-G06	AG-899-G06_a5_gnd00070	0.006398176	0.015699287	99.360182	1		
AG-899-G06_a5_gnd00070_p10_s3	AG-899-G06	AG-899-G06_a5_gnd00070	0.006398	0.015699287	99.360182	0	10	3
AG-899-G06_a5_gnd00070_p13_s1	AG-899-G06	AG-899-G06_a5_gnd00070	0.006398	0.015699287	99.360182	0	13	1
AG-899-G06_a5_gnd00070_p14_s4	AG-899-G06	AG-899-G06_a5_gnd00070	0.006398	0.015699287	99.360182	0	14	4
AG-899-G06_a5_gnd00070_p19_s5	AG-899-G06	AG-899-G06_a5_gnd00070	0.006398	0.015699287	99.360182	0	19	5
AG-899-G06_a5_gnd00070_p20_s2	AG-899-G06	AG-899-G06_a5_gnd00070	0.006398	0.015699287	99.360182	0	20	2
AG-899-G06_a5_gnd00080	AG-899-G06	AG-899-G06_a5_gnd00080	0.007296582	0.017763886	99.270342	1		
AG-899-G06_a5_gnd00080_p16_s4	AG-899-G06	AG-899-G06_a5_gnd00080	0.007297	0.017763886	99.270342	0	16	4
AG-899-G06_a5_gnd00080_p17_s1	AG-899-G06	AG-899-G06_a5_gnd00080	0.007297	0.017763886	99.270342	0	17	1
AG-899-G06_a5_gnd00080_p18_s5	AG-899-G06	AG-899-G06_a5_gnd00080	0.007297	0.017763886	99.270342	0	18	5
AG-899-G06_a5_gnd00080_p20_s3	AG-899-G06	AG-899-G06_a5_gnd00080	0.007297	0.017763886	99.270342	0	20	3
AG-899-G06_a5_gnd00080_p9_s2	AG-899-G06	AG-899-G06_a5_gnd00080	0.007297	0.017763886	99.270342	0	9	2
AG-899-G06_a5_gnd00090	AG-899-G06	AG-899-G06_a5_gnd00090	0.008225932	0.020046486	99.177407	1		
AG-899-G06_a5_gnd00090_p10_s3	AG-899-G06	AG-899-G06_a5_gnd00090	0.008226	0.020046486	99.177407	0	10	3
AG-899-G06_a5_gnd00090_p11_s4	AG-899-G06	AG-899-G06_a5_gnd00090	0.008226	0.020046486	99.177407	0	11	4
AG-899-G06_a5_gnd00090_p13_s2	AG-899-G06	AG-899-G06_a5_gnd00090	0.008226	0.020046486	99.177407	0	13	2
AG-899-G06_a5_gnd00090_p8_s1	AG-899-G06	AG-899-G06_a5_gnd00090	0.008226	0.020046486	99.177407	0	8	1
AG-899-G06_a5_gnd00090_p9_s5	AG-899-G06	AG-899-G06_a5_gnd00090	0.008226	0.020046486	99.177407	0	9	5
AG-899-G06_a5_gnd001	AG-899-G06	AG-899-G06_a5_gnd001	0.009127432	0.022095055	99.087257	1		
AG-899-G06_a5_gnd001_p0_s4	AG-899-G06	AG-899-G06_a5_gnd001	0.009127	0.022095055	99.087257	0	0	4
AG-899-G06_a5_gnd001_p14_s3	AG-899-G06	AG-899-G06_a5_gnd001	0.009127	0.022095055	99.087257	0	14	3
AG-899-G06_a5_gnd001_p16_s1	AG-899-G06	AG-899-G06_a5_gnd001	0.009127	0.022095055	99.087257	0	16	1
AG-899-G06_a5_gnd001_p19_s5	AG-899-G06	AG-899-G06_a5_gnd001	0.009127	0.022095055	99.087257	0	19	5
AG-899-G06_a5_gnd001_p9_s2	AG-899-G06	AG-899-G06_a5_gnd001	0.009127	0.022095055	99.087257	0	9	2
AG-899-G06_a5_gnd002	AG-899-G06	AG-899-G06_a5_gnd002	0.018286840	0.043590607	98.171316	1		
AG-899-G06_a5_gnd002_p14_s2	AG-899-G06	AG-899-G06_a5_gnd002	0.018287	0.043590607	98.171316	0	14	2
AG-899-G06_a5_gnd002_p18_s1	AG-899-G06	AG-899-G06_a5_gnd002	0.018287	0.043590607	98.171316	0	18	1
AG-899-G06_a5_gnd002_p18_s4	AG-899-G06	AG-899-G06_a5_gnd002	0.018287	0.043590607	98.171316	0	18	4
AG-899-G06_a5_gnd002_p20_s3	AG-899-G06	AG-899-G06_a5_gnd002	0.018287	0.043590607	98.171316	0	20	3
AG-899-G06_a5_gnd002_p20_s5	AG-899-G06	AG-899-G06_a5_gnd002	0.018287	0.043590607	98.171316	0	20	5
AG-899-G06_a5_gnd003	AG-899-G06	AG-899-G06_a5_gnd003	0.027457594	0.065333013	97.254241	1		
AG-899-G06_a5_gnd003_p10_s4	AG-899-G06	AG-899-G06_a5_gnd003	0.027458	0.065333013	97.254241	0	10	4
AG-899-G06_a5_gnd003_p16_s3	AG-899-G06	AG-899-G06_a5_gnd003	0.027458	0.065333013	97.254241	0	16	3
AG-899-G06_a5_gnd003_p17_s1	AG-899-G06	AG-899-G06_a5_gnd003	0.027458	0.065333013	97.254241	0	17	1
AG-899-G06_a5_gnd003_p17_s5	AG-899-G06	AG-899-G06_a5_gnd003	0.027458	0.065333013	97.254241	0	17	5
AG-899-G06_a5_gnd003_p9_s2	AG-899-G06	AG-899-G06_a5_gnd003	0.027458	0.065333013	97.254241	0	9	2
AG-899-G06_a5_gnd004	AG-899-G06	AG-899-G06_a5_gnd004	0.036501478	0.085716118	96.349852	1		
AG-899-G06_a5_gnd004_p16_s2	AG-899-G06	AG-899-G06_a5_gnd004	0.036501	0.085716118	96.349852	0	16	2
AG-899-G06_a5_gnd004_p16_s3	AG-899-G06	AG-899-G06_a5_gnd004	0.036501	0.085716118	96.349852	0	16	3
AG-899-G06_a5_gnd004_p16_s4	AG-899-G06	AG-899-G06_a5_gnd004	0.036501	0.085716118	96.349852	0	16	4
AG-899-G06_a5_gnd004_p20_s5	AG-899-G06	AG-899-G06_a5_gnd004	0.036501	0.085716118	96.349852	0	20	5
AG-899-G06_a5_gnd004_p7_s1	AG-899-G06	AG-899-G06_a5_gnd004	0.036501	0.085716118	96.349852	0	7	1
AG-899-G06_a5_gnd005	AG-899-G06	AG-899-G06_a5_gnd005	0.045639225	0.106179370	95.436078	1		
AG-899-G06_a5_gnd005_p10_s1	AG-899-G06	AG-899-G06_a5_gnd005	0.045639	0.106179370	95.436078	0	10	1
AG-899-G06_a5_gnd005_p13_s4	AG-899-G06	AG-899-G06_a5_gnd005	0.045639	0.106179370	95.436078	0	13	4
AG-899-G06_a5_gnd005_p16_s3	AG-899-G06	AG-899-G06_a5_gnd005	0.045639	0.106179370	95.436078	0	16	3
AG-899-G06_a5_gnd005_p18_s2	AG-899-G06	AG-899-G06_a5_gnd005	0.045639	0.106179370	95.436078	0	18	2
AG-899-G06_a5_gnd005_p18_s5	AG-899-G06	AG-899-G06_a5_gnd005	0.045639	0.106179370	95.436078	0	18	5
AG-899-G06_a5_gnd006	AG-899-G06	AG-899-G06_a5_gnd006	0.054782129	0.126559269	94.521787	1		
AG-899-G06_a5_gnd006_p11_s5	AG-899-G06	AG-899-G06_a5_gnd006	0.054782	0.126559269	94.521787	0	11	5
AG-899-G06_a5_gnd006_p13_s1	AG-899-G06	AG-899-G06_a5_gnd006	0.054782	0.126559269	94.521787	0	13	1
AG-899-G06_a5_gnd006_p13_s2	AG-899-G06	AG-899-G06_a5_gnd006	0.054782	0.126559269	94.521787	0	13	2
AG-899-G06_a5_gnd006_p16_s3	AG-899-G06	AG-899-G06_a5_gnd006	0.054782	0.126559269	94.521787	0	16	3
AG-899-G06_a5_gnd006_p18_s4	AG-899-G06	AG-899-G06_a5_gnd006	0.054782	0.126559269	94.521787	0	18	4
AG-899-G06_a5_gnd007	AG-899-G06	AG-899-G06_a5_gnd007	0.063976606	0.146842991	93.602339	1		
AG-899-G06_a5_gnd007_p15_s3	AG-899-G06	AG-899-G06_a5_gnd007	0.063977	0.146842991	93.602339	0	15	3
AG-899-G06_a5_gnd007_p16_s2	AG-899-G06	AG-899-G06_a5_gnd007	0.063977	0.146842991	93.602339	0	16	2
AG-899-G06_a5_gnd007_p20_s1	AG-899-G06	AG-899-G06_a5_gnd007	0.063977	0.146842991	93.602339	0	20	1
AG-899-G06_a5_gnd007_p20_s4	AG-899-G06	AG-899-G06_a5_gnd007	0.063977	0.146842991	93.602339	0	20	4
AG-899-G06_a5_gnd007_p20_s5	AG-899-G06	AG-899-G06_a5_gnd007	0.063977	0.146842991	93.602339	0	20	5
AG-899-G06_a5_gnd008	AG-899-G06	AG-899-G06_a5_gnd008	0.073115385	0.166027090	92.688462	1		
AG-899-G06_a5_gnd008_p12_s2	AG-899-G06	AG-899-G06_a5_gnd008	0.073115	0.166027090	92.688462	0	12	2
AG-899-G06_a5_gnd008_p15_s3	AG-899-G06	AG-899-G06_a5_gnd008	0.073115	0.166027090	92.688462	0	15	3
AG-899-G06_a5_gnd008_p19_s4	AG-899-G06	AG-899-G06_a5_gnd008	0.073115	0.166027090	92.688462	0	19	4
AG-899-G06_a5_gnd008_p8_s1	AG-899-G06	AG-899-G06_a5_gnd008	0.073115	0.166027090	92.688462	0	8	1
AG-899-G06_a5_gnd008_p8_s5	AG-899-G06	AG-899-G06_a5_gnd008	0.073115	0.166027090	92.688462	0	8	5
AG-899-G06_a5_gnd009	AG-899-G06	AG-899-G06_a5_gnd009	0.082233534	0.184964334	91.776647	1		
AG-899-G06_a5_gnd009_p0_s3	AG-899-G06	AG-899-G06_a5_gnd009	0.082234	0.184964334	91.776647	0	0	3
AG-899-G06_a5_gnd009_p13_s4	AG-899-G06	AG-899-G06_a5_gnd009	0.082234	0.184964334	91.776647	0	13	4
AG-899-G06_a5_gnd009_p14_s1	AG-899-G06	AG-899-G06_a5_gnd009	0.082234	0.184964334	91.776647	0	14	1
AG-899-G06_a5_gnd009_p14_s2	AG-899-G06	AG-899-G06_a5_gnd009	0.082234	0.184964334	91.776647	0	14	2
AG-899-G06_a5_gnd009_p20_s5	AG-899-G06	AG-899-G06_a5_gnd009	0.082234	0.184964334	91.776647	0	20	5
AG-899-G06_a5_gnd010	AG-899-G06	AG-899-G06_a5_gnd010	0.091382627	0.203523283	90.861737	1		
AG-899-G06_a5_gnd010_p0_s3	AG-899-G06	AG-899-G06_a5_gnd010	0.091383	0.203523283	90.861737	0	0	3
AG-899-G06_a5_gnd010_p10_s5	AG-899-G06	AG-899-G06_a5_gnd010	0.091383	0.203523283	90.861737	0	10	5
AG-899-G06_a5_gnd010_p12_s1	AG-899-G06	AG-899-G06_a5_gnd010	0.091383	0.203523283	90.861737	0	12	1
AG-899-G06_a5_gnd010_p13_s4	AG-899-G06	AG-899-G06_a5_gnd010	0.091383	0.203523283	90.861737	0	13	4
AG-899-G06_a5_gnd010_p4_s2	AG-899-G06	AG-899-G06_a5_gnd010	0.091383	0.203523283	90.861737	0	4	2
AG-899-G06_a5_gnd011	AG-899-G06	AG-899-G06_a5_gnd011	0.100373906	0.221550052	89.962609	1		
AG-899-G06_a5_gnd011_p13_s2	AG-899-G06	AG-899-G06_a5_gnd011	0.100374	0.221550052	89.962609	0	13	2
AG-899-G06_a5_gnd011_p13_s3	AG-899-G06	AG-899-G06_a5_gnd011	0.100374	0.221550052	89.962609	0	13	3
AG-899-G06_a5_gnd011_p14_s4	AG-899-G06	AG-899-G06_a5_gnd011	0.100374	0.221550052	89.962609	0	14	4
AG-899-G06_a5_gnd011_p14_s5	AG-899-G06	AG-899-G06_a5_gnd011	0.100374	0.221550052	89.962609	0	14	5
AG-899-G06_a5_gnd011_p7_s1	AG-899-G06	AG-899-G06_a5_gnd011	0.100374	0.221550052	89.962609	0	7	1
AG-899-G06_a5_gnd012	AG-899-G06	AG-899-G06_a5_gnd012	0.109789117	0.239987176	89.021088	1		
AG-899-G06_a5_gnd012_p15_s2	AG-899-G06	AG-899-G06_a5_gnd012	0.109789	0.239987176	89.021088	0	15	2
AG-899-G06_a5_gnd012_p19_s3	AG-899-G06	AG-899-G06_a5_gnd012	0.109789	0.239987176	89.021088	0	19	3
AG-899-G06_a5_gnd012_p5_s5	AG-899-G06	AG-899-G06_a5_gnd012	0.109789	0.239987176	89.021088	0	5	5
AG-899-G06_a5_gnd012_p7_s1	AG-899-G06	AG-899-G06_a5_gnd012	0.109789	0.239987176	89.021088	0	7	1
AG-899-G06_a5_gnd012_p7_s4	AG-899-G06	AG-899-G06_a5_gnd012	0.109789	0.239987176	89.021088	0	7	4
AG-899-G06_a5_gnd013	AG-899-G06	AG-899-G06_a5_gnd013	0.119006287	0.258315300	88.099371	1		
AG-899-G06_a5_gnd013_p0_s1	AG-899-G06	AG-899-G06_a5_gnd013	0.119006	0.258315300	88.099371	0	0	1
AG-899-G06_a5_gnd013_p10_s3	AG-899-G06	AG-899-G06_a5_gnd013	0.119006	0.258315300	88.099371	0	10	3
AG-899-G06_a5_gnd013_p10_s4	AG-899-G06	AG-899-G06_a5_gnd013	0.119006	0.258315300	88.099371	0	10	4
AG-899-G06_a5_gnd013_p18_s2	AG-899-G06	AG-899-G06_a5_gnd013	0.119006	0.258315300	88.099371	0	18	2
AG-899-G06_a5_gnd013_p8_s5	AG-899-G06	AG-899-G06_a5_gnd013	0.119006	0.258315300	88.099371	0	8	5
AG-899-G06_a5_gnd014	AG-899-G06	AG-899-G06_a5_gnd014	0.127960433	0.275303358	87.203957	1		
AG-899-G06_a5_gnd014_p11_s3	AG-899-G06	AG-899-G06_a5_gnd014	0.127960	0.275303358	87.203957	0	11	3
AG-899-G06_a5_gnd014_p12_s4	AG-899-G06	AG-899-G06_a5_gnd014	0.127960	0.275303358	87.203957	0	12	4
AG-899-G06_a5_gnd014_p17_s1	AG-899-G06	AG-899-G06_a5_gnd014	0.127960	0.275303358	87.203957	0	17	1
AG-899-G06_a5_gnd014_p18_s2	AG-899-G06	AG-899-G06_a5_gnd014	0.127960	0.275303358	87.203957	0	18	2
AG-899-G06_a5_gnd014_p7_s5	AG-899-G06	AG-899-G06_a5_gnd014	0.127960	0.275303358	87.203957	0	7	5
AG-899-G06_a5_gnd015	AG-899-G06	AG-899-G06_a5_gnd015	0.137225050	0.292349122	86.277495	1		
AG-899-G06_a5_gnd015_p11_s2	AG-899-G06	AG-899-G06_a5_gnd015	0.137225	0.292349122	86.277495	0	11	2
AG-899-G06_a5_gnd015_p14_s5	AG-899-G06	AG-899-G06_a5_gnd015	0.137225	0.292349122	86.277495	0	14	5
AG-899-G06_a5_gnd015_p15_s4	AG-899-G06	AG-899-G06_a5_gnd015	0.137225	0.292349122	86.277495	0	15	4
AG-899-G06_a5_gnd015_p16_s1	AG-899-G06	AG-899-G06_a5_gnd015	0.137225	0.292349122	86.277495	0	16	1
AG-899-G06_a5_gnd015_p4_s3	AG-899-G06	AG-899-G06_a5_gnd015	0.137225	0.292349122	86.277495	0	4	3
AG-899-G06_a5_gnd016	AG-899-G06	AG-899-G06_a5_gnd016	0.146124529	0.309019796	85.387547	1		
AG-899-G06_a5_gnd016_p10_s1	AG-899-G06	AG-899-G06_a5_gnd016	0.146125	0.309019796	85.387547	0	10	1
AG-899-G06_a5_gnd016_p13_s2	AG-899-G06	AG-899-G06_a5_gnd016	0.146125	0.309019796	85.387547	0	13	2
AG-899-G06_a5_gnd016_p13_s3	AG-899-G06	AG-899-G06_a5_gnd016	0.146125	0.309019796	85.387547	0	13	3
AG-899-G06_a5_gnd016_p14_s4	AG-899-G06	AG-899-G06_a5_gnd016	0.146125	0.309019796	85.387547	0	14	4
AG-899-G06_a5_gnd016_p16_s5	AG-899-G06	AG-899-G06_a5_gnd016	0.146125	0.309019796	85.387547	0	16	5
AG-899-G06_a5_gnd017	AG-899-G06	AG-899-G06_a5_gnd017	0.155334478	0.326107237	84.466552	1		
AG-899-G06_a5_gnd017_p10_s1	AG-899-G06	AG-899-G06_a5_gnd017	0.155334	0.326107237	84.466552	0	10	1
AG-899-G06_a5_gnd017_p13_s3	AG-899-G06	AG-899-G06_a5_gnd017	0.155334	0.326107237	84.466552	0	13	3
AG-899-G06_a5_gnd017_p18_s4	AG-899-G06	AG-899-G06_a5_gnd017	0.155334	0.326107237	84.466552	0	18	4
AG-899-G06_a5_gnd017_p19_s5	AG-899-G06	AG-899-G06_a5_gnd017	0.155334	0.326107237	84.466552	0	19	5
AG-899-G06_a5_gnd017_p8_s2	AG-899-G06	AG-899-G06_a5_gnd017	0.155334	0.326107237	84.466552	0	8	2
AG-899-G06_a5_gnd018	AG-899-G06	AG-899-G06_a5_gnd018	0.164607347	0.341828965	83.539265	1		
AG-899-G06_a5_gnd018_p14_s4	AG-899-G06	AG-899-G06_a5_gnd018	0.164607	0.341828965	83.539265	0	14	4
AG-899-G06_a5_gnd018_p14_s5	AG-899-G06	AG-899-G06_a5_gnd018	0.164607	0.341828965	83.539265	0	14	5
AG-899-G06_a5_gnd018_p15_s2	AG-899-G06	AG-899-G06_a5_gnd018	0.164607	0.341828965	83.539265	0	15	2
AG-899-G06_a5_gnd018_p20_s1	AG-899-G06	AG-899-G06_a5_gnd018	0.164607	0.341828965	83.539265	0	20	1
AG-899-G06_a5_gnd018_p5_s3	AG-899-G06	AG-899-G06_a5_gnd018	0.164607	0.341828965	83.539265	0	5	3
AG-899-G06_a5_gnd019	AG-899-G06	AG-899-G06_a5_gnd019	0.173722402	0.358509257	82.627760	1		
AG-899-G06_a5_gnd019_p10_s1	AG-899-G06	AG-899-G06_a5_gnd019	0.173722	0.358509257	82.627760	0	10	1
AG-899-G06_a5_gnd019_p18_s3	AG-899-G06	AG-899-G06_a5_gnd019	0.173722	0.358509257	82.627760	0	18	3
AG-899-G06_a5_gnd019_p5_s4	AG-899-G06	AG-899-G06_a5_gnd019	0.173722	0.358509257	82.627760	0	5	4
AG-899-G06_a5_gnd019_p7_s2	AG-899-G06	AG-899-G06_a5_gnd019	0.173722	0.358509257	82.627760	0	7	2
AG-899-G06_a5_gnd019_p9_s5	AG-899-G06	AG-899-G06_a5_gnd019	0.173722	0.358509257	82.627760	0	9	5
AG-899-G06_a5_gnd020	AG-899-G06	AG-899-G06_a5_gnd020	0.182811670	0.373814218	81.718833	1		
AG-899-G06_a5_gnd020_p0_s4	AG-899-G06	AG-899-G06_a5_gnd020	0.182812	0.373814218	81.718833	0	0	4
AG-899-G06_a5_gnd020_p12_s3	AG-899-G06	AG-899-G06_a5_gnd020	0.182812	0.373814218	81.718833	0	12	3
AG-899-G06_a5_gnd020_p13_s1	AG-899-G06	AG-899-G06_a5_gnd020	0.182812	0.373814218	81.718833	0	13	1
AG-899-G06_a5_gnd020_p6_s5	AG-899-G06	AG-899-G06_a5_gnd020	0.182812	0.373814218	81.718833	0	6	5
AG-899-G06_a5_gnd020_p9_s2	AG-899-G06	AG-899-G06_a5_gnd020	0.182812	0.373814218	81.718833	0	9	2
AG-900-I13_a22_gnd00000	AG-900-I13	AG-900-I13_a22_gnd00000	0.000000000	0.000246314	100.000000	1		
AG-900-I13_a22_gnd00005	AG-900-I13	AG-900-I13_a22_gnd00005	0.000445954	0.001351138	99.955405	1		
AG-900-I13_a22_gnd00010	AG-900-I13	AG-900-I13_a22_gnd00010	0.000904890	0.002525313	99.909511	1		
AG-900-I13_a22_gnd00020	AG-900-I13	AG-900-I13_a22_gnd00020	0.001827342	0.004746919	99.817266	1		
AG-900-I13_a22_gnd00030	AG-900-I13	AG-900-I13_a22_gnd00030	0.002716960	0.006877651	99.728304	1		
AG-900-I13_a22_gnd00040	AG-900-I13	AG-900-I13_a22_gnd00040	0.003600468	0.009151868	99.639953	1		
AG-900-I13_a22_gnd00050	AG-900-I13	AG-900-I13_a22_gnd00050	0.004529030	0.011342386	99.547097	1		
AG-900-I13_a22_gnd00060	AG-900-I13	AG-900-I13_a22_gnd00060	0.005422465	0.013489858	99.457753	1		
AG-900-I13_a22_gnd00070	AG-900-I13	AG-900-I13_a22_gnd00070	0.006322773	0.015756900	99.367723	1		
AG-900-I13_a22_gnd00080	AG-900-I13	AG-900-I13_a22_gnd00080	0.007253626	0.017892416	99.274637	1		
AG-900-I13_a22_gnd00090	AG-900-I13	AG-900-I13_a22_gnd00090	0.008140188	0.020073368	99.185981	1		
AG-900-I13_a22_gnd001	AG-900-I13	AG-900-I13_a22_gnd001	0.009022169	0.022196927	99.097783	1		
AG-900-I13_a22_gnd002	AG-900-I13	AG-900-I13_a22_gnd002	0.018063429	0.043841441	98.193657	1		
AG-900-I13_a22_gnd003	AG-900-I13	AG-900-I13_a22_gnd003	0.027139816	0.065105724	97.286018	1		
AG-900-I13_a22_gnd004	AG-900-I13	AG-900-I13_a22_gnd004	0.036116932	0.086090213	96.388307	1		
AG-900-I13_a22_gnd005	AG-900-I13	AG-900-I13_a22_gnd005	0.045142155	0.106974264	95.485784	1		
AG-900-I13_a22_gnd006	AG-900-I13	AG-900-I13_a22_gnd006	0.054269704	0.127334599	94.573030	1		
AG-900-I13_a22_gnd007	AG-900-I13	AG-900-I13_a22_gnd007	0.063212457	0.147159262	93.678754	1		
AG-900-I13_a22_gnd008	AG-900-I13	AG-900-I13_a22_gnd008	0.072218591	0.167043710	92.778141	1		
AG-900-I13_a22_gnd009	AG-900-I13	AG-900-I13_a22_gnd009	0.081222433	0.185995514	91.877757	1		
AG-900-I13_a22_gnd010	AG-900-I13	AG-900-I13_a22_gnd010	0.090349219	0.205370594	90.965078	1		
AG-900-I13_a22_gnd011	AG-900-I13	AG-900-I13_a22_gnd011	0.099433241	0.223798683	90.056676	1		
AG-900-I13_a22_gnd012	AG-900-I13	AG-900-I13_a22_gnd012	0.108316432	0.241514136	89.168357	1		
AG-900-I13_a22_gnd013	AG-900-I13	AG-900-I13_a22_gnd013	0.117468417	0.260217234	88.253158	1		
AG-900-I13_a22_gnd014	AG-900-I13	AG-900-I13_a22_gnd014	0.126682255	0.277650502	87.331775	1		
AG-900-I13_a22_gnd015	AG-900-I13	AG-900-I13_a22_gnd015	0.135599808	0.295703142	86.440019	1		
AG-900-I13_a22_gnd016	AG-900-I13	AG-900-I13_a22_gnd016	0.144835791	0.312959447	85.516421	1		
AG-900-I13_a22_gnd017	AG-900-I13	AG-900-I13_a22_gnd017	0.153769381	0.330256405	84.623062	1		
AG-900-I13_a22_gnd018	AG-900-I13	AG-900-I13_a22_gnd018	0.162823622	0.346771378	83.717638	1		
AG-900-I13_a22_gnd019	AG-900-I13	AG-900-I13_a22_gnd019	0.172038987	0.363300699	82.796101	1		
AG-900-I13_a22_gnd020	AG-900-I13	AG-900-I13_a22_gnd020	0.180980213	0.378177566	81.901979	1		
AG-900-I13_a5_gnd00000	AG-900-I13	AG-900-I13_a5_gnd00000	0.000000000	0.000246314	100.000000	1		
AG-900-I13_a5_gnd00000_p14_s4	AG-900-I13	AG-900-I13_a5_gnd00000	0.000000	0.000246314	100.000000	0	14	4
AG-900-I13_a5_gnd00000_p16_s2	AG-900-I13	AG-900-I13_a5_gnd00000	0.000000	0.000246314	100.000000	0	16	2
AG-900-I13_a5_gnd00000_p1_s1	AG-900-I13	AG-900-I13_a5_gnd00000	0.000000	0.000246314	100.000000	0	1	1
AG-900-I13_a5_gnd00000_p7_s5	AG-900-I13	AG-900-I13_a5_gnd00000	0.000000	0.000246314	100.000000	0	7	5
AG-900-I13_a5_gnd00000_p9_s3	AG-900-I13	AG-900-I13_a5_gnd00000	0.000000	0.000246314	100.000000	0	9	3
AG-900-I13_a5_gnd00005	AG-900-I13	AG-900-I13_a5_gnd00005	0.000452827	0.001355921	99.954717	1		
AG-900-I13_a5_gnd00005_p10_s1	AG-900-I13	AG-900-I13_a5_gnd00005	0.000453	0.001355921	99.954717	0	10	1
AG-900-I13_a5_gnd00005_p17_s5	AG-900-I13	AG-900-I13_a5_gnd00005	0.000453	0.001355921	99.954717	0	17	5
AG-900-I13_a5_gnd00005_p6_s3	AG-900-I13	AG-900-I13_a5_gnd00005	0.000453	0.001355921	99.954717	0	6	3
AG-900-I13_a5_gnd00005_p8_s2	AG-900-I13	AG-900-I13_a5_gnd00005	0.000453	0.001355921	99.954717	0	8	2
AG-900-I13_a5_gnd00005_p8_s4	AG-900-I13	AG-900-I13_a5_gnd00005	0.000453	0.001355921	99.954717	0	8	4
AG-900-I13_a5_gnd00010	AG-900-I13	AG-900-I13_a5_gnd00010	0.000897253	0.002477485	99.910275	1		
AG-900-I13_a5_gnd00010_p0_s5	AG-900-I13	AG-900-I13_a5_gnd00010	0.000897	0.002477485	99.910275	0	0	5
AG-900-I13_a5_gnd00010_p14_s3	AG-900-I13	AG-900-I13_a5_gnd00010	0.000897	0.002477485	99.910275	0	14	3
AG-900-I13_a5_gnd00010_p1_s1	AG-900-I13	AG-900-I13_a5_gnd00010	0.000897	0.002477485	99.910275	0	1	1
AG-900-I13_a5_gnd00010_p8_s2	AG-900-I13	AG-900-I13_a5_gnd00010	0.000897	0.002477485	99.910275	0	8	2
AG-900-I13_a5_gnd00010_p9_s4	AG-900-I13	AG-900-I13_a5_gnd00010	0.000897	0.002477485	99.910275	0	9	4
AG-900-I13_a5_gnd00020	AG-900-I13	AG-900-I13_a5_gnd00020	0.001810543	0.004660828	99.818946	1		
AG-900-I13_a5_gnd00020_p0_s1	AG-900-I13	AG-900-I13_a5_gnd00020	0.001811	0.004660828	99.818946	0	0	1
AG-900-I13_a5_gnd00020_p10_s3	AG-900-I13	AG-900-I13_a5_gnd00020	0.001811	0.004660828	99.818946	0	10	3
AG-900-I13_a5_gnd00020_p16_s2	AG-900-I13	AG-900-I13_a5_gnd00020	0.001811	0.004660828	99.818946	0	16	2
AG-900-I13_a5_gnd00020_p20_s4	AG-900-I13	AG-900-I13_a5_gnd00020	0.001811	0.004660828	99.818946	0	20	4
AG-900-I13_a5_gnd00020_p20_s5	AG-900-I13	AG-900-I13_a5_gnd00020	0.001811	0.004660828	99.818946	0	20	5
AG-900-I13_a5_gnd00030	AG-900-I13	AG-900-I13_a5_gnd00030	0.002700160	0.006791561	99.729984	1		
AG-900-I13_a5_gnd00030_p11_s4	AG-900-I13	AG-900-I13_a5_gnd00030	0.002700	0.006791561	99.729984	0	11	4
AG-900-I13_a5_gnd00030_p17_s2	AG-900-I13	AG-900-I13_a5_gnd00030	0.002700	0.006791561	99.729984	0	17	2
AG-900-I13_a5_gnd00030_p5_s1	AG-900-I13	AG-900-I13_a5_gnd00030	0.002700	0.006791561	99.729984	0	5	1
AG-900-I13_a5_gnd00030_p7_s5	AG-900-I13	AG-900-I13_a5_gnd00030	0.002700	0.006791561	99.729984	0	7	5
AG-900-I13_a5_gnd00030_p9_s3	AG-900-I13	AG-900-I13_a5_gnd00030	0.002700	0.006791561	99.729984	0	9	3
AG-900-I13_a5_gnd00040	AG-900-I13	AG-900-I13_a5_gnd00040	0.003615740	0.009111214	99.638426	1		
AG-900-I13_a5_gnd00040_p10_s1	AG-900-I13	AG-900-I13_a5_gnd00040	0.003616	0.009111214	99.638426	0	10	1
AG-900-I13_a5_gnd00040_p10_s4	AG-900-I13	AG-900-I13_a5_gnd00040	0.003616	0.009111214	99.638426	0	10	4
AG-900-I13_a5_gnd00040_p14_s3	AG-900-I13	AG-900-I13_a5_gnd00040	0.003616	0.009111214	99.638426	0	14	3
AG-900-I13_a5_gnd00040_p16_s2	AG-900-I13	AG-900-I13_a5_gnd00040	0.003616	0.009111214	99.638426	0	16	2
AG-900-I13_a5_gnd00040_p19_s5	AG-900-I13	AG-900-I13_a5_gnd00040	0.003616	0.009111214	99.638426	0	19	5
AG-900-I13_a5_gnd00050	AG-900-I13	AG-900-I13_a5_gnd00050	0.004533611	0.011323254	99.546639	1		
AG-900-I13_a5_gnd00050_p0_s5	AG-900-I13	AG-900-I13_a5_gnd00050	0.004534	0.011323254	99.546639	0	0	5
AG-900-I13_a5_gnd00050_p10_s2	AG-900-I13	AG-900-I13_a5_gnd00050	0.004534	0.011323254	99.546639	0	10	2
AG-900-I13_a5_gnd00050_p19_s4	AG-900-I13	AG-900-I13_a5_gnd00050	0.004534	0.011323254	99.546639	0	19	4
AG-900-I13_a5_gnd00050_p6_s3	AG-900-I13	AG-900-I13_a5_gnd00050	0.004534	0.011323254	99.546639	0	6	3
AG-900-I13_a5_gnd00050_p7_s1	AG-900-I13	AG-900-I13_a5_gnd00050	0.004534	0.011323254	99.546639	0	7	1
AG-900-I13_a5_gnd00060	AG-900-I13	AG-900-I13_a5_gnd00060	0.005442319	0.013444422	99.455768	1		
AG-900-I13_a5_gnd00060_p0_s2	AG-900-I13	AG-900-I13_a5_gnd00060	0.005442	0.013444422	99.455768	0	0	2
AG-900-I13_a5_gnd00060_p13_s4	AG-900-I13	AG-900-I13_a5_gnd00060	0.005442	0.013444422	99.455768	0	13	4
AG-900-I13_a5_gnd00060_p18_s3	AG-900-I13	AG-900-I13_a5_gnd00060	0.005442	0.013444422	99.455768	0	18	3
AG-900-I13_a5_gnd00060_p18_s5	AG-900-I13	AG-900-I13_a5_gnd00060	0.005442	0.013444422	99.455768	0	18	5
AG-900-I13_a5_gnd00060_p19_s1	AG-900-I13	AG-900-I13_a5_gnd00060	0.005442	0.013444422	99.455768	0	19	1
AG-900-I13_a5_gnd00070	AG-900-I13	AG-900-I13_a5_gnd00070	0.006331173	0.015754509	99.366883	1		
AG-900-I13_a5_gnd00070_p10_s2	AG-900-I13	AG-900-I13_a5_gnd00070	0.006331	0.015754509	99.366883	0	10	2
AG-900-I13_a5_gnd00070_p14_s5	AG-900-I13	AG-900-I13_a5_gnd00070	0.006331	0.015754509	99.366883	0	14	5
AG-900-I13_a5_gnd00070_p17_s1	AG-900-I13	AG-900-I13_a5_gnd00070	0.006331	0.015754509	99.366883	0	17	1
AG-900-I13_a5_gnd00070_p8_s3	AG-900-I13	AG-900-I13_a5_gnd00070	0.006331	0.015754509	99.366883	0	8	3
AG-900-I13_a5_gnd00070_p9_s4	AG-900-I13	AG-900-I13_a5_gnd00070	0.006331	0.015754509	99.366883	0	9	4
AG-900-I13_a5_gnd00080	AG-900-I13	AG-900-I13_a5_gnd00080	0.007275007	0.017973723	99.272499	1		
AG-900-I13_a5_gnd00080_p13_s2	AG-900-I13	AG-900-I13_a5_gnd00080	0.007275	0.017973723	99.272499	0	13	2
AG-900-I13_a5_gnd00080_p13_s3	AG-900-I13	AG-900-I13_a5_gnd00080	0.007275	0.017973723	99.272499	0	13	3
AG-900-I13_a5_gnd00080_p14_s4	AG-900-I13	AG-900-I13_a5_gnd00080	0.007275	0.017973723	99.272499	0	14	4
AG-900-I13_a5_gnd00080_p20_s5	AG-900-I13	AG-900-I13_a5_gnd00080	0.007275	0.017973723	99.272499	0	20	5
AG-900-I13_a5_gnd00080_p3_s1	AG-900-I13	AG-900-I13_a5_gnd00080	0.007275	0.017973723	99.272499	0	3	1
AG-900-I13_a5_gnd00090	AG-900-I13	AG-900-I13_a5_gnd00090	0.008084444	0.019987278	99.191556	1		
AG-900-I13_a5_gnd00090_p10_s1	AG-900-I13	AG-900-I13_a5_gnd00090	0.008084	0.019987278	99.191556	0	10	1
AG-900-I13_a5_gnd00090_p10_s5	AG-900-I13	AG-900-I13_a5_gnd00090	0.008084	0.019987278	99.191556	0	10	5
AG-900-I13_a5_gnd00090_p13_s3	AG-900-I13	AG-900-I13_a5_gnd00090	0.008084	0.019987278	99.191556	0	13	3
AG-900-I13_a5_gnd00090_p2_s2	AG-900-I13	AG-900-I13_a5_gnd00090	0.008084	0.019987278	99.191556	0	2	2
AG-900-I13_a5_gnd00090_p8_s4	AG-900-I13	AG-900-I13_a5_gnd00090	0.008084	0.019987278	99.191556	0	8	4
AG-900-I13_a5_gnd001	AG-900-I13	AG-900-I13_a5_gnd001	0.009006897	0.022108445	99.099310	1		
AG-900-I13_a5_gnd001_p13_s2	AG-900-I13	AG-900-I13_a5_gnd001	0.009007	0.022108445	99.099310	0	13	2
AG-900-I13_a5_gnd001_p18_s5	AG-900-I13	AG-900-I13_a5_gnd001	0.009007	0.022108445	99.099310	0	18	5
AG-900-I13_a5_gnd001_p19_s4	AG-900-I13	AG-900-I13_a5_gnd001	0.009007	0.022108445	99.099310	0	19	4
AG-900-I13_a5_gnd001_p6_s3	AG-900-I13	AG-900-I13_a5_gnd001	0.009007	0.022108445	99.099310	0	6	3
AG-900-I13_a5_gnd001_p8_s1	AG-900-I13	AG-900-I13_a5_gnd001	0.009007	0.022108445	99.099310	0	8	1
AG-900-I13_a5_gnd002	AG-900-I13	AG-900-I13_a5_gnd002	0.018078702	0.044042318	98.192130	1		
AG-900-I13_a5_gnd002_p11_s3	AG-900-I13	AG-900-I13_a5_gnd002	0.018079	0.044042318	98.192130	0	11	3
AG-900-I13_a5_gnd002_p18_s2	AG-900-I13	AG-900-I13_a5_gnd002	0.018079	0.044042318	98.192130	0	18	2
AG-900-I13_a5_gnd002_p5_s4	AG-900-I13	AG-900-I13_a5_gnd002	0.018079	0.044042318	98.192130	0	5	4
AG-900-I13_a5_gnd002_p8_s1	AG-900-I13	AG-900-I13_a5_gnd002	0.018079	0.044042318	98.192130	0	8	1
AG-900-I13_a5_gnd002_p9_s5	AG-900-I13	AG-900-I13_a5_gnd002	0.018079	0.044042318	98.192130	0	9	5
AG-900-I13_a5_gnd003	AG-900-I13	AG-900-I13_a5_gnd003	0.027073381	0.065301818	97.292662	1		
AG-900-I13_a5_gnd003_p11_s3	AG-900-I13	AG-900-I13_a5_gnd003	0.027073	0.065301818	97.292662	0	11	3
AG-900-I13_a5_gnd003_p11_s5	AG-900-I13	AG-900-I13_a5_gnd003	0.027073	0.065301818	97.292662	0	11	5
AG-900-I13_a5_gnd003_p13_s1	AG-900-I13	AG-900-I13_a5_gnd003	0.027073	0.065301818	97.292662	0	13	1
AG-900-I13_a5_gnd003_p15_s2	AG-900-I13	AG-900-I13_a5_gnd003	0.027073	0.065301818	97.292662	0	15	2
AG-900-I13_a5_gnd003_p18_s4	AG-900-I13	AG-900-I13_a5_gnd003	0.027073	0.065301818	97.292662	0	18	4
AG-900-I13_a5_gnd004	AG-900-I13	AG-900-I13_a5_gnd004	0.036155113	0.086149998	96.384489	1		
AG-900-I13_a5_gnd004_p10_s2	AG-900-I13	AG-900-I13_a5_gnd004	0.036155	0.086149998	96.384489	0	10	2
AG-900-I13_a5_gnd004_p14_s5	AG-900-I13	AG-900-I13_a5_gnd004	0.036155	0.086149998	96.384489	0	14	5
AG-900-I13_a5_gnd004_p18_s1	AG-900-I13	AG-900-I13_a5_gnd004	0.036155	0.086149998	96.384489	0	18	1
AG-900-I13_a5_gnd004_p4_s3	AG-900-I13	AG-900-I13_a5_gnd004	0.036155	0.086149998	96.384489	0	4	3
AG-900-I13_a5_gnd004_p7_s4	AG-900-I13	AG-900-I13_a5_gnd004	0.036155	0.086149998	96.384489	0	7	4
AG-900-I13_a5_gnd005	AG-900-I13	AG-900-I13_a5_gnd005	0.045256698	0.107007743	95.474330	1		
AG-900-I13_a5_gnd005_p14_s1	AG-900-I13	AG-900-I13_a5_gnd005	0.045257	0.107007743	95.474330	0	14	1
AG-900-I13_a5_gnd005_p17_s3	AG-900-I13	AG-900-I13_a5_gnd005	0.045257	0.107007743	95.474330	0	17	3
AG-900-I13_a5_gnd005_p17_s5	AG-900-I13	AG-900-I13_a5_gnd005	0.045257	0.107007743	95.474330	0	17	5
AG-900-I13_a5_gnd005_p20_s4	AG-900-I13	AG-900-I13_a5_gnd005	0.045257	0.107007743	95.474330	0	20	4
AG-900-I13_a5_gnd005_p9_s2	AG-900-I13	AG-900-I13_a5_gnd005	0.045257	0.107007743	95.474330	0	9	2
AG-900-I13_a5_gnd006	AG-900-I13	AG-900-I13_a5_gnd006	0.054187233	0.126358910	94.581277	1		
AG-900-I13_a5_gnd006_p11_s2	AG-900-I13	AG-900-I13_a5_gnd006	0.054187	0.126358910	94.581277	0	11	2
AG-900-I13_a5_gnd006_p18_s1	AG-900-I13	AG-900-I13_a5_gnd006	0.054187	0.126358910	94.581277	0	18	1
AG-900-I13_a5_gnd006_p6_s3	AG-900-I13	AG-900-I13_a5_gnd006	0.054187	0.126358910	94.581277	0	6	3
AG-900-I13_a5_gnd006_p7_s4	AG-900-I13	AG-900-I13_a5_gnd006	0.054187	0.126358910	94.581277	0	7	4
AG-900-I13_a5_gnd006_p7_s5	AG-900-I13	AG-900-I13_a5_gnd006	0.054187	0.126358910	94.581277	0	7	5
AG-900-I13_a5_gnd007	AG-900-I13	AG-900-I13_a5_gnd007	0.063317073	0.146372493	93.668293	1		
AG-900-I13_a5_gnd007_p12_s2	AG-900-I13	AG-900-I13_a5_gnd007	0.063317	0.146372493	93.668293	0	12	2
AG-900-I13_a5_gnd007_p18_s1	AG-900-I13	AG-900-I13_a5_gnd007	0.063317	0.146372493	93.668293	0	18	1
AG-900-I13_a5_gnd007_p19_s3	AG-900-I13	AG-900-I13_a5_gnd007	0.063317	0.146372493	93.668293	0	19	3
AG-900-I13_a5_gnd007_p20_s5	AG-900-I13	AG-900-I13_a5_gnd007	0.063317	0.146372493	93.668293	0	20	5
AG-900-I13_a5_gnd007_p5_s4	AG-900-I13	AG-900-I13_a5_gnd007	0.063317	0.146372493	93.668293	0	5	4
AG-900-I13_a5_gnd008	AG-900-I13	AG-900-I13_a5_gnd008	0.072373606	0.165816924	92.762639	1		
AG-900-I13_a5_gnd008_p0_s3	AG-900-I13	AG-900-I13_a5_gnd008	0.072374	0.165816924	92.762639	0	0	3
AG-900-I13_a5_gnd008_p0_s5	AG-900-I13	AG-900-I13_a5_gnd008	0.072374	0.165816924	92.762639	0	0	5
AG-900-I13_a5_gnd008_p11_s4	AG-900-I13	AG-900-I13_a5_gnd008	0.072374	0.165816924	92.762639	0	11	4
AG-900-I13_a5_gnd008_p14_s2	AG-900-I13	AG-900-I13_a5_gnd008	0.072374	0.165816924	92.762639	0	14	2
AG-900-I13_a5_gnd008_p17_s1	AG-900-I13	AG-900-I13_a5_gnd008	0.072374	0.165816924	92.762639	0	17	1
AG-900-I13_a5_gnd009	AG-900-I13	AG-900-I13_a5_gnd009	0.081318649	0.184778294	91.868135	1		
AG-900-I13_a5_gnd009_p10_s2	AG-900-I13	AG-900-I13_a5_gnd009	0.081319	0.184778294	91.868135	0	10	2
AG-900-I13_a5_gnd009_p14_s4	AG-900-I13	AG-900-I13_a5_gnd009	0.081319	0.184778294	91.868135	0	14	4
AG-900-I13_a5_gnd009_p16_s5	AG-900-I13	AG-900-I13_a5_gnd009	0.081319	0.184778294	91.868135	0	16	5
AG-900-I13_a5_gnd009_p19_s1	AG-900-I13	AG-900-I13_a5_gnd009	0.081319	0.184778294	91.868135	0	19	1
AG-900-I13_a5_gnd009_p7_s3	AG-900-I13	AG-900-I13_a5_gnd009	0.081319	0.184778294	91.868135	0	7	3
AG-900-I13_a5_gnd010	AG-900-I13	AG-900-I13_a5_gnd010	0.090330892	0.203330735	90.966911	1		
AG-900-I13_a5_gnd010_p12_s2	AG-900-I13	AG-900-I13_a5_gnd010	0.090331	0.203330735	90.966911	0	12	2
AG-900-I13_a5_gnd010_p13_s3	AG-900-I13	AG-900-I13_a5_gnd010	0.090331	0.203330735	90.966911	0	13	3
AG-900-I13_a5_gnd010_p16_s5	AG-900-I13	AG-900-I13_a5_gnd010	0.090331	0.203330735	90.966911	0	16	5
AG-900-I13_a5_gnd010_p19_s1	AG-900-I13	AG-900-I13_a5_gnd010	0.090331	0.203330735	90.966911	0	19	1
AG-900-I13_a5_gnd010_p6_s4	AG-900-I13	AG-900-I13_a5_gnd010	0.090331	0.203330735	90.966911	0	6	4
AG-900-I13_a5_gnd011	AG-900-I13	AG-900-I13_a5_gnd011	0.099570693	0.222304061	90.042931	1		
AG-900-I13_a5_gnd011_p13_s5	AG-900-I13	AG-900-I13_a5_gnd011	0.099571	0.222304061	90.042931	0	13	5
AG-900-I13_a5_gnd011_p17_s4	AG-900-I13	AG-900-I13_a5_gnd011	0.099571	0.222304061	90.042931	0	17	4
AG-900-I13_a5_gnd011_p20_s1	AG-900-I13	AG-900-I13_a5_gnd011	0.099571	0.222304061	90.042931	0	20	1
AG-900-I13_a5_gnd011_p20_s3	AG-900-I13	AG-900-I13_a5_gnd011	0.099571	0.222304061	90.042931	0	20	3
AG-900-I13_a5_gnd011_p7_s2	AG-900-I13	AG-900-I13_a5_gnd011	0.099571	0.222304061	90.042931	0	7	2
AG-900-I13_a5_gnd012	AG-900-I13	AG-900-I13_a5_gnd012	0.108573772	0.240803891	89.142623	1		
AG-900-I13_a5_gnd012_p0_s1	AG-900-I13	AG-900-I13_a5_gnd012	0.108574	0.240803891	89.142623	0	0	1
AG-900-I13_a5_gnd012_p13_s3	AG-900-I13	AG-900-I13_a5_gnd012	0.108574	0.240803891	89.142623	0	13	3
AG-900-I13_a5_gnd012_p15_s4	AG-900-I13	AG-900-I13_a5_gnd012	0.108574	0.240803891	89.142623	0	15	4
AG-900-I13_a5_gnd012_p16_s2	AG-900-I13	AG-900-I13_a5_gnd012	0.108574	0.240803891	89.142623	0	16	2
AG-900-I13_a5_gnd012_p9_s5	AG-900-I13	AG-900-I13_a5_gnd012	0.108574	0.240803891	89.142623	0	9	5
AG-900-I13_a5_gnd013	AG-900-I13	AG-900-I13_a5_gnd013	0.117515761	0.257333212	88.248424	1		
AG-900-I13_a5_gnd013_p10_s1	AG-900-I13	AG-900-I13_a5_gnd013	0.117516	0.257333212	88.248424	0	10	1
AG-900-I13_a5_gnd013_p11_s4	AG-900-I13	AG-900-I13_a5_gnd013	0.117516	0.257333212	88.248424	0	11	4
AG-900-I13_a5_gnd013_p14_s2	AG-900-I13	AG-900-I13_a5_gnd013	0.117516	0.257333212	88.248424	0	14	2
AG-900-I13_a5_gnd013_p4_s3	AG-900-I13	AG-900-I13_a5_gnd013	0.117516	0.257333212	88.248424	0	4	3
AG-900-I13_a5_gnd013_p5_s5	AG-900-I13	AG-900-I13_a5_gnd013	0.117516	0.257333212	88.248424	0	5	5
AG-900-I13_a5_gnd014	AG-900-I13	AG-900-I13_a5_gnd014	0.126645601	0.275067796	87.335440	1		
AG-900-I13_a5_gnd014_p11_s5	AG-900-I13	AG-900-I13_a5_gnd014	0.126646	0.275067796	87.335440	0	11	5
AG-900-I13_a5_gnd014_p13_s2	AG-900-I13	AG-900-I13_a5_gnd014	0.126646	0.275067796	87.335440	0	13	2
AG-900-I13_a5_gnd014_p18_s4	AG-900-I13	AG-900-I13_a5_gnd014	0.126646	0.275067796	87.335440	0	18	4
AG-900-I13_a5_gnd014_p19_s3	AG-900-I13	AG-900-I13_a5_gnd014	0.126646	0.275067796	87.335440	0	19	3
AG-900-I13_a5_gnd014_p8_s1	AG-900-I13	AG-900-I13_a5_gnd014	0.126646	0.275067796	87.335440	0	8	1
AG-900-I13_a5_gnd015	AG-900-I13	AG-900-I13_a5_gnd015	0.135673879	0.292238011	86.432612	1		
AG-900-I13_a5_gnd015_p0_s3	AG-900-I13	AG-900-I13_a5_gnd015	0.135674	0.292238011	86.432612	0	0	3
AG-900-I13_a5_gnd015_p18_s2	AG-900-I13	AG-900-I13_a5_gnd015	0.135674	0.292238011	86.432612	0	18	2
AG-900-I13_a5_gnd015_p4_s4	AG-900-I13	AG-900-I13_a5_gnd015	0.135674	0.292238011	86.432612	0	4	4
AG-900-I13_a5_gnd015_p7_s5	AG-900-I13	AG-900-I13_a5_gnd015	0.135674	0.292238011	86.432612	0	7	5
AG-900-I13_a5_gnd015_p8_s1	AG-900-I13	AG-900-I13_a5_gnd015	0.135674	0.292238011	86.432612	0	8	1
AG-900-I13_a5_gnd016	AG-900-I13	AG-900-I13_a5_gnd016	0.144946516	0.309305395	85.505348	1		
AG-900-I13_a5_gnd016_p0_s2	AG-900-I13	AG-900-I13_a5_gnd016	0.144947	0.309305395	85.505348	0	0	2
AG-900-I13_a5_gnd016_p16_s3	AG-900-I13	AG-900-I13_a5_gnd016	0.144947	0.309305395	85.505348	0	16	3
AG-900-I13_a5_gnd016_p17_s1	AG-900-I13	AG-900-I13_a5_gnd016	0.144947	0.309305395	85.505348	0	17	1
AG-900-I13_a5_gnd016_p18_s4	AG-900-I13	AG-900-I13_a5_gnd016	0.144947	0.309305395	85.505348	0	18	4
AG-900-I13_a5_gnd016_p20_s5	AG-900-I13	AG-900-I13_a5_gnd016	0.144947	0.309305395	85.505348	0	20	5
AG-900-I13_a5_gnd017	AG-900-I13	AG-900-I13_a5_gnd017	0.153877815	0.325519052	84.612219	1		
AG-900-I13_a5_gnd017_p11_s1	AG-900-I13	AG-900-I13_a5_gnd017	0.153878	0.325519052	84.612219	0	11	1
AG-900-I13_a5_gnd017_p13_s5	AG-900-I13	AG-900-I13_a5_gnd017	0.153878	0.325519052	84.612219	0	13	5
AG-900-I13_a5_gnd017_p17_s4	AG-900-I13	AG-900-I13_a5_gnd017	0.153878	0.325519052	84.612219	0	17	4
AG-900-I13_a5_gnd017_p20_s3	AG-900-I13	AG-900-I13_a5_gnd017	0.153878	0.325519052	84.612219	0	20	3
AG-900-I13_a5_gnd017_p5_s2	AG-900-I13	AG-900-I13_a5_gnd017	0.153878	0.325519052	84.612219	0	5	2
AG-900-I13_a5_gnd018	AG-900-I13	AG-900-I13_a5_gnd018	0.162809113	0.341390740	83.719089	1		
AG-900-I13_a5_gnd018_p16_s2	AG-900-I13	AG-900-I13_a5_gnd018	0.162809	0.341390740	83.719089	0	16	2
AG-900-I13_a5_gnd018_p18_s3	AG-900-I13	AG-900-I13_a5_gnd018	0.162809	0.341390740	83.719089	0	18	3
AG-900-I13_a5_gnd018_p7_s5	AG-900-I13	AG-900-I13_a5_gnd018	0.162809	0.341390740	83.719089	0	7	5
AG-900-I13_a5_gnd018_p8_s1	AG-900-I13	AG-900-I13_a5_gnd018	0.162809	0.341390740	83.719089	0	8	1
AG-900-I13_a5_gnd018_p9_s4	AG-900-I13	AG-900-I13_a5_gnd018	0.162809	0.341390740	83.719089	0	9	4
AG-900-I13_a5_gnd019	AG-900-I13	AG-900-I13_a5_gnd019	0.172037460	0.357202642	82.796254	1		
AG-900-I13_a5_gnd019_p10_s3	AG-900-I13	AG-900-I13_a5_gnd019	0.172037	0.357202642	82.796254	0	10	3
AG-900-I13_a5_gnd019_p13_s2	AG-900-I13	AG-900-I13_a5_gnd019	0.172037	0.357202642	82.796254	0	13	2
AG-900-I13_a5_gnd019_p16_s1	AG-900-I13	AG-900-I13_a5_gnd019	0.172037	0.357202642	82.796254	0	16	1
AG-900-I13_a5_gnd019_p19_s5	AG-900-I13	AG-900-I13_a5_gnd019	0.172037	0.357202642	82.796254	0	19	5
AG-900-I13_a5_gnd019_p7_s4	AG-900-I13	AG-900-I13_a5_gnd019	0.172037	0.357202642	82.796254	0	7	4
AG-900-I13_a5_gnd020	AG-900-I13	AG-900-I13_a5_gnd020	0.180916833	0.373576522	81.908317	1		
AG-900-I13_a5_gnd020_p0_s3	AG-900-I13	AG-900-I13_a5_gnd020	0.180917	0.373576522	81.908317	0	0	3
AG-900-I13_a5_gnd020_p10_s4	AG-900-I13	AG-900-I13_a5_gnd020	0.180917	0.373576522	81.908317	0	10	4
AG-900-I13_a5_gnd020_p18_s2	AG-900-I13	AG-900-I13_a5_gnd020	0.180917	0.373576522	81.908317	0	18	2
AG-900-I13_a5_gnd020_p20_s5	AG-900-I13	AG-900-I13_a5_gnd020	0.180917	0.373576522	81.908317	0	20	5
AG-900-I13_a5_gnd020_p8_s1	AG-900-I13	AG-900-I13_a5_gnd020	0.180917	0.373576522	81.908317	0	8	1
AG-904-K03_a22_gnd00000	AG-904-K03	AG-904-K03_a22_gnd00000	0.000000000	0.000234911	100.000000	1		
AG-904-K03_a22_gnd00005	AG-904-K03	AG-904-K03_a22_gnd00005	0.000458283	0.001332713	99.954172	1		
AG-904-K03_a22_gnd00010	AG-904-K03	AG-904-K03_a22_gnd00010	0.000909150	0.002507268	99.909085	1		
AG-904-K03_a22_gnd00020	AG-904-K03	AG-904-K03_a22_gnd00020	0.001812367	0.004665659	99.818763	1		
AG-904-K03_a22_gnd00030	AG-904-K03	AG-904-K03_a22_gnd00030	0.002704460	0.006840330	99.729554	1		
AG-904-K03_a22_gnd00040	AG-904-K03	AG-904-K03_a22_gnd00040	0.003625475	0.009033609	99.637453	1		
AG-904-K03_a22_gnd00050	AG-904-K03	AG-904-K03_a22_gnd00050	0.004509411	0.011147808	99.549059	1		
AG-904-K03_a22_gnd00060	AG-904-K03	AG-904-K03_a22_gnd00060	0.005440808	0.013399232	99.455919	1		
AG-904-K03_a22_gnd00070	AG-904-K03	AG-904-K03_a22_gnd00070	0.006298048	0.015499477	99.370195	1		
AG-904-K03_a22_gnd00080	AG-904-K03	AG-904-K03_a22_gnd00080	0.007216097	0.017718339	99.278390	1		
AG-904-K03_a22_gnd00090	AG-904-K03	AG-904-K03_a22_gnd00090	0.008110415	0.020025584	99.188959	1		
AG-904-K03_a22_gnd001	AG-904-K03	AG-904-K03_a22_gnd001	0.009026239	0.022239795	99.097376	1		
AG-904-K03_a22_gnd002	AG-904-K03	AG-904-K03_a22_gnd002	0.018043578	0.044140016	98.195642	1		
AG-904-K03_a22_gnd003	AG-904-K03	AG-904-K03_a22_gnd003	0.027038671	0.064672636	97.296133	1		
AG-904-K03_a22_gnd004	AG-904-K03	AG-904-K03_a22_gnd004	0.036143515	0.086249564	96.385648	1		
AG-904-K03_a22_gnd005	AG-904-K03	AG-904-K03_a22_gnd005	0.045148990	0.106705431	95.485101	1		
AG-904-K03_a22_gnd006	AG-904-K03	AG-904-K03_a22_gnd006	0.054183386	0.126824049	94.581661	1		
AG-904-K03_a22_gnd007	AG-904-K03	AG-904-K03_a22_gnd007	0.063195535	0.146731015	93.680447	1		
AG-904-K03_a22_gnd008	AG-904-K03	AG-904-K03_a22_gnd008	0.072269974	0.167459007	92.773003	1		
AG-904-K03_a22_gnd009	AG-904-K03	AG-904-K03_a22_gnd009	0.081321426	0.185637865	91.867857	1		
AG-904-K03_a22_gnd010	AG-904-K03	AG-904-K03_a22_gnd010	0.090272767	0.205223863	90.972723	1		
AG-904-K03_a22_gnd011	AG-904-K03	AG-904-K03_a22_gnd011	0.099304938	0.224593557	90.069506	1		
AG-904-K03_a22_gnd012	AG-904-K03	AG-904-K03_a22_gnd012	0.108437961	0.242416560	89.156204	1		
AG-904-K03_a22_gnd013	AG-904-K03	AG-904-K03_a22_gnd013	0.117370763	0.260269799	88.262924	1		
AG-904-K03_a22_gnd014	AG-904-K03	AG-904-K03_a22_gnd014	0.126445945	0.277946273	87.355406	1		
AG-904-K03_a22_gnd015	AG-904-K03	AG-904-K03_a22_gnd015	0.135660539	0.295329689	86.433946	1		
AG-904-K03_a22_gnd016	AG-904-K03	AG-904-K03_a22_gnd016	0.144683811	0.313275962	85.531619	1		
AG-904-K03_a22_gnd017	AG-904-K03	AG-904-K03_a22_gnd017	0.153680387	0.330145366	84.631961	1		
AG-904-K03_a22_gnd018	AG-904-K03	AG-904-K03_a22_gnd018	0.162785231	0.346068147	83.721477	1		
AG-904-K03_a22_gnd019	AG-904-K03	AG-904-K03_a22_gnd019	0.171830008	0.363142226	82.816999	1		
AG-904-K03_a22_gnd020	AG-904-K03	AG-904-K03_a22_gnd020	0.180814720	0.377750901	81.918528	1		
AG-904-K03_a5_gnd00000	AG-904-K03	AG-904-K03_a5_gnd00000	0.000000000	0.000234911	100.000000	1		
AG-904-K03_a5_gnd00000_p10_s1	AG-904-K03	AG-904-K03_a5_gnd00000	0.000000	0.000234911	100.000000	0	10	1
AG-904-K03_a5_gnd00000_p11_s5	AG-904-K03	AG-904-K03_a5_gnd00000	0.000000	0.000234911	100.000000	0	11	5
AG-904-K03_a5_gnd00000_p13_s4	AG-904-K03	AG-904-K03_a5_gnd00000	0.000000	0.000234911	100.000000	0	13	4
AG-904-K03_a5_gnd00000_p14_s3	AG-904-K03	AG-904-K03_a5_gnd00000	0.000000	0.000234911	100.000000	0	14	3
AG-904-K03_a5_gnd00000_p20_s2	AG-904-K03	AG-904-K03_a5_gnd00000	0.000000	0.000234911	100.000000	0	20	2
AG-904-K03_a5_gnd00005	AG-904-K03	AG-904-K03_a5_gnd00005	0.000449384	0.001321084	99.955062	1		
AG-904-K03_a5_gnd00005_p0_s2	AG-904-K03	AG-904-K03_a5_gnd00005	0.000449	0.001321084	99.955062	0	0	2
AG-904-K03_a5_gnd00005_p10_s3	AG-904-K03	AG-904-K03_a5_gnd00005	0.000449	0.001321084	99.955062	0	10	3
AG-904-K03_a5_gnd00005_p1_s4	AG-904-K03	AG-904-K03_a5_gnd00005	0.000449	0.001321084	99.955062	0	1	4
AG-904-K03_a5_gnd00005_p20_s5	AG-904-K03	AG-904-K03_a5_gnd00005	0.000449	0.001321084	99.955062	0	20	5
AG-904-K03_a5_gnd00005_p8_s1	AG-904-K03	AG-904-K03_a5_gnd00005	0.000449	0.001321084	99.955062	0	8	1
AG-904-K03_a5_gnd00010	AG-904-K03	AG-904-K03_a5_gnd00010	0.000900992	0.002444470	99.909901	1		
AG-904-K03_a5_gnd00010_p15_s1	AG-904-K03	AG-904-K03_a5_gnd00010	0.000901	0.002444470	99.909901	0	15	1
AG-904-K03_a5_gnd00010_p17_s4	AG-904-K03	AG-904-K03_a5_gnd00010	0.000901	0.002444470	99.909901	0	17	4
AG-904-K03_a5_gnd00010_p18_s2	AG-904-K03	AG-904-K03_a5_gnd00010	0.000901	0.002444470	99.909901	0	18	2
AG-904-K03_a5_gnd00010_p20_s3	AG-904-K03	AG-904-K03_a5_gnd00010	0.000901	0.002444470	99.909901	0	20	3
AG-904-K03_a5_gnd00010_p4_s5	AG-904-K03	AG-904-K03_a5_gnd00010	0.000901	0.002444470	99.909901	0	4	5
AG-904-K03_a5_gnd00020	AG-904-K03	AG-904-K03_a5_gnd00020	0.001796794	0.004605187	99.820321	1		
AG-904-K03_a5_gnd00020_p15_s4	AG-904-K03	AG-904-K03_a5_gnd00020	0.001797	0.004605187	99.820321	0	15	4
AG-904-K03_a5_gnd00020_p15_s5	AG-904-K03	AG-904-K03_a5_gnd00020	0.001797	0.004605187	99.820321	0	15	5
AG-904-K03_a5_gnd00020_p18_s3	AG-904-K03	AG-904-K03_a5_gnd00020	0.001797	0.004605187	99.820321	0	18	3
AG-904-K03_a5_gnd00020_p19_s2	AG-904-K03	AG-904-K03_a5_gnd00020	0.001797	0.004605187	99.820321	0	19	2
AG-904-K03_a5_gnd00020_p1_s1	AG-904-K03	AG-904-K03_a5_gnd00020	0.001797	0.004605187	99.820321	0	1	1
AG-904-K03_a5_gnd00030	AG-904-K03	AG-904-K03_a5_gnd00030	0.002700753	0.006840330	99.729925	1		
AG-904-K03_a5_gnd00030_p11_s5	AG-904-K03	AG-904-K03_a5_gnd00030	0.002701	0.006840330	99.729925	0	11	5
AG-904-K03_a5_gnd00030_p15_s2	AG-904-K03	AG-904-K03_a5_gnd00030	0.002701	0.006840330	99.729925	0	15	2
AG-904-K03_a5_gnd00030_p20_s1	AG-904-K03	AG-904-K03_a5_gnd00030	0.002701	0.006840330	99.729925	0	20	1
AG-904-K03_a5_gnd00030_p5_s3	AG-904-K03	AG-904-K03_a5_gnd00030	0.002701	0.006840330	99.729925	0	5	3
AG-904-K03_a5_gnd00030_p8_s4	AG-904-K03	AG-904-K03_a5_gnd00030	0.002701	0.006840330	99.729925	0	8	4
AG-904-K03_a5_gnd00040	AG-904-K03	AG-904-K03_a5_gnd00040	0.003601745	0.009101058	99.639825	1		
AG-904-K03_a5_gnd00040_p10_s1	AG-904-K03	AG-904-K03_a5_gnd00040	0.003602	0.009101058	99.639825	0	10	1
AG-904-K03_a5_gnd00040_p11_s3	AG-904-K03	AG-904-K03_a5_gnd00040	0.003602	0.009101058	99.639825	0	11	3
AG-904-K03_a5_gnd00040_p17_s4	AG-904-K03	AG-904-K03_a5_gnd00040	0.003602	0.009101058	99.639825	0	17	4
AG-904-K03_a5_gnd00040_p6_s5	AG-904-K03	AG-904-K03_a5_gnd00040	0.003602	0.009101058	99.639825	0	6	5
AG-904-K03_a5_gnd00040_p9_s2	AG-904-K03	AG-904-K03_a5_gnd00040	0.003602	0.009101058	99.639825	0	9	2
AG-904-K03_a5_gnd00050	AG-904-K03	AG-904-K03_a5_gnd00050	0.004507928	0.011394348	99.549207	1		
AG-904-K03_a5_gnd00050_p14_s3	AG-904-K03	AG-904-K03_a5_gnd00050	0.004508	0.011394348	99.549207	0	14	3
AG-904-K03_a5_gnd00050_p20_s1	AG-904-K03	AG-904-K03_a5_gnd00050	0.004508	0.011394348	99.549207	0	20	1
AG-904-K03_a5_gnd00050_p20_s4	AG-904-K03	AG-904-K03_a5_gnd00050	0.004508	0.011394348	99.549207	0	20	4
AG-904-K03_a5_gnd00050_p20_s5	AG-904-K03	AG-904-K03_a5_gnd00050	0.004508	0.011394348	99.549207	0	20	5
AG-904-K03_a5_gnd00050_p6_s2	AG-904-K03	AG-904-K03_a5_gnd00050	0.004508	0.011394348	99.549207	0	6	2
AG-904-K03_a5_gnd00060	AG-904-K03	AG-904-K03_a5_gnd00060	0.005435617	0.013557390	99.456438	1		
AG-904-K03_a5_gnd00060_p18_s5	AG-904-K03	AG-904-K03_a5_gnd00060	0.005436	0.013557390	99.456438	0	18	5
AG-904-K03_a5_gnd00060_p19_s3	AG-904-K03	AG-904-K03_a5_gnd00060	0.005436	0.013557390	99.456438	0	19	3
AG-904-K03_a5_gnd00060_p20_s4	AG-904-K03	AG-904-K03_a5_gnd00060	0.005436	0.013557390	99.456438	0	20	4
AG-904-K03_a5_gnd00060_p7_s2	AG-904-K03	AG-904-K03_a5_gnd00060	0.005436	0.013557390	99.456438	0	7	2
AG-904-K03_a5_gnd00060_p8_s1	AG-904-K03	AG-904-K03_a5_gnd00060	0.005436	0.013557390	99.456438	0	8	1
AG-904-K03_a5_gnd00070	AG-904-K03	AG-904-K03_a5_gnd00070	0.006338092	0.015629724	99.366191	1		
AG-904-K03_a5_gnd00070_p0_s5	AG-904-K03	AG-904-K03_a5_gnd00070	0.006338	0.015629724	99.366191	0	0	5
AG-904-K03_a5_gnd00070_p11_s4	AG-904-K03	AG-904-K03_a5_gnd00070	0.006338	0.015629724	99.366191	0	11	4
AG-904-K03_a5_gnd00070_p4_s1	AG-904-K03	AG-904-K03_a5_gnd00070	0.006338	0.015629724	99.366191	0	4	1
AG-904-K03_a5_gnd00070_p6_s3	AG-904-K03	AG-904-K03_a5_gnd00070	0.006338	0.015629724	99.366191	0	6	3
AG-904-K03_a5_gnd00070_p8_s2	AG-904-K03	AG-904-K03_a5_gnd00070	0.006338	0.015629724	99.366191	0	8	2
AG-904-K03_a5_gnd00080	AG-904-K03	AG-904-K03_a5_gnd00080	0.007223512	0.017734620	99.277649	1		
AG-904-K03_a5_gnd00080_p14_s2	AG-904-K03	AG-904-K03_a5_gnd00080	0.007224	0.017734620	99.277649	0	14	2
AG-904-K03_a5_gnd00080_p18_s3	AG-904-K03	AG-904-K03_a5_gnd00080	0.007224	0.017734620	99.277649	0	18	3
AG-904-K03_a5_gnd00080_p18_s5	AG-904-K03	AG-904-K03_a5_gnd00080	0.007224	0.017734620	99.277649	0	18	5
AG-904-K03_a5_gnd00080_p7_s1	AG-904-K03	AG-904-K03_a5_gnd00080	0.007224	0.017734620	99.277649	0	7	1
AG-904-K03_a5_gnd00080_p9_s4	AG-904-K03	AG-904-K03_a5_gnd00080	0.007224	0.017734620	99.277649	0	9	4
AG-904-K03_a5_gnd00090	AG-904-K03	AG-904-K03_a5_gnd00090	0.008114123	0.020032562	99.188588	1		
AG-904-K03_a5_gnd00090_p13_s3	AG-904-K03	AG-904-K03_a5_gnd00090	0.008114	0.020032562	99.188588	0	13	3
AG-904-K03_a5_gnd00090_p15_s5	AG-904-K03	AG-904-K03_a5_gnd00090	0.008114	0.020032562	99.188588	0	15	5
AG-904-K03_a5_gnd00090_p18_s1	AG-904-K03	AG-904-K03_a5_gnd00090	0.008114	0.020032562	99.188588	0	18	1
AG-904-K03_a5_gnd00090_p5_s2	AG-904-K03	AG-904-K03_a5_gnd00090	0.008114	0.020032562	99.188588	0	5	2
AG-904-K03_a5_gnd00090_p6_s4	AG-904-K03	AG-904-K03_a5_gnd00090	0.008114	0.020032562	99.188588	0	6	4
AG-904-K03_a5_gnd001	AG-904-K03	AG-904-K03_a5_gnd001	0.009032171	0.022197930	99.096783	1		
AG-904-K03_a5_gnd001_p10_s1	AG-904-K03	AG-904-K03_a5_gnd001	0.009032	0.022197930	99.096783	0	10	1
AG-904-K03_a5_gnd001_p13_s2	AG-904-K03	AG-904-K03_a5_gnd001	0.009032	0.022197930	99.096783	0	13	2
AG-904-K03_a5_gnd001_p13_s3	AG-904-K03	AG-904-K03_a5_gnd001	0.009032	0.022197930	99.096783	0	13	3
AG-904-K03_a5_gnd001_p13_s4	AG-904-K03	AG-904-K03_a5_gnd001	0.009032	0.022197930	99.096783	0	13	4
AG-904-K03_a5_gnd001_p16_s5	AG-904-K03	AG-904-K03_a5_gnd001	0.009032	0.022197930	99.096783	0	16	5
AG-904-K03_a5_gnd002	AG-904-K03	AG-904-K03_a5_gnd002	0.018055443	0.043891150	98.194456	1		
AG-904-K03_a5_gnd002_p10_s1	AG-904-K03	AG-904-K03_a5_gnd002	0.018055	0.043891150	98.194456	0	10	1
AG-904-K03_a5_gnd002_p11_s3	AG-904-K03	AG-904-K03_a5_gnd002	0.018055	0.043891150	98.194456	0	11	3
AG-904-K03_a5_gnd002_p16_s5	AG-904-K03	AG-904-K03_a5_gnd002	0.018055	0.043891150	98.194456	0	16	5
AG-904-K03_a5_gnd002_p17_s4	AG-904-K03	AG-904-K03_a5_gnd002	0.018055	0.043891150	98.194456	0	17	4
AG-904-K03_a5_gnd002_p19_s2	AG-904-K03	AG-904-K03_a5_gnd002	0.018055	0.043891150	98.194456	0	19	2
AG-904-K03_a5_gnd003	AG-904-K03	AG-904-K03_a5_gnd003	0.027115052	0.065061054	97.288495	1		
AG-904-K03_a5_gnd003_p12_s2	AG-904-K03	AG-904-K03_a5_gnd003	0.027115	0.065061054	97.288495	0	12	2
AG-904-K03_a5_gnd003_p13_s1	AG-904-K03	AG-904-K03_a5_gnd003	0.027115	0.065061054	97.288495	0	13	1
AG-904-K03_a5_gnd003_p15_s3	AG-904-K03	AG-904-K03_a5_gnd003	0.027115	0.065061054	97.288495	0	15	3
AG-904-K03_a5_gnd003_p19_s4	AG-904-K03	AG-904-K03_a5_gnd003	0.027115	0.065061054	97.288495	0	19	4
AG-904-K03_a5_gnd003_p7_s5	AG-904-K03	AG-904-K03_a5_gnd003	0.027115	0.065061054	97.288495	0	7	5
AG-904-K03_a5_gnd004	AG-904-K03	AG-904-K03_a5_gnd004	0.036113111	0.085809978	96.388689	1		
AG-904-K03_a5_gnd004_p0_s3	AG-904-K03	AG-904-K03_a5_gnd004	0.036113	0.085809978	96.388689	0	0	3
AG-904-K03_a5_gnd004_p13_s1	AG-904-K03	AG-904-K03_a5_gnd004	0.036113	0.085809978	96.388689	0	13	1
AG-904-K03_a5_gnd004_p14_s2	AG-904-K03	AG-904-K03_a5_gnd004	0.036113	0.085809978	96.388689	0	14	2
AG-904-K03_a5_gnd004_p16_s5	AG-904-K03	AG-904-K03_a5_gnd004	0.036113	0.085809978	96.388689	0	16	5
AG-904-K03_a5_gnd004_p20_s4	AG-904-K03	AG-904-K03_a5_gnd004	0.036113	0.085809978	96.388689	0	20	4
AG-904-K03_a5_gnd005	AG-904-K03	AG-904-K03_a5_gnd005	0.045167529	0.106193743	95.483247	1		
AG-904-K03_a5_gnd005_p11_s3	AG-904-K03	AG-904-K03_a5_gnd005	0.045168	0.106193743	95.483247	0	11	3
AG-904-K03_a5_gnd005_p11_s5	AG-904-K03	AG-904-K03_a5_gnd005	0.045168	0.106193743	95.483247	0	11	5
AG-904-K03_a5_gnd005_p12_s2	AG-904-K03	AG-904-K03_a5_gnd005	0.045168	0.106193743	95.483247	0	12	2
AG-904-K03_a5_gnd005_p15_s1	AG-904-K03	AG-904-K03_a5_gnd005	0.045168	0.106193743	95.483247	0	15	1
AG-904-K03_a5_gnd005_p17_s4	AG-904-K03	AG-904-K03_a5_gnd005	0.045168	0.106193743	95.483247	0	17	4
AG-904-K03_a5_gnd006	AG-904-K03	AG-904-K03_a5_gnd006	0.054168555	0.126026282	94.583145	1		
AG-904-K03_a5_gnd006_p0_s1	AG-904-K03	AG-904-K03_a5_gnd006	0.054169	0.126026282	94.583145	0	0	1
AG-904-K03_a5_gnd006_p0_s3	AG-904-K03	AG-904-K03_a5_gnd006	0.054169	0.126026282	94.583145	0	0	3
AG-904-K03_a5_gnd006_p17_s2	AG-904-K03	AG-904-K03_a5_gnd006	0.054169	0.126026282	94.583145	0	17	2
AG-904-K03_a5_gnd006_p17_s5	AG-904-K03	AG-904-K03_a5_gnd006	0.054169	0.126026282	94.583145	0	17	5
AG-904-K03_a5_gnd006_p9_s4	AG-904-K03	AG-904-K03_a5_gnd006	0.054169	0.126026282	94.583145	0	9	4
AG-904-K03_a5_gnd007	AG-904-K03	AG-904-K03_a5_gnd007	0.063091717	0.146226305	93.690828	1		
AG-904-K03_a5_gnd007_p14_s3	AG-904-K03	AG-904-K03_a5_gnd007	0.063092	0.146226305	93.690828	0	14	3
AG-904-K03_a5_gnd007_p15_s2	AG-904-K03	AG-904-K03_a5_gnd007	0.063092	0.146226305	93.690828	0	15	2
AG-904-K03_a5_gnd007_p16_s4	AG-904-K03	AG-904-K03_a5_gnd007	0.063092	0.146226305	93.690828	0	16	4
AG-904-K03_a5_gnd007_p2_s1	AG-904-K03	AG-904-K03_a5_gnd007	0.063092	0.146226305	93.690828	0	2	1
AG-904-K03_a5_gnd007_p8_s5	AG-904-K03	AG-904-K03_a5_gnd007	0.063092	0.146226305	93.690828	0	8	5
AG-904-K03_a5_gnd008	AG-904-K03	AG-904-K03_a5_gnd008	0.072234380	0.166256541	92.776562	1		
AG-904-K03_a5_gnd008_p0_s4	AG-904-K03	AG-904-K03_a5_gnd008	0.072234	0.166256541	92.776562	0	0	4
AG-904-K03_a5_gnd008_p12_s5	AG-904-K03	AG-904-K03_a5_gnd008	0.072234	0.166256541	92.776562	0	12	5
AG-904-K03_a5_gnd008_p15_s1	AG-904-K03	AG-904-K03_a5_gnd008	0.072234	0.166256541	92.776562	0	15	1
AG-904-K03_a5_gnd008_p18_s3	AG-904-K03	AG-904-K03_a5_gnd008	0.072234	0.166256541	92.776562	0	18	3
AG-904-K03_a5_gnd008_p8_s2	AG-904-K03	AG-904-K03_a5_gnd008	0.072234	0.166256541	92.776562	0	8	2
AG-904-K03_a5_gnd009	AG-904-K03	AG-904-K03_a5_gnd009	0.081236888	0.184402838	91.876311	1		
AG-904-K03_a5_gnd009_p11_s3	AG-904-K03	AG-904-K03_a5_gnd009	0.081237	0.184402838	91.876311	0	11	3
AG-904-K03_a5_gnd009_p18_s1	AG-904-K03	AG-904-K03_a5_gnd009	0.081237	0.184402838	91.876311	0	18	1
AG-904-K03_a5_gnd009_p19_s4	AG-904-K03	AG-904-K03_a5_gnd009	0.081237	0.184402838	91.876311	0	19	4
AG-904-K03_a5_gnd009_p9_s2	AG-904-K03	AG-904-K03_a5_gnd009	0.081237	0.184402838	91.876311	0	9	2
AG-904-K03_a5_gnd009_p9_s5	AG-904-K03	AG-904-K03_a5_gnd009	0.081237	0.184402838	91.876311	0	9	5
AG-904-K03_a5_gnd010	AG-904-K03	AG-904-K03_a5_gnd010	0.090257936	0.203335272	90.974206	1		
AG-904-K03_a5_gnd010_p18_s1	AG-904-K03	AG-904-K03_a5_gnd010	0.090258	0.203335272	90.974206	0	18	1
AG-904-K03_a5_gnd010_p20_s5	AG-904-K03	AG-904-K03_a5_gnd010	0.090258	0.203335272	90.974206	0	20	5
AG-904-K03_a5_gnd010_p7_s2	AG-904-K03	AG-904-K03_a5_gnd010	0.090258	0.203335272	90.974206	0	7	2
AG-904-K03_a5_gnd010_p8_s3	AG-904-K03	AG-904-K03_a5_gnd010	0.090258	0.203335272	90.974206	0	8	3
AG-904-K03_a5_gnd010_p9_s4	AG-904-K03	AG-904-K03_a5_gnd010	0.090258	0.203335272	90.974206	0	9	4
AG-904-K03_a5_gnd011	AG-904-K03	AG-904-K03_a5_gnd011	0.099293073	0.221455983	90.070693	1		
AG-904-K03_a5_gnd011_p10_s3	AG-904-K03	AG-904-K03_a5_gnd011	0.099293	0.221455983	90.070693	0	10	3
AG-904-K03_a5_gnd011_p14_s1	AG-904-K03	AG-904-K03_a5_gnd011	0.099293	0.221455983	90.070693	0	14	1
AG-904-K03_a5_gnd011_p15_s4	AG-904-K03	AG-904-K03_a5_gnd011	0.099293	0.221455983	90.070693	0	15	4
AG-904-K03_a5_gnd011_p20_s2	AG-904-K03	AG-904-K03_a5_gnd011	0.099293	0.221455983	90.070693	0	20	2
AG-904-K03_a5_gnd011_p9_s5	AG-904-K03	AG-904-K03_a5_gnd011	0.099293	0.221455983	90.070693	0	9	5
AG-904-K03_a5_gnd012	AG-904-K03	AG-904-K03_a5_gnd012	0.108478005	0.239720898	89.152199	1		
AG-904-K03_a5_gnd012_p0_s4	AG-904-K03	AG-904-K03_a5_gnd012	0.108478	0.239720898	89.152199	0	0	4
AG-904-K03_a5_gnd012_p11_s5	AG-904-K03	AG-904-K03_a5_gnd012	0.108478	0.239720898	89.152199	0	11	5
AG-904-K03_a5_gnd012_p13_s3	AG-904-K03	AG-904-K03_a5_gnd012	0.108478	0.239720898	89.152199	0	13	3
AG-904-K03_a5_gnd012_p14_s1	AG-904-K03	AG-904-K03_a5_gnd012	0.108478	0.239720898	89.152199	0	14	1
AG-904-K03_a5_gnd012_p9_s2	AG-904-K03	AG-904-K03_a5_gnd012	0.108478	0.239720898	89.152199	0	9	2
AG-904-K03_a5_gnd013	AG-904-K03	AG-904-K03_a5_gnd013	0.117456042	0.257043842	88.254396	1		
AG-904-K03_a5_gnd013_p11_s5	AG-904-K03	AG-904-K03_a5_gnd013	0.117456	0.257043842	88.254396	0	11	5
AG-904-K03_a5_gnd013_p12_s1	AG-904-K03	AG-904-K03_a5_gnd013	0.117456	0.257043842	88.254396	0	12	1
AG-904-K03_a5_gnd013_p15_s4	AG-904-K03	AG-904-K03_a5_gnd013	0.117456	0.257043842	88.254396	0	15	4
AG-904-K03_a5_gnd013_p20_s3	AG-904-K03	AG-904-K03_a5_gnd013	0.117456	0.257043842	88.254396	0	20	3
AG-904-K03_a5_gnd013_p8_s2	AG-904-K03	AG-904-K03_a5_gnd013	0.117456	0.257043842	88.254396	0	8	2
AG-904-K03_a5_gnd014	AG-904-K03	AG-904-K03_a5_gnd014	0.126461517	0.274852890	87.353848	1		
AG-904-K03_a5_gnd014_p0_s1	AG-904-K03	AG-904-K03_a5_gnd014	0.126462	0.274852890	87.353848	0	0	1
AG-904-K03_a5_gnd014_p18_s2	AG-904-K03	AG-904-K03_a5_gnd014	0.126462	0.274852890	87.353848	0	18	2
AG-904-K03_a5_gnd014_p18_s3	AG-904-K03	AG-904-K03_a5_gnd014	0.126462	0.274852890	87.353848	0	18	3
AG-904-K03_a5_gnd014_p19_s5	AG-904-K03	AG-904-K03_a5_gnd014	0.126462	0.274852890	87.353848	0	19	5
AG-904-K03_a5_gnd014_p20_s4	AG-904-K03	AG-904-K03_a5_gnd014	0.126462	0.274852890	87.353848	0	20	4
AG-904-K03_a5_gnd015	AG-904-K03	AG-904-K03_a5_gnd015	0.135587866	0.291889755	86.441213	1		
AG-904-K03_a5_gnd015_p11_s2	AG-904-K03	AG-904-K03_a5_gnd015	0.135588	0.291889755	86.441213	0	11	2
AG-904-K03_a5_gnd015_p13_s4	AG-904-K03	AG-904-K03_a5_gnd015	0.135588	0.291889755	86.441213	0	13	4
AG-904-K03_a5_gnd015_p14_s5	AG-904-K03	AG-904-K03_a5_gnd015	0.135588	0.291889755	86.441213	0	14	5
AG-904-K03_a5_gnd015_p17_s3	AG-904-K03	AG-904-K03_a5_gnd015	0.135588	0.291889755	86.441213	0	17	3
AG-904-K03_a5_gnd015_p20_s1	AG-904-K03	AG-904-K03_a5_gnd015	0.135588	0.291889755	86.441213	0	20	1
AG-904-K03_a5_gnd016	AG-904-K03	AG-904-K03_a5_gnd016	0.144673429	0.309554599	85.532657	1		
AG-904-K03_a5_gnd016_p12_s5	AG-904-K03	AG-904-K03_a5_gnd016	0.144673	0.309554599	85.532657	0	12	5
AG-904-K03_a5_gnd016_p16_s4	AG-904-K03	AG-904-K03_a5_gnd016	0.144673	0.309554599	85.532657	0	16	4
AG-904-K03_a5_gnd016_p18_s2	AG-904-K03	AG-904-K03_a5_gnd016	0.144673	0.309554599	85.532657	0	18	2
AG-904-K03_a5_gnd016_p5_s3	AG-904-K03	AG-904-K03_a5_gnd016	0.144673	0.309554599	85.532657	0	5	3
AG-904-K03_a5_gnd016_p6_s1	AG-904-K03	AG-904-K03_a5_gnd016	0.144673	0.309554599	85.532657	0	6	1
AG-904-K03_a5_gnd017	AG-904-K03	AG-904-K03_a5_gnd017	0.153595850	0.324451680	84.640415	1		
AG-904-K03_a5_gnd017_p0_s2	AG-904-K03	AG-904-K03_a5_gnd017	0.153596	0.324451680	84.640415	0	0	2
AG-904-K03_a5_gnd017_p0_s5	AG-904-K03	AG-904-K03_a5_gnd017	0.153596	0.324451680	84.640415	0	0	5
AG-904-K03_a5_gnd017_p13_s1	AG-904-K03	AG-904-K03_a5_gnd017	0.153596	0.324451680	84.640415	0	13	1
AG-904-K03_a5_gnd017_p14_s4	AG-904-K03	AG-904-K03_a5_gnd017	0.153596	0.324451680	84.640415	0	14	4
AG-904-K03_a5_gnd017_p20_s3	AG-904-K03	AG-904-K03_a5_gnd017	0.153596	0.324451680	84.640415	0	20	3
AG-904-K03_a5_gnd018	AG-904-K03	AG-904-K03_a5_gnd018	0.162794871	0.341607164	83.720513	1		
AG-904-K03_a5_gnd018_p15_s3	AG-904-K03	AG-904-K03_a5_gnd018	0.162795	0.341607164	83.720513	0	15	3
AG-904-K03_a5_gnd018_p18_s2	AG-904-K03	AG-904-K03_a5_gnd018	0.162795	0.341607164	83.720513	0	18	2
AG-904-K03_a5_gnd018_p7_s1	AG-904-K03	AG-904-K03_a5_gnd018	0.162795	0.341607164	83.720513	0	7	1
AG-904-K03_a5_gnd018_p8_s4	AG-904-K03	AG-904-K03_a5_gnd018	0.162795	0.341607164	83.720513	0	8	4
AG-904-K03_a5_gnd018_p9_s5	AG-904-K03	AG-904-K03_a5_gnd018	0.162795	0.341607164	83.720513	0	9	5
AG-904-K03_a5_gnd019	AG-904-K03	AG-904-K03_a5_gnd019	0.171862637	0.357071753	82.813736	1		
AG-904-K03_a5_gnd019_p0_s4	AG-904-K03	AG-904-K03_a5_gnd019	0.171863	0.357071753	82.813736	0	0	4
AG-904-K03_a5_gnd019_p18_s2	AG-904-K03	AG-904-K03_a5_gnd019	0.171863	0.357071753	82.813736	0	18	2
AG-904-K03_a5_gnd019_p5_s1	AG-904-K03	AG-904-K03_a5_gnd019	0.171863	0.357071753	82.813736	0	5	1
AG-904-K03_a5_gnd019_p7_s5	AG-904-K03	AG-904-K03_a5_gnd019	0.171863	0.357071753	82.813736	0	7	5
AG-904-K03_a5_gnd019_p8_s3	AG-904-K03	AG-904-K03_a5_gnd019	0.171863	0.357071753	82.813736	0	8	3
AG-904-K03_a5_gnd020	AG-904-K03	AG-904-K03_a5_gnd020	0.180970447	0.372954995	81.902955	1		
AG-904-K03_a5_gnd020_p14_s1	AG-904-K03	AG-904-K03_a5_gnd020	0.180970	0.372954995	81.902955	0	14	1
AG-904-K03_a5_gnd020_p14_s4	AG-904-K03	AG-904-K03_a5_gnd020	0.180970	0.372954995	81.902955	0	14	4
AG-904-K03_a5_gnd020_p16_s5	AG-904-K03	AG-904-K03_a5_gnd020	0.180970	0.372954995	81.902955	0	16	5
AG-904-K03_a5_gnd020_p20_s3	AG-904-K03	AG-904-K03_a5_gnd020	0.180970	0.372954995	81.902955	0	20	3
AG-904-K03_a5_gnd020_p8_s2	AG-904-K03	AG-904-K03_a5_gnd020	0.180970	0.372954995	81.902955	0	8	2
AG-908-A02_a22_gnd00000	AG-908-A02	AG-908-A02_a22_gnd00000	0.000000000	0.000475591	100.000000	1		
AG-908-A02_a22_gnd00005	AG-908-A02	AG-908-A02_a22_gnd00005	0.000437444	0.001575548	99.956256	1		
AG-908-A02_a22_gnd00010	AG-908-A02	AG-908-A02_a22_gnd00010	0.000880943	0.002702334	99.911906	1		
AG-908-A02_a22_gnd00020	AG-908-A02	AG-908-A02_a22_gnd00020	0.001748264	0.004838836	99.825174	1		
AG-908-A02_a22_gnd00030	AG-908-A02	AG-908-A02_a22_gnd00030	0.002641316	0.007168013	99.735868	1		
AG-908-A02_a22_gnd00040	AG-908-A02	AG-908-A02_a22_gnd00040	0.003526043	0.009341099	99.647396	1		
AG-908-A02_a22_gnd00050	AG-908-A02	AG-908-A02_a22_gnd00050	0.004391093	0.011589792	99.560891	1		
AG-908-A02_a22_gnd00060	AG-908-A02	AG-908-A02_a22_gnd00060	0.005266739	0.013967748	99.473326	1		
AG-908-A02_a22_gnd00070	AG-908-A02	AG-908-A02_a22_gnd00070	0.006152223	0.015853040	99.384778	1		
AG-908-A02_a22_gnd00080	AG-908-A02	AG-908-A02_a22_gnd00080	0.007036950	0.018043198	99.296305	1		
AG-908-A02_a22_gnd00090	AG-908-A02	AG-908-A02_a22_gnd00090	0.007886864	0.020308964	99.211314	1		
AG-908-A02_a22_gnd001	AG-908-A02	AG-908-A02_a22_gnd001	0.008794296	0.022547901	99.120570	1		
AG-908-A02_a22_gnd002	AG-908-A02	AG-908-A02_a22_gnd002	0.017611297	0.044383634	98.238870	1		
AG-908-A02_a22_gnd003	AG-908-A02	AG-908-A02_a22_gnd003	0.026379104	0.065794993	97.362090	1		
AG-908-A02_a22_gnd004	AG-908-A02	AG-908-A02_a22_gnd004	0.035155236	0.086908804	96.484476	1		
AG-908-A02_a22_gnd005	AG-908-A02	AG-908-A02_a22_gnd005	0.044050946	0.107649458	95.594905	1		
AG-908-A02_a22_gnd006	AG-908-A02	AG-908-A02_a22_gnd006	0.052747612	0.127543803	94.725239	1		
AG-908-A02_a22_gnd007	AG-908-A02	AG-908-A02_a22_gnd007	0.061522231	0.147952763	93.847777	1		
AG-908-A02_a22_gnd008	AG-908-A02	AG-908-A02_a22_gnd008	0.070367234	0.167227620	92.963277	1		
AG-908-A02_a22_gnd009	AG-908-A02	AG-908-A02_a22_gnd009	0.079073738	0.186236635	92.092626	1		
AG-908-A02_a22_gnd010	AG-908-A02	AG-908-A02_a22_gnd010	0.087991396	0.206335850	91.200860	1		
AG-908-A02_a22_gnd011	AG-908-A02	AG-908-A02_a22_gnd011	0.096749365	0.224586358	90.325064	1		
AG-908-A02_a22_gnd012	AG-908-A02	AG-908-A02_a22_gnd012	0.105489926	0.242805159	89.451007	1		
AG-908-A02_a22_gnd013	AG-908-A02	AG-908-A02_a22_gnd013	0.114394719	0.261126395	88.560528	1		
AG-908-A02_a22_gnd014	AG-908-A02	AG-908-A02_a22_gnd014	0.123320702	0.279776887	87.667930	1		
AG-908-A02_a22_gnd015	AG-908-A02	AG-908-A02_a22_gnd015	0.131963633	0.296525014	86.803637	1		
AG-908-A02_a22_gnd016	AG-908-A02	AG-908-A02_a22_gnd016	0.140806366	0.314041403	85.919363	1		
AG-908-A02_a22_gnd017	AG-908-A02	AG-908-A02_a22_gnd017	0.149688453	0.331769980	85.031155	1		
AG-908-A02_a22_gnd018	AG-908-A02	AG-908-A02_a22_gnd018	0.158441881	0.347669359	84.155812	1		
AG-908-A02_a22_gnd019	AG-908-A02	AG-908-A02_a22_gnd019	0.167339105	0.363958967	83.266090	1		
AG-908-A02_a22_gnd020	AG-908-A02	AG-908-A02_a22_gnd020	0.176144753	0.380229064	82.385525	1		
AG-908-A02_a5_gnd00000	AG-908-A02	AG-908-A02_a5_gnd00000	0.000000000	0.000475591	100.000000	1		
AG-908-A02_a5_gnd00000_p13_s3	AG-908-A02	AG-908-A02_a5_gnd00000	0.000000	0.000475591	100.000000	0	13	3
AG-908-A02_a5_gnd00000_p14_s4	AG-908-A02	AG-908-A02_a5_gnd00000	0.000000	0.000475591	100.000000	0	14	4
AG-908-A02_a5_gnd00000_p18_s5	AG-908-A02	AG-908-A02_a5_gnd00000	0.000000	0.000475591	100.000000	0	18	5
AG-908-A02_a5_gnd00000_p20_s1	AG-908-A02	AG-908-A02_a5_gnd00000	0.000000	0.000475591	100.000000	0	20	1
AG-908-A02_a5_gnd00000_p6_s2	AG-908-A02	AG-908-A02_a5_gnd00000	0.000000	0.000475591	100.000000	0	6	2
AG-908-A02_a5_gnd00005	AG-908-A02	AG-908-A02_a5_gnd00005	0.000438201	0.001546281	99.956180	1		
AG-908-A02_a5_gnd00005_p11_s1	AG-908-A02	AG-908-A02_a5_gnd00005	0.000438	0.001546281	99.956180	0	11	1
AG-908-A02_a5_gnd00005_p15_s3	AG-908-A02	AG-908-A02_a5_gnd00005	0.000438	0.001546281	99.956180	0	15	3
AG-908-A02_a5_gnd00005_p15_s4	AG-908-A02	AG-908-A02_a5_gnd00005	0.000438	0.001546281	99.956180	0	15	4
AG-908-A02_a5_gnd00005_p16_s5	AG-908-A02	AG-908-A02_a5_gnd00005	0.000438	0.001546281	99.956180	0	16	5
AG-908-A02_a5_gnd00005_p8_s2	AG-908-A02	AG-908-A02_a5_gnd00005	0.000438	0.001546281	99.956180	0	8	2
AG-908-A02_a5_gnd00010	AG-908-A02	AG-908-A02_a5_gnd00010	0.000874132	0.002653555	99.912587	1		
AG-908-A02_a5_gnd00010_p11_s3	AG-908-A02	AG-908-A02_a5_gnd00010	0.000874	0.002653555	99.912587	0	11	3
AG-908-A02_a5_gnd00010_p12_s2	AG-908-A02	AG-908-A02_a5_gnd00010	0.000874	0.002653555	99.912587	0	12	2
AG-908-A02_a5_gnd00010_p13_s4	AG-908-A02	AG-908-A02_a5_gnd00010	0.000874	0.002653555	99.912587	0	13	4
AG-908-A02_a5_gnd00010_p16_s1	AG-908-A02	AG-908-A02_a5_gnd00010	0.000874	0.002653555	99.912587	0	16	1
AG-908-A02_a5_gnd00010_p9_s5	AG-908-A02	AG-908-A02_a5_gnd00010	0.000874	0.002653555	99.912587	0	9	5
AG-908-A02_a5_gnd00020	AG-908-A02	AG-908-A02_a5_gnd00020	0.001770212	0.004880297	99.822979	1		
AG-908-A02_a5_gnd00020_p0_s5	AG-908-A02	AG-908-A02_a5_gnd00020	0.001770	0.004880297	99.822979	0	0	5
AG-908-A02_a5_gnd00020_p11_s2	AG-908-A02	AG-908-A02_a5_gnd00020	0.001770	0.004880297	99.822979	0	11	2
AG-908-A02_a5_gnd00020_p18_s1	AG-908-A02	AG-908-A02_a5_gnd00020	0.001770	0.004880297	99.822979	0	18	1
AG-908-A02_a5_gnd00020_p18_s3	AG-908-A02	AG-908-A02_a5_gnd00020	0.001770	0.004880297	99.822979	0	18	3
AG-908-A02_a5_gnd00020_p18_s4	AG-908-A02	AG-908-A02_a5_gnd00020	0.001770	0.004880297	99.822979	0	18	4
AG-908-A02_a5_gnd00030	AG-908-A02	AG-908-A02_a5_gnd00030	0.002636018	0.007128990	99.736398	1		
AG-908-A02_a5_gnd00030_p13_s5	AG-908-A02	AG-908-A02_a5_gnd00030	0.002636	0.007128990	99.736398	0	13	5
AG-908-A02_a5_gnd00030_p14_s1	AG-908-A02	AG-908-A02_a5_gnd00030	0.002636	0.007128990	99.736398	0	14	1
AG-908-A02_a5_gnd00030_p19_s3	AG-908-A02	AG-908-A02_a5_gnd00030	0.002636	0.007128990	99.736398	0	19	3
AG-908-A02_a5_gnd00030_p7_s2	AG-908-A02	AG-908-A02_a5_gnd00030	0.002636	0.007128990	99.736398	0	7	2
AG-908-A02_a5_gnd00030_p8_s4	AG-908-A02	AG-908-A02_a5_gnd00030	0.002636	0.007128990	99.736398	0	8	4
AG-908-A02_a5_gnd00040	AG-908-A02	AG-908-A02_a5_gnd00040	0.003520746	0.009282565	99.647925	1		
AG-908-A02_a5_gnd00040_p10_s2	AG-908-A02	AG-908-A02_a5_gnd00040	0.003521	0.009282565	99.647925	0	10	2
AG-908-A02_a5_gnd00040_p11_s3	AG-908-A02	AG-908-A02_a5_gnd00040	0.003521	0.009282565	99.647925	0	11	3
AG-908-A02_a5_gnd00040_p18_s4	AG-908-A02	AG-908-A02_a5_gnd00040	0.003521	0.009282565	99.647925	0	18	4
AG-908-A02_a5_gnd00040_p7_s5	AG-908-A02	AG-908-A02_a5_gnd00040	0.003521	0.009282565	99.647925	0	7	5
AG-908-A02_a5_gnd00040_p9_s1	AG-908-A02	AG-908-A02_a5_gnd00040	0.003521	0.009282565	99.647925	0	9	1
AG-908-A02_a5_gnd00050	AG-908-A02	AG-908-A02_a5_gnd00050	0.004378984	0.011470284	99.562102	1		
AG-908-A02_a5_gnd00050_p13_s5	AG-908-A02	AG-908-A02_a5_gnd00050	0.004379	0.011470284	99.562102	0	13	5
AG-908-A02_a5_gnd00050_p14_s3	AG-908-A02	AG-908-A02_a5_gnd00050	0.004379	0.011470284	99.562102	0	14	3
AG-908-A02_a5_gnd00050_p16_s2	AG-908-A02	AG-908-A02_a5_gnd00050	0.004379	0.011470284	99.562102	0	16	2
AG-908-A02_a5_gnd00050_p18_s4	AG-908-A02	AG-908-A02_a5_gnd00050	0.004379	0.011470284	99.562102	0	18	4
AG-908-A02_a5_gnd00050_p8_s1	AG-908-A02	AG-908-A02_a5_gnd00050	0.004379	0.011470284	99.562102	0	8	1
AG-908-A02_a5_gnd00060	AG-908-A02	AG-908-A02_a5_gnd00060	0.005269766	0.013706782	99.473023	1		
AG-908-A02_a5_gnd00060_p0_s1	AG-908-A02	AG-908-A02_a5_gnd00060	0.005270	0.013706782	99.473023	0	0	1
AG-908-A02_a5_gnd00060_p10_s5	AG-908-A02	AG-908-A02_a5_gnd00060	0.005270	0.013706782	99.473023	0	10	5
AG-908-A02_a5_gnd00060_p15_s4	AG-908-A02	AG-908-A02_a5_gnd00060	0.005270	0.013706782	99.473023	0	15	4
AG-908-A02_a5_gnd00060_p6_s2	AG-908-A02	AG-908-A02_a5_gnd00060	0.005270	0.013706782	99.473023	0	6	2
AG-908-A02_a5_gnd00060_p8_s3	AG-908-A02	AG-908-A02_a5_gnd00060	0.005270	0.013706782	99.473023	0	8	3
AG-908-A02_a5_gnd00070	AG-908-A02	AG-908-A02_a5_gnd00070	0.006145412	0.015953036	99.385459	1		
AG-908-A02_a5_gnd00070_p17_s3	AG-908-A02	AG-908-A02_a5_gnd00070	0.006145	0.015953036	99.385459	0	17	3
AG-908-A02_a5_gnd00070_p17_s4	AG-908-A02	AG-908-A02_a5_gnd00070	0.006145	0.015953036	99.385459	0	17	4
AG-908-A02_a5_gnd00070_p20_s1	AG-908-A02	AG-908-A02_a5_gnd00070	0.006145	0.015953036	99.385459	0	20	1
AG-908-A02_a5_gnd00070_p7_s2	AG-908-A02	AG-908-A02_a5_gnd00070	0.006145	0.015953036	99.385459	0	7	2
AG-908-A02_a5_gnd00070_p9_s5	AG-908-A02	AG-908-A02_a5_gnd00070	0.006145	0.015953036	99.385459	0	9	5
AG-908-A02_a5_gnd00080	AG-908-A02	AG-908-A02_a5_gnd00080	0.007052087	0.018221240	99.294791	1		
AG-908-A02_a5_gnd00080_p11_s3	AG-908-A02	AG-908-A02_a5_gnd00080	0.007052	0.018221240	99.294791	0	11	3
AG-908-A02_a5_gnd00080_p11_s4	AG-908-A02	AG-908-A02_a5_gnd00080	0.007052	0.018221240	99.294791	0	11	4
AG-908-A02_a5_gnd00080_p20_s2	AG-908-A02	AG-908-A02_a5_gnd00080	0.007052	0.018221240	99.294791	0	20	2
AG-908-A02_a5_gnd00080_p6_s5	AG-908-A02	AG-908-A02_a5_gnd00080	0.007052	0.018221240	99.294791	0	6	5
AG-908-A02_a5_gnd00080_p7_s1	AG-908-A02	AG-908-A02_a5_gnd00080	0.007052	0.018221240	99.294791	0	7	1
AG-908-A02_a5_gnd00090	AG-908-A02	AG-908-A02_a5_gnd00090	0.007908812	0.020247990	99.209119	1		
AG-908-A02_a5_gnd00090_p10_s1	AG-908-A02	AG-908-A02_a5_gnd00090	0.007909	0.020247990	99.209119	0	10	1
AG-908-A02_a5_gnd00090_p13_s2	AG-908-A02	AG-908-A02_a5_gnd00090	0.007909	0.020247990	99.209119	0	13	2
AG-908-A02_a5_gnd00090_p14_s3	AG-908-A02	AG-908-A02_a5_gnd00090	0.007909	0.020247990	99.209119	0	14	3
AG-908-A02_a5_gnd00090_p19_s5	AG-908-A02	AG-908-A02_a5_gnd00090	0.007909	0.020247990	99.209119	0	19	5
AG-908-A02_a5_gnd00090_p6_s4	AG-908-A02	AG-908-A02_a5_gnd00090	0.007909	0.020247990	99.209119	0	6	4
AG-908-A02_a5_gnd001	AG-908-A02	AG-908-A02_a5_gnd001	0.008795810	0.022550339	99.120419	1		
AG-908-A02_a5_gnd001_p12_s2	AG-908-A02	AG-908-A02_a5_gnd001	0.008796	0.022550339	99.120419	0	12	2
AG-908-A02_a5_gnd001_p16_s1	AG-908-A02	AG-908-A02_a5_gnd001	0.008796	0.022550339	99.120419	0	16	1
AG-908-A02_a5_gnd001_p19_s4	AG-908-A02	AG-908-A02_a5_gnd001	0.008796	0.022550339	99.120419	0	19	4
AG-908-A02_a5_gnd001_p4_s3	AG-908-A02	AG-908-A02_a5_gnd001	0.008796	0.022550339	99.120419	0	4	3
AG-908-A02_a5_gnd001_p7_s5	AG-908-A02	AG-908-A02_a5_gnd001	0.008796	0.022550339	99.120419	0	7	5
AG-908-A02_a5_gnd002	AG-908-A02	AG-908-A02_a5_gnd002	0.017603728	0.044134863	98.239627	1		
AG-908-A02_a5_gnd002_p10_s3	AG-908-A02	AG-908-A02_a5_gnd002	0.017604	0.044134863	98.239627	0	10	3
AG-908-A02_a5_gnd002_p13_s2	AG-908-A02	AG-908-A02_a5_gnd002	0.017604	0.044134863	98.239627	0	13	2
AG-908-A02_a5_gnd002_p15_s1	AG-908-A02	AG-908-A02_a5_gnd002	0.017604	0.044134863	98.239627	0	15	1
AG-908-A02_a5_gnd002_p16_s5	AG-908-A02	AG-908-A02_a5_gnd002	0.017604	0.044134863	98.239627	0	16	5
AG-908-A02_a5_gnd002_p7_s4	AG-908-A02	AG-908-A02_a5_gnd002	0.017604	0.044134863	98.239627	0	7	4
AG-908-A02_a5_gnd003	AG-908-A02	AG-908-A02_a5_gnd003	0.026335965	0.065324280	97.366404	1		
AG-908-A02_a5_gnd003_p11_s2	AG-908-A02	AG-908-A02_a5_gnd003	0.026336	0.065324280	97.366404	0	11	2
AG-908-A02_a5_gnd003_p13_s1	AG-908-A02	AG-908-A02_a5_gnd003	0.026336	0.065324280	97.366404	0	13	1
AG-908-A02_a5_gnd003_p16_s4	AG-908-A02	AG-908-A02_a5_gnd003	0.026336	0.065324280	97.366404	0	16	4
AG-908-A02_a5_gnd003_p8_s5	AG-908-A02	AG-908-A02_a5_gnd003	0.026336	0.065324280	97.366404	0	8	5
AG-908-A02_a5_gnd003_p9_s3	AG-908-A02	AG-908-A02_a5_gnd003	0.026336	0.065324280	97.366404	0	9	3
AG-908-A02_a5_gnd004	AG-908-A02	AG-908-A02_a5_gnd004	0.035239243	0.086713689	96.476076	1		
AG-908-A02_a5_gnd004_p0_s1	AG-908-A02	AG-908-A02_a5_gnd004	0.035239	0.086713689	96.476076	0	0	1
AG-908-A02_a5_gnd004_p11_s5	AG-908-A02	AG-908-A02_a5_gnd004	0.035239	0.086713689	96.476076	0	11	5
AG-908-A02_a5_gnd004_p17_s4	AG-908-A02	AG-908-A02_a5_gnd004	0.035239	0.086713689	96.476076	0	17	4
AG-908-A02_a5_gnd004_p20_s3	AG-908-A02	AG-908-A02_a5_gnd004	0.035239	0.086713689	96.476076	0	20	3
AG-908-A02_a5_gnd004_p5_s2	AG-908-A02	AG-908-A02_a5_gnd004	0.035239	0.086713689	96.476076	0	5	2
AG-908-A02_a5_gnd005	AG-908-A02	AG-908-A02_a5_gnd005	0.043926827	0.106788516	95.607317	1		
AG-908-A02_a5_gnd005_p0_s3	AG-908-A02	AG-908-A02_a5_gnd005	0.043927	0.106788516	95.607317	0	0	3
AG-908-A02_a5_gnd005_p10_s5	AG-908-A02	AG-908-A02_a5_gnd005	0.043927	0.106788516	95.607317	0	10	5
AG-908-A02_a5_gnd005_p13_s1	AG-908-A02	AG-908-A02_a5_gnd005	0.043927	0.106788516	95.607317	0	13	1
AG-908-A02_a5_gnd005_p17_s2	AG-908-A02	AG-908-A02_a5_gnd005	0.043927	0.106788516	95.607317	0	17	2
AG-908-A02_a5_gnd005_p9_s4	AG-908-A02	AG-908-A02_a5_gnd005	0.043927	0.106788516	95.607317	0	9	4
AG-908-A02_a5_gnd006	AG-908-A02	AG-908-A02_a5_gnd006	0.052858865	0.127092601	94.714113	1		
AG-908-A02_a5_gnd006_p12_s5	AG-908-A02	AG-908-A02_a5_gnd006	0.052859	0.127092601	94.714113	0	12	5
AG-908-A02_a5_gnd006_p13_s3	AG-908-A02	AG-908-A02_a5_gnd006	0.052859	0.127092601	94.714113	0	13	3
AG-908-A02_a5_gnd006_p15_s4	AG-908-A02	AG-908-A02_a5_gnd006	0.052859	0.127092601	94.714113	0	15	4
AG-908-A02_a5_gnd006_p18_s1	AG-908-A02	AG-908-A02_a5_gnd006	0.052859	0.127092601	94.714113	0	18	1
AG-908-A02_a5_gnd006_p19_s2	AG-908-A02	AG-908-A02_a5_gnd006	0.052859	0.127092601	94.714113	0	19	2
AG-908-A02_a5_gnd007	AG-908-A02	AG-908-A02_a5_gnd007	0.061583533	0.146896706	93.841647	1		
AG-908-A02_a5_gnd007_p10_s3	AG-908-A02	AG-908-A02_a5_gnd007	0.061584	0.146896706	93.841647	0	10	3
AG-908-A02_a5_gnd007_p12_s4	AG-908-A02	AG-908-A02_a5_gnd007	0.061584	0.146896706	93.841647	0	12	4
AG-908-A02_a5_gnd007_p14_s1	AG-908-A02	AG-908-A02_a5_gnd007	0.061584	0.146896706	93.841647	0	14	1
AG-908-A02_a5_gnd007_p15_s5	AG-908-A02	AG-908-A02_a5_gnd007	0.061584	0.146896706	93.841647	0	15	5
AG-908-A02_a5_gnd007_p8_s2	AG-908-A02	AG-908-A02_a5_gnd007	0.061584	0.146896706	93.841647	0	8	2
AG-908-A02_a5_gnd008	AG-908-A02	AG-908-A02_a5_gnd008	0.070390695	0.166508136	92.960930	1		
AG-908-A02_a5_gnd008_p11_s4	AG-908-A02	AG-908-A02_a5_gnd008	0.070391	0.166508136	92.960930	0	11	4
AG-908-A02_a5_gnd008_p12_s5	AG-908-A02	AG-908-A02_a5_gnd008	0.070391	0.166508136	92.960930	0	12	5
AG-908-A02_a5_gnd008_p20_s1	AG-908-A02	AG-908-A02_a5_gnd008	0.070391	0.166508136	92.960930	0	20	1
AG-908-A02_a5_gnd008_p20_s2	AG-908-A02	AG-908-A02_a5_gnd008	0.070391	0.166508136	92.960930	0	20	2
AG-908-A02_a5_gnd008_p8_s3	AG-908-A02	AG-908-A02_a5_gnd008	0.070391	0.166508136	92.960930	0	8	3
AG-908-A02_a5_gnd009	AG-908-A02	AG-908-A02_a5_gnd009	0.079182721	0.185468372	92.081728	1		
AG-908-A02_a5_gnd009_p12_s2	AG-908-A02	AG-908-A02_a5_gnd009	0.079183	0.185468372	92.081728	0	12	2
AG-908-A02_a5_gnd009_p14_s5	AG-908-A02	AG-908-A02_a5_gnd009	0.079183	0.185468372	92.081728	0	14	5
AG-908-A02_a5_gnd009_p3_s3	AG-908-A02	AG-908-A02_a5_gnd009	0.079183	0.185468372	92.081728	0	3	3
AG-908-A02_a5_gnd009_p4_s4	AG-908-A02	AG-908-A02_a5_gnd009	0.079183	0.185468372	92.081728	0	4	4
AG-908-A02_a5_gnd009_p8_s1	AG-908-A02	AG-908-A02_a5_gnd009	0.079183	0.185468372	92.081728	0	8	1
AG-908-A02_a5_gnd010	AG-908-A02	AG-908-A02_a5_gnd010	0.087932364	0.204353001	91.206764	1		
AG-908-A02_a5_gnd010_p0_s4	AG-908-A02	AG-908-A02_a5_gnd010	0.087932	0.204353001	91.206764	0	0	4
AG-908-A02_a5_gnd010_p14_s5	AG-908-A02	AG-908-A02_a5_gnd010	0.087932	0.204353001	91.206764	0	14	5
AG-908-A02_a5_gnd010_p16_s3	AG-908-A02	AG-908-A02_a5_gnd010	0.087932	0.204353001	91.206764	0	16	3
AG-908-A02_a5_gnd010_p20_s2	AG-908-A02	AG-908-A02_a5_gnd010	0.087932	0.204353001	91.206764	0	20	2
AG-908-A02_a5_gnd010_p6_s1	AG-908-A02	AG-908-A02_a5_gnd010	0.087932	0.204353001	91.206764	0	6	1
AG-908-A02_a5_gnd011	AG-908-A02	AG-908-A02_a5_gnd011	0.096782665	0.222905935	90.321733	1		
AG-908-A02_a5_gnd011_p11_s5	AG-908-A02	AG-908-A02_a5_gnd011	0.096783	0.222905935	90.321733	0	11	5
AG-908-A02_a5_gnd011_p17_s2	AG-908-A02	AG-908-A02_a5_gnd011	0.096783	0.222905935	90.321733	0	17	2
AG-908-A02_a5_gnd011_p18_s3	AG-908-A02	AG-908-A02_a5_gnd011	0.096783	0.222905935	90.321733	0	18	3
AG-908-A02_a5_gnd011_p18_s4	AG-908-A02	AG-908-A02_a5_gnd011	0.096783	0.222905935	90.321733	0	18	4
AG-908-A02_a5_gnd011_p19_s1	AG-908-A02	AG-908-A02_a5_gnd011	0.096783	0.222905935	90.321733	0	19	1
AG-908-A02_a5_gnd012	AG-908-A02	AG-908-A02_a5_gnd012	0.105596638	0.240527199	89.440336	1		
AG-908-A02_a5_gnd012_p10_s5	AG-908-A02	AG-908-A02_a5_gnd012	0.105597	0.240527199	89.440336	0	10	5
AG-908-A02_a5_gnd012_p12_s1	AG-908-A02	AG-908-A02_a5_gnd012	0.105597	0.240527199	89.440336	0	12	1
AG-908-A02_a5_gnd012_p20_s2	AG-908-A02	AG-908-A02_a5_gnd012	0.105597	0.240527199	89.440336	0	20	2
AG-908-A02_a5_gnd012_p20_s3	AG-908-A02	AG-908-A02_a5_gnd012	0.105597	0.240527199	89.440336	0	20	3
AG-908-A02_a5_gnd012_p4_s4	AG-908-A02	AG-908-A02_a5_gnd012	0.105597	0.240527199	89.440336	0	4	4
AG-908-A02_a5_gnd013	AG-908-A02	AG-908-A02_a5_gnd013	0.114467374	0.258463084	88.553263	1		
AG-908-A02_a5_gnd013_p13_s2	AG-908-A02	AG-908-A02_a5_gnd013	0.114467	0.258463084	88.553263	0	13	2
AG-908-A02_a5_gnd013_p15_s4	AG-908-A02	AG-908-A02_a5_gnd013	0.114467	0.258463084	88.553263	0	15	4
AG-908-A02_a5_gnd013_p18_s5	AG-908-A02	AG-908-A02_a5_gnd013	0.114467	0.258463084	88.553263	0	18	5
AG-908-A02_a5_gnd013_p19_s1	AG-908-A02	AG-908-A02_a5_gnd013	0.114467	0.258463084	88.553263	0	19	1
AG-908-A02_a5_gnd013_p19_s3	AG-908-A02	AG-908-A02_a5_gnd013	0.114467	0.258463084	88.553263	0	19	3
AG-908-A02_a5_gnd014	AG-908-A02	AG-908-A02_a5_gnd014	0.123176149	0.275657535	87.682385	1		
AG-908-A02_a5_gnd014_p13_s4	AG-908-A02	AG-908-A02_a5_gnd014	0.123176	0.275657535	87.682385	0	13	4
AG-908-A02_a5_gnd014_p16_s1	AG-908-A02	AG-908-A02_a5_gnd014	0.123176	0.275657535	87.682385	0	16	1
AG-908-A02_a5_gnd014_p19_s5	AG-908-A02	AG-908-A02_a5_gnd014	0.123176	0.275657535	87.682385	0	19	5
AG-908-A02_a5_gnd014_p20_s2	AG-908-A02	AG-908-A02_a5_gnd014	0.123176	0.275657535	87.682385	0	20	2
AG-908-A02_a5_gnd014_p8_s3	AG-908-A02	AG-908-A02_a5_gnd014	0.123176	0.275657535	87.682385	0	8	3
AG-908-A02_a5_gnd015	AG-908-A02	AG-908-A02_a5_gnd015	0.132192951	0.292900765	86.780705	1		
AG-908-A02_a5_gnd015_p10_s3	AG-908-A02	AG-908-A02_a5_gnd015	0.132193	0.292900765	86.780705	0	10	3
AG-908-A02_a5_gnd015_p13_s4	AG-908-A02	AG-908-A02_a5_gnd015	0.132193	0.292900765	86.780705	0	13	4
AG-908-A02_a5_gnd015_p14_s2	AG-908-A02	AG-908-A02_a5_gnd015	0.132193	0.292900765	86.780705	0	14	2
AG-908-A02_a5_gnd015_p15_s1	AG-908-A02	AG-908-A02_a5_gnd015	0.132193	0.292900765	86.780705	0	15	1
AG-908-A02_a5_gnd015_p18_s5	AG-908-A02	AG-908-A02_a5_gnd015	0.132193	0.292900765	86.780705	0	18	5
AG-908-A02_a5_gnd016	AG-908-A02	AG-908-A02_a5_gnd016	0.140895671	0.309234274	85.910433	1		
AG-908-A02_a5_gnd016_p13_s1	AG-908-A02	AG-908-A02_a5_gnd016	0.140896	0.309234274	85.910433	0	13	1
AG-908-A02_a5_gnd016_p13_s3	AG-908-A02	AG-908-A02_a5_gnd016	0.140896	0.309234274	85.910433	0	13	3
AG-908-A02_a5_gnd016_p20_s4	AG-908-A02	AG-908-A02_a5_gnd016	0.140896	0.309234274	85.910433	0	20	4
AG-908-A02_a5_gnd016_p20_s5	AG-908-A02	AG-908-A02_a5_gnd016	0.140896	0.309234274	85.910433	0	20	5
AG-908-A02_a5_gnd016_p6_s2	AG-908-A02	AG-908-A02_a5_gnd016	0.140896	0.309234274	85.910433	0	6	2
AG-908-A02_a5_gnd017	AG-908-A02	AG-908-A02_a5_gnd017	0.149730079	0.326465309	85.026992	1		
AG-908-A02_a5_gnd017_p11_s5	AG-908-A02	AG-908-A02_a5_gnd017	0.149730	0.326465309	85.026992	0	11	5
AG-908-A02_a5_gnd017_p20_s2	AG-908-A02	AG-908-A02_a5_gnd017	0.149730	0.326465309	85.026992	0	20	2
AG-908-A02_a5_gnd017_p20_s3	AG-908-A02	AG-908-A02_a5_gnd017	0.149730	0.326465309	85.026992	0	20	3
AG-908-A02_a5_gnd017_p20_s4	AG-908-A02	AG-908-A02_a5_gnd017	0.149730	0.326465309	85.026992	0	20	4
AG-908-A02_a5_gnd017_p3_s1	AG-908-A02	AG-908-A02_a5_gnd017	0.149730	0.326465309	85.026992	0	3	1
AG-908-A02_a5_gnd018	AG-908-A02	AG-908-A02_a5_gnd018	0.158622762	0.342681749	84.137724	1		
AG-908-A02_a5_gnd018_p11_s2	AG-908-A02	AG-908-A02_a5_gnd018	0.158623	0.342681749	84.137724	0	11	2
AG-908-A02_a5_gnd018_p13_s3	AG-908-A02	AG-908-A02_a5_gnd018	0.158623	0.342681749	84.137724	0	13	3
AG-908-A02_a5_gnd018_p17_s5	AG-908-A02	AG-908-A02_a5_gnd018	0.158623	0.342681749	84.137724	0	17	5
AG-908-A02_a5_gnd018_p19_s4	AG-908-A02	AG-908-A02_a5_gnd018	0.158623	0.342681749	84.137724	0	19	4
AG-908-A02_a5_gnd018_p2_s1	AG-908-A02	AG-908-A02_a5_gnd018	0.158623	0.342681749	84.137724	0	2	1
AG-908-A02_a5_gnd019	AG-908-A02	AG-908-A02_a5_gnd019	0.167257368	0.357017775	83.274263	1		
AG-908-A02_a5_gnd019_p10_s4	AG-908-A02	AG-908-A02_a5_gnd019	0.167257	0.357017775	83.274263	0	10	4
AG-908-A02_a5_gnd019_p14_s5	AG-908-A02	AG-908-A02_a5_gnd019	0.167257	0.357017775	83.274263	0	14	5
AG-908-A02_a5_gnd019_p15_s2	AG-908-A02	AG-908-A02_a5_gnd019	0.167257	0.357017775	83.274263	0	15	2
AG-908-A02_a5_gnd019_p6_s1	AG-908-A02	AG-908-A02_a5_gnd019	0.167257	0.357017775	83.274263	0	6	1
AG-908-A02_a5_gnd019_p6_s3	AG-908-A02	AG-908-A02_a5_gnd019	0.167257	0.357017775	83.274263	0	6	3
AG-908-A02_a5_gnd020	AG-908-A02	AG-908-A02_a5_gnd020	0.176184108	0.373029345	82.381589	1		
AG-908-A02_a5_gnd020_p0_s1	AG-908-A02	AG-908-A02_a5_gnd020	0.176184	0.373029345	82.381589	0	0	1
AG-908-A02_a5_gnd020_p10_s5	AG-908-A02	AG-908-A02_a5_gnd020	0.176184	0.373029345	82.381589	0	10	5
AG-908-A02_a5_gnd020_p14_s3	AG-908-A02	AG-908-A02_a5_gnd020	0.176184	0.373029345	82.381589	0	14	3
AG-908-A02_a5_gnd020_p1_s4	AG-908-A02	AG-908-A02_a5_gnd020	0.176184	0.373029345	82.381589	0	1	4
AG-908-A02_a5_gnd020_p7_s2	AG-908-A02	AG-908-A02_a5_gnd020	0.176184	0.373029345	82.381589	0	7	2
AG-909-F14_a22_gnd00000	AG-909-F14	AG-909-F14_a22_gnd00000	0.000000000	0.000255545	100.000000	1		
AG-909-F14_a22_gnd00005	AG-909-F14	AG-909-F14_a22_gnd00005	0.000453640	0.001354870	99.954636	1		
AG-909-F14_a22_gnd00010	AG-909-F14	AG-909-F14_a22_gnd00010	0.000901898	0.002456606	99.909810	1		
AG-909-F14_a22_gnd00020	AG-909-F14	AG-909-F14_a22_gnd00020	0.001801489	0.004640791	99.819851	1		
AG-909-F14_a22_gnd00030	AG-909-F14	AG-909-F14_a22_gnd00030	0.002706462	0.006897300	99.729354	1		
AG-909-F14_a22_gnd00040	AG-909-F14	AG-909-F14_a22_gnd00040	0.003614511	0.009091128	99.638549	1		
AG-909-F14_a22_gnd00050	AG-909-F14	AG-909-F14_a22_gnd00050	0.004510257	0.011258438	99.548974	1		
AG-909-F14_a22_gnd00060	AG-909-F14	AG-909-F14_a22_gnd00060	0.005408311	0.013466731	99.459169	1		
AG-909-F14_a22_gnd00070	AG-909-F14	AG-909-F14_a22_gnd00070	0.006300982	0.015687078	99.369902	1		
AG-909-F14_a22_gnd00080	AG-909-F14	AG-909-F14_a22_gnd00080	0.007205186	0.018064127	99.279481	1		
AG-909-F14_a22_gnd00090	AG-909-F14	AG-909-F14_a22_gnd00090	0.008119386	0.019862584	99.188061	1		
AG-909-F14_a22_gnd001	AG-909-F14	AG-909-F14_a22_gnd001	0.009059727	0.022242044	99.094027	1		
AG-909-F14_a22_gnd002	AG-909-F14	AG-909-F14_a22_gnd002	0.018007967	0.043924783	98.199203	1		
AG-909-F14_a22_gnd003	AG-909-F14	AG-909-F14_a22_gnd003	0.027144583	0.064937319	97.285542	1		
AG-909-F14_a22_gnd004	AG-909-F14	AG-909-F14_a22_gnd004	0.036115889	0.086393443	96.388411	1		
AG-909-F14_a22_gnd005	AG-909-F14	AG-909-F14_a22_gnd005	0.045184074	0.106656220	95.481593	1		
AG-909-F14_a22_gnd006	AG-909-F14	AG-909-F14_a22_gnd006	0.054161531	0.126967213	94.583847	1		
AG-909-F14_a22_gnd007	AG-909-F14	AG-909-F14_a22_gnd007	0.063288920	0.147237223	93.671108	1		
AG-909-F14_a22_gnd008	AG-909-F14	AG-909-F14_a22_gnd008	0.072270222	0.166759884	92.772978	1		
AG-909-F14_a22_gnd009	AG-909-F14	AG-909-F14_a22_gnd009	0.081334563	0.186494696	91.866544	1		
AG-909-F14_a22_gnd010	AG-909-F14	AG-909-F14_a22_gnd010	0.090317402	0.204980714	90.968260	1		
AG-909-F14_a22_gnd011	AG-909-F14	AG-909-F14_a22_gnd011	0.099311774	0.223944069	90.068823	1		
AG-909-F14_a22_gnd012	AG-909-F14	AG-909-F14_a22_gnd012	0.108360738	0.242099807	89.163926	1		
AG-909-F14_a22_gnd013	AG-909-F14	AG-909-F14_a22_gnd013	0.117380483	0.260906461	88.261952	1		
AG-909-F14_a22_gnd014	AG-909-F14	AG-909-F14_a22_gnd014	0.126360247	0.277384282	87.363975	1		
AG-909-F14_a22_gnd015	AG-909-F14	AG-909-F14_a22_gnd015	0.135539920	0.295667792	86.446008	1		
AG-909-F14_a22_gnd016	AG-909-F14	AG-909-F14_a22_gnd016	0.144643474	0.312818226	85.535653	1		
AG-909-F14_a22_gnd017	AG-909-F14	AG-909-F14_a22_gnd017	0.153554038	0.330074735	84.644596	1		
AG-909-F14_a22_gnd018	AG-909-F14	AG-909-F14_a22_gnd018	0.162737555	0.346434426	83.726244	1		
AG-909-F14_a22_gnd019	AG-909-F14	AG-909-F14_a22_gnd019	0.171470508	0.362121504	82.852949	1		
AG-909-F14_a22_gnd020	AG-909-F14	AG-909-F14_a22_gnd020	0.180822411	0.378845227	81.917759	1		
AG-909-F14_a5_gnd00000	AG-909-F14	AG-909-F14_a5_gnd00000	0.000000000	0.000255545	100.000000	1		
AG-909-F14_a5_gnd00000_p11_s3	AG-909-F14	AG-909-F14_a5_gnd00000	0.000000	0.000255545	100.000000	0	11	3
AG-909-F14_a5_gnd00000_p15_s1	AG-909-F14	AG-909-F14_a5_gnd00000	0.000000	0.000255545	100.000000	0	15	1
AG-909-F14_a5_gnd00000_p16_s5	AG-909-F14	AG-909-F14_a5_gnd00000	0.000000	0.000255545	100.000000	0	16	5
AG-909-F14_a5_gnd00000_p17_s4	AG-909-F14	AG-909-F14_a5_gnd00000	0.000000	0.000255545	100.000000	0	17	4
AG-909-F14_a5_gnd00000_p8_s2	AG-909-F14	AG-909-F14_a5_gnd00000	0.000000	0.000255545	100.000000	0	8	2
AG-909-F14_a5_gnd00005	AG-909-F14	AG-909-F14_a5_gnd00005	0.000452102	0.001364513	99.954790	1		
AG-909-F14_a5_gnd00005_p0_s1	AG-909-F14	AG-909-F14_a5_gnd00005	0.000452	0.001364513	99.954790	0	0	1
AG-909-F14_a5_gnd00005_p13_s2	AG-909-F14	AG-909-F14_a5_gnd00005	0.000452	0.001364513	99.954790	0	13	2
AG-909-F14_a5_gnd00005_p13_s3	AG-909-F14	AG-909-F14_a5_gnd00005	0.000452	0.001364513	99.954790	0	13	3
AG-909-F14_a5_gnd00005_p18_s5	AG-909-F14	AG-909-F14_a5_gnd00005	0.000452	0.001364513	99.954790	0	18	5
AG-909-F14_a5_gnd00005_p4_s4	AG-909-F14	AG-909-F14_a5_gnd00005	0.000452	0.001364513	99.954790	0	4	4
AG-909-F14_a5_gnd00010	AG-909-F14	AG-909-F14_a5_gnd00010	0.000902667	0.002473481	99.909733	1		
AG-909-F14_a5_gnd00010_p13_s1	AG-909-F14	AG-909-F14_a5_gnd00010	0.000903	0.002473481	99.909733	0	13	1
AG-909-F14_a5_gnd00010_p17_s3	AG-909-F14	AG-909-F14_a5_gnd00010	0.000903	0.002473481	99.909733	0	17	3
AG-909-F14_a5_gnd00010_p18_s2	AG-909-F14	AG-909-F14_a5_gnd00010	0.000903	0.002473481	99.909733	0	18	2
AG-909-F14_a5_gnd00010_p5_s4	AG-909-F14	AG-909-F14_a5_gnd00010	0.000903	0.002473481	99.909733	0	5	4
AG-909-F14_a5_gnd00010_p7_s5	AG-909-F14	AG-909-F14_a5_gnd00010	0.000903	0.002473481	99.909733	0	7	5
AG-909-F14_a5_gnd00020	AG-909-F14	AG-909-F14_a5_gnd00020	0.001813022	0.004611861	99.818698	1		
AG-909-F14_a5_gnd00020_p18_s1	AG-909-F14	AG-909-F14_a5_gnd00020	0.001813	0.004611861	99.818698	0	18	1
AG-909-F14_a5_gnd00020_p18_s2	AG-909-F14	AG-909-F14_a5_gnd00020	0.001813	0.004611861	99.818698	0	18	2
AG-909-F14_a5_gnd00020_p5_s4	AG-909-F14	AG-909-F14_a5_gnd00020	0.001813	0.004611861	99.818698	0	5	4
AG-909-F14_a5_gnd00020_p6_s5	AG-909-F14	AG-909-F14_a5_gnd00020	0.001813	0.004611861	99.818698	0	6	5
AG-909-F14_a5_gnd00020_p9_s3	AG-909-F14	AG-909-F14_a5_gnd00020	0.001813	0.004611861	99.818698	0	9	3
AG-909-F14_a5_gnd00030	AG-909-F14	AG-909-F14_a5_gnd00030	0.002722608	0.006911765	99.727739	1		
AG-909-F14_a5_gnd00030_p13_s1	AG-909-F14	AG-909-F14_a5_gnd00030	0.002723	0.006911765	99.727739	0	13	1
AG-909-F14_a5_gnd00030_p15_s3	AG-909-F14	AG-909-F14_a5_gnd00030	0.002723	0.006911765	99.727739	0	15	3
AG-909-F14_a5_gnd00030_p19_s2	AG-909-F14	AG-909-F14_a5_gnd00030	0.002723	0.006911765	99.727739	0	19	2
AG-909-F14_a5_gnd00030_p8_s5	AG-909-F14	AG-909-F14_a5_gnd00030	0.002723	0.006911765	99.727739	0	8	5
AG-909-F14_a5_gnd00030_p9_s4	AG-909-F14	AG-909-F14_a5_gnd00030	0.002723	0.006911765	99.727739	0	9	4
AG-909-F14_a5_gnd00040	AG-909-F14	AG-909-F14_a5_gnd00040	0.003630657	0.009088717	99.636934	1		
AG-909-F14_a5_gnd00040_p11_s2	AG-909-F14	AG-909-F14_a5_gnd00040	0.003631	0.009088717	99.636934	0	11	2
AG-909-F14_a5_gnd00040_p11_s4	AG-909-F14	AG-909-F14_a5_gnd00040	0.003631	0.009088717	99.636934	0	11	4
AG-909-F14_a5_gnd00040_p5_s1	AG-909-F14	AG-909-F14_a5_gnd00040	0.003631	0.009088717	99.636934	0	5	1
AG-909-F14_a5_gnd00040_p6_s5	AG-909-F14	AG-909-F14_a5_gnd00040	0.003631	0.009088717	99.636934	0	6	5
AG-909-F14_a5_gnd00040_p8_s3	AG-909-F14	AG-909-F14_a5_gnd00040	0.003631	0.009088717	99.636934	0	8	3
AG-909-F14_a5_gnd00050	AG-909-F14	AG-909-F14_a5_gnd00050	0.004529479	0.011369335	99.547052	1		
AG-909-F14_a5_gnd00050_p15_s1	AG-909-F14	AG-909-F14_a5_gnd00050	0.004529	0.011369335	99.547052	0	15	1
AG-909-F14_a5_gnd00050_p17_s4	AG-909-F14	AG-909-F14_a5_gnd00050	0.004529	0.011369335	99.547052	0	17	4
AG-909-F14_a5_gnd00050_p18_s3	AG-909-F14	AG-909-F14_a5_gnd00050	0.004529	0.011369335	99.547052	0	18	3
AG-909-F14_a5_gnd00050_p7_s5	AG-909-F14	AG-909-F14_a5_gnd00050	0.004529	0.011369335	99.547052	0	7	5
AG-909-F14_a5_gnd00050_p9_s2	AG-909-F14	AG-909-F14_a5_gnd00050	0.004529	0.011369335	99.547052	0	9	2
AG-909-F14_a5_gnd00060	AG-909-F14	AG-909-F14_a5_gnd00060	0.005415230	0.013401639	99.458477	1		
AG-909-F14_a5_gnd00060_p12_s2	AG-909-F14	AG-909-F14_a5_gnd00060	0.005415	0.013401639	99.458477	0	12	2
AG-909-F14_a5_gnd00060_p14_s1	AG-909-F14	AG-909-F14_a5_gnd00060	0.005415	0.013401639	99.458477	0	14	1
AG-909-F14_a5_gnd00060_p14_s5	AG-909-F14	AG-909-F14_a5_gnd00060	0.005415	0.013401639	99.458477	0	14	5
AG-909-F14_a5_gnd00060_p18_s4	AG-909-F14	AG-909-F14_a5_gnd00060	0.005415	0.013401639	99.458477	0	18	4
AG-909-F14_a5_gnd00060_p6_s3	AG-909-F14	AG-909-F14_a5_gnd00060	0.005415	0.013401639	99.458477	0	6	3
AG-909-F14_a5_gnd00070	AG-909-F14	AG-909-F14_a5_gnd00070	0.006333275	0.015653327	99.366673	1		
AG-909-F14_a5_gnd00070_p0_s4	AG-909-F14	AG-909-F14_a5_gnd00070	0.006333	0.015653327	99.366673	0	0	4
AG-909-F14_a5_gnd00070_p13_s3	AG-909-F14	AG-909-F14_a5_gnd00070	0.006333	0.015653327	99.366673	0	13	3
AG-909-F14_a5_gnd00070_p16_s1	AG-909-F14	AG-909-F14_a5_gnd00070	0.006333	0.015653327	99.366673	0	16	1
AG-909-F14_a5_gnd00070_p19_s5	AG-909-F14	AG-909-F14_a5_gnd00070	0.006333	0.015653327	99.366673	0	19	5
AG-909-F14_a5_gnd00070_p9_s2	AG-909-F14	AG-909-F14_a5_gnd00070	0.006333	0.015653327	99.366673	0	9	2
AG-909-F14_a5_gnd00080	AG-909-F14	AG-909-F14_a5_gnd00080	0.007227484	0.017789296	99.277252	1		
AG-909-F14_a5_gnd00080_p10_s4	AG-909-F14	AG-909-F14_a5_gnd00080	0.007227	0.017789296	99.277252	0	10	4
AG-909-F14_a5_gnd00080_p11_s3	AG-909-F14	AG-909-F14_a5_gnd00080	0.007227	0.017789296	99.277252	0	11	3
AG-909-F14_a5_gnd00080_p11_s5	AG-909-F14	AG-909-F14_a5_gnd00080	0.007227	0.017789296	99.277252	0	11	5
AG-909-F14_a5_gnd00080_p18_s1	AG-909-F14	AG-909-F14_a5_gnd00080	0.007227	0.017789296	99.277252	0	18	1
AG-909-F14_a5_gnd00080_p20_s2	AG-909-F14	AG-909-F14_a5_gnd00080	0.007227	0.017789296	99.277252	0	20	2
AG-909-F14_a5_gnd00090	AG-909-F14	AG-909-F14_a5_gnd00090	0.008144759	0.020320636	99.185524	1		
AG-909-F14_a5_gnd00090_p0_s4	AG-909-F14	AG-909-F14_a5_gnd00090	0.008145	0.020320636	99.185524	0	0	4
AG-909-F14_a5_gnd00090_p10_s2	AG-909-F14	AG-909-F14_a5_gnd00090	0.008145	0.020320636	99.185524	0	10	2
AG-909-F14_a5_gnd00090_p11_s3	AG-909-F14	AG-909-F14_a5_gnd00090	0.008145	0.020320636	99.185524	0	11	3
AG-909-F14_a5_gnd00090_p19_s1	AG-909-F14	AG-909-F14_a5_gnd00090	0.008145	0.020320636	99.185524	0	19	1
AG-909-F14_a5_gnd00090_p4_s5	AG-909-F14	AG-909-F14_a5_gnd00090	0.008145	0.020320636	99.185524	0	4	5
AG-909-F14_a5_gnd001	AG-909-F14	AG-909-F14_a5_gnd001	0.009050501	0.022278206	99.094950	1		
AG-909-F14_a5_gnd001_p11_s4	AG-909-F14	AG-909-F14_a5_gnd001	0.009051	0.022278206	99.094950	0	11	4
AG-909-F14_a5_gnd001_p15_s2	AG-909-F14	AG-909-F14_a5_gnd001	0.009051	0.022278206	99.094950	0	15	2
AG-909-F14_a5_gnd001_p18_s5	AG-909-F14	AG-909-F14_a5_gnd001	0.009051	0.022278206	99.094950	0	18	5
AG-909-F14_a5_gnd001_p19_s1	AG-909-F14	AG-909-F14_a5_gnd001	0.009051	0.022278206	99.094950	0	19	1
AG-909-F14_a5_gnd001_p19_s3	AG-909-F14	AG-909-F14_a5_gnd001	0.009051	0.022278206	99.094950	0	19	3
AG-909-F14_a5_gnd002	AG-909-F14	AG-909-F14_a5_gnd002	0.018076398	0.043801832	98.192360	1		
AG-909-F14_a5_gnd002_p12_s1	AG-909-F14	AG-909-F14_a5_gnd002	0.018076	0.043801832	98.192360	0	12	1
AG-909-F14_a5_gnd002_p13_s3	AG-909-F14	AG-909-F14_a5_gnd002	0.018076	0.043801832	98.192360	0	13	3
AG-909-F14_a5_gnd002_p18_s2	AG-909-F14	AG-909-F14_a5_gnd002	0.018076	0.043801832	98.192360	0	18	2
AG-909-F14_a5_gnd002_p18_s4	AG-909-F14	AG-909-F14_a5_gnd002	0.018076	0.043801832	98.192360	0	18	4
AG-909-F14_a5_gnd002_p2_s5	AG-909-F14	AG-909-F14_a5_gnd002	0.018076	0.043801832	98.192360	0	2	5
AG-909-F14_a5_gnd003	AG-909-F14	AG-909-F14_a5_gnd003	0.027092299	0.064737223	97.290770	1		
AG-909-F14_a5_gnd003_p10_s1	AG-909-F14	AG-909-F14_a5_gnd003	0.027092	0.064737223	97.290770	0	10	1
AG-909-F14_a5_gnd003_p10_s4	AG-909-F14	AG-909-F14_a5_gnd003	0.027092	0.064737223	97.290770	0	10	4
AG-909-F14_a5_gnd003_p12_s3	AG-909-F14	AG-909-F14_a5_gnd003	0.027092	0.064737223	97.290770	0	12	3
AG-909-F14_a5_gnd003_p16_s5	AG-909-F14	AG-909-F14_a5_gnd003	0.027092	0.064737223	97.290770	0	16	5
AG-909-F14_a5_gnd003_p18_s2	AG-909-F14	AG-909-F14_a5_gnd003	0.027092	0.064737223	97.290770	0	18	2
AG-909-F14_a5_gnd004	AG-909-F14	AG-909-F14_a5_gnd004	0.036095898	0.085863067	96.390410	1		
AG-909-F14_a5_gnd004_p12_s2	AG-909-F14	AG-909-F14_a5_gnd004	0.036096	0.085863067	96.390410	0	12	2
AG-909-F14_a5_gnd004_p18_s4	AG-909-F14	AG-909-F14_a5_gnd004	0.036096	0.085863067	96.390410	0	18	4
AG-909-F14_a5_gnd004_p5_s5	AG-909-F14	AG-909-F14_a5_gnd004	0.036096	0.085863067	96.390410	0	5	5
AG-909-F14_a5_gnd004_p8_s3	AG-909-F14	AG-909-F14_a5_gnd004	0.036096	0.085863067	96.390410	0	8	3
AG-909-F14_a5_gnd004_p9_s1	AG-909-F14	AG-909-F14_a5_gnd004	0.036096	0.085863067	96.390410	0	9	1
AG-909-F14_a5_gnd005	AG-909-F14	AG-909-F14_a5_gnd005	0.045207909	0.106685149	95.479209	1		
AG-909-F14_a5_gnd005_p11_s3	AG-909-F14	AG-909-F14_a5_gnd005	0.045208	0.106685149	95.479209	0	11	3
AG-909-F14_a5_gnd005_p13_s2	AG-909-F14	AG-909-F14_a5_gnd005	0.045208	0.106685149	95.479209	0	13	2
AG-909-F14_a5_gnd005_p14_s4	AG-909-F14	AG-909-F14_a5_gnd005	0.045208	0.106685149	95.479209	0	14	4
AG-909-F14_a5_gnd005_p15_s1	AG-909-F14	AG-909-F14_a5_gnd005	0.045208	0.106685149	95.479209	0	15	1
AG-909-F14_a5_gnd005_p1_s5	AG-909-F14	AG-909-F14_a5_gnd005	0.045208	0.106685149	95.479209	0	1	5
AG-909-F14_a5_gnd006	AG-909-F14	AG-909-F14_a5_gnd006	0.054195362	0.126620058	94.580464	1		
AG-909-F14_a5_gnd006_p19_s1	AG-909-F14	AG-909-F14_a5_gnd006	0.054195	0.126620058	94.580464	0	19	1
AG-909-F14_a5_gnd006_p19_s2	AG-909-F14	AG-909-F14_a5_gnd006	0.054195	0.126620058	94.580464	0	19	2
AG-909-F14_a5_gnd006_p19_s3	AG-909-F14	AG-909-F14_a5_gnd006	0.054195	0.126620058	94.580464	0	19	3
AG-909-F14_a5_gnd006_p19_s4	AG-909-F14	AG-909-F14_a5_gnd006	0.054195	0.126620058	94.580464	0	19	4
AG-909-F14_a5_gnd006_p4_s5	AG-909-F14	AG-909-F14_a5_gnd006	0.054195	0.126620058	94.580464	0	4	5
AG-909-F14_a5_gnd007	AG-909-F14	AG-909-F14_a5_gnd007	0.063211263	0.145636451	93.678874	1		
AG-909-F14_a5_gnd007_p10_s1	AG-909-F14	AG-909-F14_a5_gnd007	0.063211	0.145636451	93.678874	0	10	1
AG-909-F14_a5_gnd007_p10_s4	AG-909-F14	AG-909-F14_a5_gnd007	0.063211	0.145636451	93.678874	0	10	4
AG-909-F14_a5_gnd007_p15_s2	AG-909-F14	AG-909-F14_a5_gnd007	0.063211	0.145636451	93.678874	0	15	2
AG-909-F14_a5_gnd007_p15_s3	AG-909-F14	AG-909-F14_a5_gnd007	0.063211	0.145636451	93.678874	0	15	3
AG-909-F14_a5_gnd007_p19_s5	AG-909-F14	AG-909-F14_a5_gnd007	0.063211	0.145636451	93.678874	0	19	5
AG-909-F14_a5_gnd008	AG-909-F14	AG-909-F14_a5_gnd008	0.072301746	0.165802797	92.769825	1		
AG-909-F14_a5_gnd008_p0_s3	AG-909-F14	AG-909-F14_a5_gnd008	0.072302	0.165802797	92.769825	0	0	3
AG-909-F14_a5_gnd008_p13_s4	AG-909-F14	AG-909-F14_a5_gnd008	0.072302	0.165802797	92.769825	0	13	4
AG-909-F14_a5_gnd008_p15_s1	AG-909-F14	AG-909-F14_a5_gnd008	0.072302	0.165802797	92.769825	0	15	1
AG-909-F14_a5_gnd008_p15_s5	AG-909-F14	AG-909-F14_a5_gnd008	0.072302	0.165802797	92.769825	0	15	5
AG-909-F14_a5_gnd008_p7_s2	AG-909-F14	AG-909-F14_a5_gnd008	0.072302	0.165802797	92.769825	0	7	2
AG-909-F14_a5_gnd009	AG-909-F14	AG-909-F14_a5_gnd009	0.081344558	0.184505786	91.865544	1		
AG-909-F14_a5_gnd009_p12_s2	AG-909-F14	AG-909-F14_a5_gnd009	0.081345	0.184505786	91.865544	0	12	2
AG-909-F14_a5_gnd009_p13_s4	AG-909-F14	AG-909-F14_a5_gnd009	0.081345	0.184505786	91.865544	0	13	4
AG-909-F14_a5_gnd009_p13_s5	AG-909-F14	AG-909-F14_a5_gnd009	0.081345	0.184505786	91.865544	0	13	5
AG-909-F14_a5_gnd009_p14_s3	AG-909-F14	AG-909-F14_a5_gnd009	0.081345	0.184505786	91.865544	0	14	3
AG-909-F14_a5_gnd009_p3_s1	AG-909-F14	AG-909-F14_a5_gnd009	0.081345	0.184505786	91.865544	0	3	1
AG-909-F14_a5_gnd010	AG-909-F14	AG-909-F14_a5_gnd010	0.090335086	0.203633076	90.966491	1		
AG-909-F14_a5_gnd010_p15_s1	AG-909-F14	AG-909-F14_a5_gnd010	0.090335	0.203633076	90.966491	0	15	1
AG-909-F14_a5_gnd010_p15_s2	AG-909-F14	AG-909-F14_a5_gnd010	0.090335	0.203633076	90.966491	0	15	2
AG-909-F14_a5_gnd010_p4_s5	AG-909-F14	AG-909-F14_a5_gnd010	0.090335	0.203633076	90.966491	0	4	5
AG-909-F14_a5_gnd010_p6_s4	AG-909-F14	AG-909-F14_a5_gnd010	0.090335	0.203633076	90.966491	0	6	4
AG-909-F14_a5_gnd010_p7_s3	AG-909-F14	AG-909-F14_a5_gnd010	0.090335	0.203633076	90.966491	0	7	3
AG-909-F14_a5_gnd011	AG-909-F14	AG-909-F14_a5_gnd011	0.099527061	0.222116683	90.047294	1		
AG-909-F14_a5_gnd011_p13_s5	AG-909-F14	AG-909-F14_a5_gnd011	0.099527	0.222116683	90.047294	0	13	5
AG-909-F14_a5_gnd011_p14_s1	AG-909-F14	AG-909-F14_a5_gnd011	0.099527	0.222116683	90.047294	0	14	1
AG-909-F14_a5_gnd011_p15_s3	AG-909-F14	AG-909-F14_a5_gnd011	0.099527	0.222116683	90.047294	0	15	3
AG-909-F14_a5_gnd011_p18_s4	AG-909-F14	AG-909-F14_a5_gnd011	0.099527	0.222116683	90.047294	0	18	4
AG-909-F14_a5_gnd011_p20_s2	AG-909-F14	AG-909-F14_a5_gnd011	0.099527	0.222116683	90.047294	0	20	2
AG-909-F14_a5_gnd012	AG-909-F14	AG-909-F14_a5_gnd012	0.108459923	0.239250241	89.154008	1		
AG-909-F14_a5_gnd012_p13_s1	AG-909-F14	AG-909-F14_a5_gnd012	0.108460	0.239250241	89.154008	0	13	1
AG-909-F14_a5_gnd012_p13_s4	AG-909-F14	AG-909-F14_a5_gnd012	0.108460	0.239250241	89.154008	0	13	4
AG-909-F14_a5_gnd012_p17_s5	AG-909-F14	AG-909-F14_a5_gnd012	0.108460	0.239250241	89.154008	0	17	5
AG-909-F14_a5_gnd012_p6_s3	AG-909-F14	AG-909-F14_a5_gnd012	0.108460	0.239250241	89.154008	0	6	3
AG-909-F14_a5_gnd012_p9_s2	AG-909-F14	AG-909-F14_a5_gnd012	0.108460	0.239250241	89.154008	0	9	2
AG-909-F14_a5_gnd013	AG-909-F14	AG-909-F14_a5_gnd013	0.117475056	0.257184185	88.252494	1		
AG-909-F14_a5_gnd013_p12_s1	AG-909-F14	AG-909-F14_a5_gnd013	0.117475	0.257184185	88.252494	0	12	1
AG-909-F14_a5_gnd013_p17_s5	AG-909-F14	AG-909-F14_a5_gnd013	0.117475	0.257184185	88.252494	0	17	5
AG-909-F14_a5_gnd013_p2_s3	AG-909-F14	AG-909-F14_a5_gnd013	0.117475	0.257184185	88.252494	0	2	3
AG-909-F14_a5_gnd013_p5_s4	AG-909-F14	AG-909-F14_a5_gnd013	0.117475	0.257184185	88.252494	0	5	4
AG-909-F14_a5_gnd013_p7_s2	AG-909-F14	AG-909-F14_a5_gnd013	0.117475	0.257184185	88.252494	0	7	2
AG-909-F14_a5_gnd014	AG-909-F14	AG-909-F14_a5_gnd014	0.126374856	0.274416586	87.362514	1		
AG-909-F14_a5_gnd014_p11_s3	AG-909-F14	AG-909-F14_a5_gnd014	0.126375	0.274416586	87.362514	0	11	3
AG-909-F14_a5_gnd014_p16_s4	AG-909-F14	AG-909-F14_a5_gnd014	0.126375	0.274416586	87.362514	0	16	4
AG-909-F14_a5_gnd014_p18_s1	AG-909-F14	AG-909-F14_a5_gnd014	0.126375	0.274416586	87.362514	0	18	1
AG-909-F14_a5_gnd014_p19_s2	AG-909-F14	AG-909-F14_a5_gnd014	0.126375	0.274416586	87.362514	0	19	2
AG-909-F14_a5_gnd014_p8_s5	AG-909-F14	AG-909-F14_a5_gnd014	0.126375	0.274416586	87.362514	0	8	5
AG-909-F14_a5_gnd015	AG-909-F14	AG-909-F14_a5_gnd015	0.135548378	0.291723722	86.445162	1		
AG-909-F14_a5_gnd015_p10_s5	AG-909-F14	AG-909-F14_a5_gnd015	0.135548	0.291723722	86.445162	0	10	5
AG-909-F14_a5_gnd015_p16_s3	AG-909-F14	AG-909-F14_a5_gnd015	0.135548	0.291723722	86.445162	0	16	3
AG-909-F14_a5_gnd015_p20_s1	AG-909-F14	AG-909-F14_a5_gnd015	0.135548	0.291723722	86.445162	0	20	1
AG-909-F14_a5_gnd015_p7_s4	AG-909-F14	AG-909-F14_a5_gnd015	0.135548	0.291723722	86.445162	0	7	4
AG-909-F14_a5_gnd015_p9_s2	AG-909-F14	AG-909-F14_a5_gnd015	0.135548	0.291723722	86.445162	0	9	2
AG-909-F14_a5_gnd016	AG-909-F14	AG-909-F14_a5_gnd016	0.144600416	0.308146095	85.539958	1		
AG-909-F14_a5_gnd016_p0_s2	AG-909-F14	AG-909-F14_a5_gnd016	0.144600	0.308146095	85.539958	0	0	2
AG-909-F14_a5_gnd016_p18_s3	AG-909-F14	AG-909-F14_a5_gnd016	0.144600	0.308146095	85.539958	0	18	3
AG-909-F14_a5_gnd016_p20_s4	AG-909-F14	AG-909-F14_a5_gnd016	0.144600	0.308146095	85.539958	0	20	4
AG-909-F14_a5_gnd016_p6_s5	AG-909-F14	AG-909-F14_a5_gnd016	0.144600	0.308146095	85.539958	0	6	5
AG-909-F14_a5_gnd016_p8_s1	AG-909-F14	AG-909-F14_a5_gnd016	0.144600	0.308146095	85.539958	0	8	1
AG-909-F14_a5_gnd017	AG-909-F14	AG-909-F14_a5_gnd017	0.153783934	0.324886692	84.621607	1		
AG-909-F14_a5_gnd017_p10_s4	AG-909-F14	AG-909-F14_a5_gnd017	0.153784	0.324886692	84.621607	0	10	4
AG-909-F14_a5_gnd017_p18_s2	AG-909-F14	AG-909-F14_a5_gnd017	0.153784	0.324886692	84.621607	0	18	2
AG-909-F14_a5_gnd017_p7_s3	AG-909-F14	AG-909-F14_a5_gnd017	0.153784	0.324886692	84.621607	0	7	3
AG-909-F14_a5_gnd017_p8_s5	AG-909-F14	AG-909-F14_a5_gnd017	0.153784	0.324886692	84.621607	0	8	5
AG-909-F14_a5_gnd017_p9_s1	AG-909-F14	AG-909-F14_a5_gnd017	0.153784	0.324886692	84.621607	0	9	1
AG-909-F14_a5_gnd018	AG-909-F14	AG-909-F14_a5_gnd018	0.162782919	0.341222276	83.721708	1		
AG-909-F14_a5_gnd018_p14_s4	AG-909-F14	AG-909-F14_a5_gnd018	0.162783	0.341222276	83.721708	0	14	4
AG-909-F14_a5_gnd018_p16_s2	AG-909-F14	AG-909-F14_a5_gnd018	0.162783	0.341222276	83.721708	0	16	2
AG-909-F14_a5_gnd018_p17_s1	AG-909-F14	AG-909-F14_a5_gnd018	0.162783	0.341222276	83.721708	0	17	1
AG-909-F14_a5_gnd018_p20_s3	AG-909-F14	AG-909-F14_a5_gnd018	0.162783	0.341222276	83.721708	0	20	3
AG-909-F14_a5_gnd018_p5_s5	AG-909-F14	AG-909-F14_a5_gnd018	0.162783	0.341222276	83.721708	0	5	5
AG-909-F14_a5_gnd019	AG-909-F14	AG-909-F14_a5_gnd019	0.171707324	0.357131148	82.829268	1		
AG-909-F14_a5_gnd019_p10_s3	AG-909-F14	AG-909-F14_a5_gnd019	0.171707	0.357131148	82.829268	0	10	3
AG-909-F14_a5_gnd019_p10_s4	AG-909-F14	AG-909-F14_a5_gnd019	0.171707	0.357131148	82.829268	0	10	4
AG-909-F14_a5_gnd019_p14_s2	AG-909-F14	AG-909-F14_a5_gnd019	0.171707	0.357131148	82.829268	0	14	2
AG-909-F14_a5_gnd019_p17_s1	AG-909-F14	AG-909-F14_a5_gnd019	0.171707	0.357131148	82.829268	0	17	1
AG-909-F14_a5_gnd019_p4_s5	AG-909-F14	AG-909-F14_a5_gnd019	0.171707	0.357131148	82.829268	0	4	5
AG-909-F14_a5_gnd020	AG-909-F14	AG-909-F14_a5_gnd020	0.180713998	0.372090164	81.928600	1		
AG-909-F14_a5_gnd020_p0_s2	AG-909-F14	AG-909-F14_a5_gnd020	0.180714	0.372090164	81.928600	0	0	2
AG-909-F14_a5_gnd020_p14_s1	AG-909-F14	AG-909-F14_a5_gnd020	0.180714	0.372090164	81.928600	0	14	1
AG-909-F14_a5_gnd020_p18_s4	AG-909-F14	AG-909-F14_a5_gnd020	0.180714	0.372090164	81.928600	0	18	4
AG-909-F14_a5_gnd020_p8_s3	AG-909-F14	AG-909-F14_a5_gnd020	0.180714	0.372090164	81.928600	0	8	3
AG-909-F14_a5_gnd020_p8_s5	AG-909-F14	AG-909-F14_a5_gnd020	0.180714	0.372090164	81.928600	0	8	5
AG-912-G22_a22_gnd00000	AG-912-G22	AG-912-G22_a22_gnd00000	0.000000000	0.000241784	100.000000	1		
AG-912-G22_a22_gnd00005	AG-912-G22	AG-912-G22_a22_gnd00005	0.000457472	0.001395514	99.954253	1		
AG-912-G22_a22_gnd00010	AG-912-G22	AG-912-G22_a22_gnd00010	0.000910732	0.002423096	99.908927	1		
AG-912-G22_a22_gnd00020	AG-912-G22	AG-912-G22_a22_gnd00020	0.001802930	0.004714787	99.819707	1		
AG-912-G22_a22_gnd00030	AG-912-G22	AG-912-G22_a22_gnd00030	0.002725457	0.006896099	99.727454	1		
AG-912-G22_a22_gnd00040	AG-912-G22	AG-912-G22_a22_gnd00040	0.003637874	0.009069526	99.636213	1		
AG-912-G22_a22_gnd00050	AG-912-G22	AG-912-G22_a22_gnd00050	0.004503954	0.011227185	99.549605	1		
AG-912-G22_a22_gnd00060	AG-912-G22	AG-912-G22_a22_gnd00060	0.005428166	0.013419009	99.457183	1		
AG-912-G22_a22_gnd00070	AG-912-G22	AG-912-G22_a22_gnd00070	0.006364173	0.015831592	99.363583	1		
AG-912-G22_a22_gnd00080	AG-912-G22	AG-912-G22_a22_gnd00080	0.007234466	0.017815797	99.276553	1		
AG-912-G22_a22_gnd00090	AG-912-G22	AG-912-G22_a22_gnd00090	0.008163733	0.020157422	99.183627	1		
AG-912-G22_a22_gnd001	AG-912-G22	AG-912-G22_a22_gnd001	0.009067725	0.022207330	99.093227	1		
AG-912-G22_a22_gnd002	AG-912-G22	AG-912-G22_a22_gnd002	0.018141348	0.043923207	98.185865	1		
AG-912-G22_a22_gnd003	AG-912-G22	AG-912-G22_a22_gnd003	0.027220868	0.065229103	97.277913	1		
AG-912-G22_a22_gnd004	AG-912-G22	AG-912-G22_a22_gnd004	0.036251524	0.086274819	96.374848	1		
AG-912-G22_a22_gnd005	AG-912-G22	AG-912-G22_a22_gnd005	0.045358004	0.106621464	95.464200	1		
AG-912-G22_a22_gnd006	AG-912-G22	AG-912-G22_a22_gnd006	0.054406352	0.127049579	94.559365	1		
AG-912-G22_a22_gnd007	AG-912-G22	AG-912-G22_a22_gnd007	0.063485029	0.147259563	93.651497	1		
AG-912-G22_a22_gnd008	AG-912-G22	AG-912-G22_a22_gnd008	0.072679971	0.167104243	92.732003	1		
AG-912-G22_a22_gnd009	AG-912-G22	AG-912-G22_a22_gnd009	0.081809198	0.186862196	91.819080	1		
AG-912-G22_a22_gnd010	AG-912-G22	AG-912-G22_a22_gnd010	0.090744652	0.205571543	90.925535	1		
AG-912-G22_a22_gnd011	AG-912-G22	AG-912-G22_a22_gnd011	0.099951388	0.223692199	90.004861	1		
AG-912-G22_a22_gnd012	AG-912-G22	AG-912-G22_a22_gnd012	0.108987099	0.241655169	89.101290	1		
AG-912-G22_a22_gnd013	AG-912-G22	AG-912-G22_a22_gnd013	0.118122223	0.260766613	88.187778	1		
AG-912-G22_a22_gnd014	AG-912-G22	AG-912-G22_a22_gnd014	0.127232916	0.278529848	87.276708	1		
AG-912-G22_a22_gnd015	AG-912-G22	AG-912-G22_a22_gnd015	0.136322546	0.296321993	86.367745	1		
AG-912-G22_a22_gnd016	AG-912-G22	AG-912-G22_a22_gnd016	0.145434923	0.313365133	85.456508	1		
AG-912-G22_a22_gnd017	AG-912-G22	AG-912-G22_a22_gnd017	0.154338363	0.329927333	84.566164	1		
AG-912-G22_a22_gnd018	AG-912-G22	AG-912-G22_a22_gnd018	0.163442315	0.345640662	83.655768	1		
AG-912-G22_a22_gnd019	AG-912-G22	AG-912-G22_a22_gnd019	0.172713081	0.363353964	82.728692	1		
AG-912-G22_a22_gnd020	AG-912-G22	AG-912-G22_a22_gnd020	0.181670440	0.377790042	81.832956	1		
AG-912-G22_a5_gnd00000	AG-912-G22	AG-912-G22_a5_gnd00000	0.000000000	0.000241784	100.000000	1		
AG-912-G22_a5_gnd00000_p10_s2	AG-912-G22	AG-912-G22_a5_gnd00000	0.000000	0.000241784	100.000000	0	10	2
AG-912-G22_a5_gnd00000_p13_s1	AG-912-G22	AG-912-G22_a5_gnd00000	0.000000	0.000241784	100.000000	0	13	1
AG-912-G22_a5_gnd00000_p14_s4	AG-912-G22	AG-912-G22_a5_gnd00000	0.000000	0.000241784	100.000000	0	14	4
AG-912-G22_a5_gnd00000_p17_s5	AG-912-G22	AG-912-G22_a5_gnd00000	0.000000	0.000241784	100.000000	0	17	5
AG-912-G22_a5_gnd00000_p5_s3	AG-912-G22	AG-912-G22_a5_gnd00000	0.000000	0.000241784	100.000000	0	5	3
AG-912-G22_a5_gnd00005	AG-912-G22	AG-912-G22_a5_gnd00005	0.000447362	0.001345580	99.955264	1		
AG-912-G22_a5_gnd00005_p13_s5	AG-912-G22	AG-912-G22_a5_gnd00005	0.000447	0.001345580	99.955264	0	13	5
AG-912-G22_a5_gnd00005_p17_s1	AG-912-G22	AG-912-G22_a5_gnd00005	0.000447	0.001345580	99.955264	0	17	1
AG-912-G22_a5_gnd00005_p1_s4	AG-912-G22	AG-912-G22_a5_gnd00005	0.000447	0.001345580	99.955264	0	1	4
AG-912-G22_a5_gnd00005_p20_s2	AG-912-G22	AG-912-G22_a5_gnd00005	0.000447	0.001345580	99.955264	0	20	2
AG-912-G22_a5_gnd00005_p6_s3	AG-912-G22	AG-912-G22_a5_gnd00005	0.000447	0.001345580	99.955264	0	6	3
AG-912-G22_a5_gnd00010	AG-912-G22	AG-912-G22_a5_gnd00010	0.000910732	0.002441492	99.908927	1		
AG-912-G22_a5_gnd00010_p10_s5	AG-912-G22	AG-912-G22_a5_gnd00010	0.000911	0.002441492	99.908927	0	10	5
AG-912-G22_a5_gnd00010_p18_s2	AG-912-G22	AG-912-G22_a5_gnd00010	0.000911	0.002441492	99.908927	0	18	2
AG-912-G22_a5_gnd00010_p19_s1	AG-912-G22	AG-912-G22_a5_gnd00010	0.000911	0.002441492	99.908927	0	19	1
AG-912-G22_a5_gnd00010_p19_s4	AG-912-G22	AG-912-G22_a5_gnd00010	0.000911	0.002441492	99.908927	0	19	4
AG-912-G22_a5_gnd00010_p9_s3	AG-912-G22	AG-912-G22_a5_gnd00010	0.000911	0.002441492	99.908927	0	9	3
AG-912-G22_a5_gnd00020	AG-912-G22	AG-912-G22_a5_gnd00020	0.001806300	0.004649085	99.819370	1		
AG-912-G22_a5_gnd00020_p0_s1	AG-912-G22	AG-912-G22_a5_gnd00020	0.001806	0.004649085	99.819370	0	0	1
AG-912-G22_a5_gnd00020_p13_s4	AG-912-G22	AG-912-G22_a5_gnd00020	0.001806	0.004649085	99.819370	0	13	4
AG-912-G22_a5_gnd00020_p17_s5	AG-912-G22	AG-912-G22_a5_gnd00020	0.001806	0.004649085	99.819370	0	17	5
AG-912-G22_a5_gnd00020_p20_s2	AG-912-G22	AG-912-G22_a5_gnd00020	0.001806	0.004649085	99.819370	0	20	2
AG-912-G22_a5_gnd00020_p2_s3	AG-912-G22	AG-912-G22_a5_gnd00020	0.001806	0.004649085	99.819370	0	2	3
AG-912-G22_a5_gnd00030	AG-912-G22	AG-912-G22_a5_gnd00030	0.002714504	0.006769950	99.728550	1		
AG-912-G22_a5_gnd00030_p0_s3	AG-912-G22	AG-912-G22_a5_gnd00030	0.002715	0.006769950	99.728550	0	0	3
AG-912-G22_a5_gnd00030_p15_s1	AG-912-G22	AG-912-G22_a5_gnd00030	0.002715	0.006769950	99.728550	0	15	1
AG-912-G22_a5_gnd00030_p15_s5	AG-912-G22	AG-912-G22_a5_gnd00030	0.002715	0.006769950	99.728550	0	15	5
AG-912-G22_a5_gnd00030_p18_s4	AG-912-G22	AG-912-G22_a5_gnd00030	0.002715	0.006769950	99.728550	0	18	4
AG-912-G22_a5_gnd00030_p6_s2	AG-912-G22	AG-912-G22_a5_gnd00030	0.002715	0.006769950	99.728550	0	6	2
AG-912-G22_a5_gnd00040	AG-912-G22	AG-912-G22_a5_gnd00040	0.003630292	0.009111575	99.636971	1		
AG-912-G22_a5_gnd00040_p12_s5	AG-912-G22	AG-912-G22_a5_gnd00040	0.003630	0.009111575	99.636971	0	12	5
AG-912-G22_a5_gnd00040_p13_s4	AG-912-G22	AG-912-G22_a5_gnd00040	0.003630	0.009111575	99.636971	0	13	4
AG-912-G22_a5_gnd00040_p14_s1	AG-912-G22	AG-912-G22_a5_gnd00040	0.003630	0.009111575	99.636971	0	14	1
AG-912-G22_a5_gnd00040_p5_s2	AG-912-G22	AG-912-G22_a5_gnd00040	0.003630	0.009111575	99.636971	0	5	2
AG-912-G22_a5_gnd00040_p7_s3	AG-912-G22	AG-912-G22_a5_gnd00040	0.003630	0.009111575	99.636971	0	7	3
AG-912-G22_a5_gnd00050	AG-912-G22	AG-912-G22_a5_gnd00050	0.004519962	0.011266606	99.548004	1		
AG-912-G22_a5_gnd00050_p0_s2	AG-912-G22	AG-912-G22_a5_gnd00050	0.004520	0.011266606	99.548004	0	0	2
AG-912-G22_a5_gnd00050_p12_s3	AG-912-G22	AG-912-G22_a5_gnd00050	0.004520	0.011266606	99.548004	0	12	3
AG-912-G22_a5_gnd00050_p19_s5	AG-912-G22	AG-912-G22_a5_gnd00050	0.004520	0.011266606	99.548004	0	19	5
AG-912-G22_a5_gnd00050_p20_s4	AG-912-G22	AG-912-G22_a5_gnd00050	0.004520	0.011266606	99.548004	0	20	4
AG-912-G22_a5_gnd00050_p9_s1	AG-912-G22	AG-912-G22_a5_gnd00050	0.004520	0.011266606	99.548004	0	9	1
AG-912-G22_a5_gnd00060	AG-912-G22	AG-912-G22_a5_gnd00060	0.005440804	0.013405869	99.455920	1		
AG-912-G22_a5_gnd00060_p13_s5	AG-912-G22	AG-912-G22_a5_gnd00060	0.005441	0.013405869	99.455920	0	13	5
AG-912-G22_a5_gnd00060_p18_s4	AG-912-G22	AG-912-G22_a5_gnd00060	0.005441	0.013405869	99.455920	0	18	4
AG-912-G22_a5_gnd00060_p9_s1	AG-912-G22	AG-912-G22_a5_gnd00060	0.005441	0.013405869	99.455920	0	9	1
AG-912-G22_a5_gnd00060_p9_s2	AG-912-G22	AG-912-G22_a5_gnd00060	0.005441	0.013405869	99.455920	0	9	2
AG-912-G22_a5_gnd00060_p9_s3	AG-912-G22	AG-912-G22_a5_gnd00060	0.005441	0.013405869	99.455920	0	9	3
AG-912-G22_a5_gnd00070	AG-912-G22	AG-912-G22_a5_gnd00070	0.006343953	0.015763262	99.365605	1		
AG-912-G22_a5_gnd00070_p12_s4	AG-912-G22	AG-912-G22_a5_gnd00070	0.006344	0.015763262	99.365605	0	12	4
AG-912-G22_a5_gnd00070_p13_s2	AG-912-G22	AG-912-G22_a5_gnd00070	0.006344	0.015763262	99.365605	0	13	2
AG-912-G22_a5_gnd00070_p14_s1	AG-912-G22	AG-912-G22_a5_gnd00070	0.006344	0.015763262	99.365605	0	14	1
AG-912-G22_a5_gnd00070_p15_s3	AG-912-G22	AG-912-G22_a5_gnd00070	0.006344	0.015763262	99.365605	0	15	3
AG-912-G22_a5_gnd00070_p5_s5	AG-912-G22	AG-912-G22_a5_gnd00070	0.006344	0.015763262	99.365605	0	5	5
AG-912-G22_a5_gnd00080	AG-912-G22	AG-912-G22_a5_gnd00080	0.007287543	0.018049697	99.271246	1		
AG-912-G22_a5_gnd00080_p15_s4	AG-912-G22	AG-912-G22_a5_gnd00080	0.007288	0.018049697	99.271246	0	15	4
AG-912-G22_a5_gnd00080_p4_s5	AG-912-G22	AG-912-G22_a5_gnd00080	0.007288	0.018049697	99.271246	0	4	5
AG-912-G22_a5_gnd00080_p5_s2	AG-912-G22	AG-912-G22_a5_gnd00080	0.007288	0.018049697	99.271246	0	5	2
AG-912-G22_a5_gnd00080_p7_s1	AG-912-G22	AG-912-G22_a5_gnd00080	0.007288	0.018049697	99.271246	0	7	1
AG-912-G22_a5_gnd00080_p7_s3	AG-912-G22	AG-912-G22_a5_gnd00080	0.007288	0.018049697	99.271246	0	7	3
AG-912-G22_a5_gnd00090	AG-912-G22	AG-912-G22_a5_gnd00090	0.008175528	0.019713276	99.182447	1		
AG-912-G22_a5_gnd00090_p14_s4	AG-912-G22	AG-912-G22_a5_gnd00090	0.008176	0.019713276	99.182447	0	14	4
AG-912-G22_a5_gnd00090_p17_s3	AG-912-G22	AG-912-G22_a5_gnd00090	0.008176	0.019713276	99.182447	0	17	3
AG-912-G22_a5_gnd00090_p18_s2	AG-912-G22	AG-912-G22_a5_gnd00090	0.008176	0.019713276	99.182447	0	18	2
AG-912-G22_a5_gnd00090_p20_s5	AG-912-G22	AG-912-G22_a5_gnd00090	0.008176	0.019713276	99.182447	0	20	5
AG-912-G22_a5_gnd00090_p8_s1	AG-912-G22	AG-912-G22_a5_gnd00090	0.008176	0.019713276	99.182447	0	8	1
AG-912-G22_a5_gnd001	AG-912-G22	AG-912-G22_a5_gnd001	0.009094685	0.022299313	99.090532	1		
AG-912-G22_a5_gnd001_p10_s5	AG-912-G22	AG-912-G22_a5_gnd001	0.009095	0.022299313	99.090532	0	10	5
AG-912-G22_a5_gnd001_p14_s3	AG-912-G22	AG-912-G22_a5_gnd001	0.009095	0.022299313	99.090532	0	14	3
AG-912-G22_a5_gnd001_p15_s1	AG-912-G22	AG-912-G22_a5_gnd001	0.009095	0.022299313	99.090532	0	15	1
AG-912-G22_a5_gnd001_p20_s2	AG-912-G22	AG-912-G22_a5_gnd001	0.009095	0.022299313	99.090532	0	20	2
AG-912-G22_a5_gnd001_p20_s4	AG-912-G22	AG-912-G22_a5_gnd001	0.009095	0.022299313	99.090532	0	20	4
AG-912-G22_a5_gnd002	AG-912-G22	AG-912-G22_a5_gnd002	0.018194425	0.043952116	98.180558	1		
AG-912-G22_a5_gnd002_p11_s1	AG-912-G22	AG-912-G22_a5_gnd002	0.018194	0.043952116	98.180558	0	11	1
AG-912-G22_a5_gnd002_p11_s3	AG-912-G22	AG-912-G22_a5_gnd002	0.018194	0.043952116	98.180558	0	11	3
AG-912-G22_a5_gnd002_p18_s2	AG-912-G22	AG-912-G22_a5_gnd002	0.018194	0.043952116	98.180558	0	18	2
AG-912-G22_a5_gnd002_p6_s4	AG-912-G22	AG-912-G22_a5_gnd002	0.018194	0.043952116	98.180558	0	6	4
AG-912-G22_a5_gnd002_p9_s5	AG-912-G22	AG-912-G22_a5_gnd002	0.018194	0.043952116	98.180558	0	9	5
AG-912-G22_a5_gnd003	AG-912-G22	AG-912-G22_a5_gnd003	0.027185484	0.064987319	97.281452	1		
AG-912-G22_a5_gnd003_p16_s5	AG-912-G22	AG-912-G22_a5_gnd003	0.027185	0.064987319	97.281452	0	16	5
AG-912-G22_a5_gnd003_p20_s4	AG-912-G22	AG-912-G22_a5_gnd003	0.027185	0.064987319	97.281452	0	20	4
AG-912-G22_a5_gnd003_p7_s1	AG-912-G22	AG-912-G22_a5_gnd003	0.027185	0.064987319	97.281452	0	7	1
AG-912-G22_a5_gnd003_p9_s2	AG-912-G22	AG-912-G22_a5_gnd003	0.027185	0.064987319	97.281452	0	9	2
AG-912-G22_a5_gnd003_p9_s3	AG-912-G22	AG-912-G22_a5_gnd003	0.027185	0.064987319	97.281452	0	9	3
AG-912-G22_a5_gnd004	AG-912-G22	AG-912-G22_a5_gnd004	0.036302916	0.085538955	96.369708	1		
AG-912-G22_a5_gnd004_p10_s2	AG-912-G22	AG-912-G22_a5_gnd004	0.036303	0.085538955	96.369708	0	10	2
AG-912-G22_a5_gnd004_p13_s5	AG-912-G22	AG-912-G22_a5_gnd004	0.036303	0.085538955	96.369708	0	13	5
AG-912-G22_a5_gnd004_p14_s3	AG-912-G22	AG-912-G22_a5_gnd004	0.036303	0.085538955	96.369708	0	14	3
AG-912-G22_a5_gnd004_p15_s4	AG-912-G22	AG-912-G22_a5_gnd004	0.036303	0.085538955	96.369708	0	15	4
AG-912-G22_a5_gnd004_p6_s1	AG-912-G22	AG-912-G22_a5_gnd004	0.036303	0.085538955	96.369708	0	6	1
AG-912-G22_a5_gnd005	AG-912-G22	AG-912-G22_a5_gnd005	0.045360531	0.106064309	95.463947	1		
AG-912-G22_a5_gnd005_p15_s1	AG-912-G22	AG-912-G22_a5_gnd005	0.045361	0.106064309	95.463947	0	15	1
AG-912-G22_a5_gnd005_p15_s2	AG-912-G22	AG-912-G22_a5_gnd005	0.045361	0.106064309	95.463947	0	15	2
AG-912-G22_a5_gnd005_p15_s5	AG-912-G22	AG-912-G22_a5_gnd005	0.045361	0.106064309	95.463947	0	15	5
AG-912-G22_a5_gnd005_p20_s4	AG-912-G22	AG-912-G22_a5_gnd005	0.045361	0.106064309	95.463947	0	20	4
AG-912-G22_a5_gnd005_p2_s3	AG-912-G22	AG-912-G22_a5_gnd005	0.045361	0.106064309	95.463947	0	2	3
AG-912-G22_a5_gnd006	AG-912-G22	AG-912-G22_a5_gnd006	0.054378550	0.126226988	94.562145	1		
AG-912-G22_a5_gnd006_p15_s2	AG-912-G22	AG-912-G22_a5_gnd006	0.054379	0.126226988	94.562145	0	15	2
AG-912-G22_a5_gnd006_p15_s4	AG-912-G22	AG-912-G22_a5_gnd006	0.054379	0.126226988	94.562145	0	15	4
AG-912-G22_a5_gnd006_p18_s1	AG-912-G22	AG-912-G22_a5_gnd006	0.054379	0.126226988	94.562145	0	18	1
AG-912-G22_a5_gnd006_p18_s3	AG-912-G22	AG-912-G22_a5_gnd006	0.054379	0.126226988	94.562145	0	18	3
AG-912-G22_a5_gnd006_p19_s5	AG-912-G22	AG-912-G22_a5_gnd006	0.054379	0.126226988	94.562145	0	19	5
AG-912-G22_a5_gnd007	AG-912-G22	AG-912-G22_a5_gnd007	0.063570963	0.146584145	93.642904	1		
AG-912-G22_a5_gnd007_p16_s4	AG-912-G22	AG-912-G22_a5_gnd007	0.063571	0.146584145	93.642904	0	16	4
AG-912-G22_a5_gnd007_p18_s1	AG-912-G22	AG-912-G22_a5_gnd007	0.063571	0.146584145	93.642904	0	18	1
AG-912-G22_a5_gnd007_p18_s5	AG-912-G22	AG-912-G22_a5_gnd007	0.063571	0.146584145	93.642904	0	18	5
AG-912-G22_a5_gnd007_p20_s2	AG-912-G22	AG-912-G22_a5_gnd007	0.063571	0.146584145	93.642904	0	20	2
AG-912-G22_a5_gnd007_p5_s3	AG-912-G22	AG-912-G22_a5_gnd007	0.063571	0.146584145	93.642904	0	5	3
AG-912-G22_a5_gnd008	AG-912-G22	AG-912-G22_a5_gnd008	0.072622681	0.165682448	92.737732	1		
AG-912-G22_a5_gnd008_p13_s3	AG-912-G22	AG-912-G22_a5_gnd008	0.072623	0.165682448	92.737732	0	13	3
AG-912-G22_a5_gnd008_p13_s5	AG-912-G22	AG-912-G22_a5_gnd008	0.072623	0.165682448	92.737732	0	13	5
AG-912-G22_a5_gnd008_p18_s1	AG-912-G22	AG-912-G22_a5_gnd008	0.072623	0.165682448	92.737732	0	18	1
AG-912-G22_a5_gnd008_p20_s2	AG-912-G22	AG-912-G22_a5_gnd008	0.072623	0.165682448	92.737732	0	20	2
AG-912-G22_a5_gnd008_p20_s4	AG-912-G22	AG-912-G22_a5_gnd008	0.072623	0.165682448	92.737732	0	20	4
AG-912-G22_a5_gnd009	AG-912-G22	AG-912-G22_a5_gnd009	0.081818465	0.185324766	91.818153	1		
AG-912-G22_a5_gnd009_p10_s5	AG-912-G22	AG-912-G22_a5_gnd009	0.081818	0.185324766	91.818153	0	10	5
AG-912-G22_a5_gnd009_p14_s3	AG-912-G22	AG-912-G22_a5_gnd009	0.081818	0.185324766	91.818153	0	14	3
AG-912-G22_a5_gnd009_p16_s4	AG-912-G22	AG-912-G22_a5_gnd009	0.081818	0.185324766	91.818153	0	16	4
AG-912-G22_a5_gnd009_p1_s2	AG-912-G22	AG-912-G22_a5_gnd009	0.081818	0.185324766	91.818153	0	1	2
AG-912-G22_a5_gnd009_p9_s1	AG-912-G22	AG-912-G22_a5_gnd009	0.081818	0.185324766	91.818153	0	9	1
AG-912-G22_a5_gnd010	AG-912-G22	AG-912-G22_a5_gnd010	0.090842381	0.203040696	90.915762	1		
AG-912-G22_a5_gnd010_p0_s4	AG-912-G22	AG-912-G22_a5_gnd010	0.090842	0.203040696	90.915762	0	0	4
AG-912-G22_a5_gnd010_p10_s3	AG-912-G22	AG-912-G22_a5_gnd010	0.090842	0.203040696	90.915762	0	10	3
AG-912-G22_a5_gnd010_p12_s5	AG-912-G22	AG-912-G22_a5_gnd010	0.090842	0.203040696	90.915762	0	12	5
AG-912-G22_a5_gnd010_p16_s1	AG-912-G22	AG-912-G22_a5_gnd010	0.090842	0.203040696	90.915762	0	16	1
AG-912-G22_a5_gnd010_p7_s2	AG-912-G22	AG-912-G22_a5_gnd010	0.090842	0.203040696	90.915762	0	7	2
AG-912-G22_a5_gnd011	AG-912-G22	AG-912-G22_a5_gnd011	0.099907579	0.221965546	90.009242	1		
AG-912-G22_a5_gnd011_p14_s4	AG-912-G22	AG-912-G22_a5_gnd011	0.099908	0.221965546	90.009242	0	14	4
AG-912-G22_a5_gnd011_p14_s5	AG-912-G22	AG-912-G22_a5_gnd011	0.099908	0.221965546	90.009242	0	14	5
AG-912-G22_a5_gnd011_p16_s2	AG-912-G22	AG-912-G22_a5_gnd011	0.099908	0.221965546	90.009242	0	16	2
AG-912-G22_a5_gnd011_p16_s3	AG-912-G22	AG-912-G22_a5_gnd011	0.099908	0.221965546	90.009242	0	16	3
AG-912-G22_a5_gnd011_p4_s1	AG-912-G22	AG-912-G22_a5_gnd011	0.099908	0.221965546	90.009242	0	4	1
AG-912-G22_a5_gnd012	AG-912-G22	AG-912-G22_a5_gnd012	0.109014901	0.239870698	89.098510	1		
AG-912-G22_a5_gnd012_p11_s2	AG-912-G22	AG-912-G22_a5_gnd012	0.109015	0.239870698	89.098510	0	11	2
AG-912-G22_a5_gnd012_p14_s3	AG-912-G22	AG-912-G22_a5_gnd012	0.109015	0.239870698	89.098510	0	14	3
AG-912-G22_a5_gnd012_p18_s5	AG-912-G22	AG-912-G22_a5_gnd012	0.109015	0.239870698	89.098510	0	18	5
AG-912-G22_a5_gnd012_p20_s4	AG-912-G22	AG-912-G22_a5_gnd012	0.109015	0.239870698	89.098510	0	20	4
AG-912-G22_a5_gnd012_p7_s1	AG-912-G22	AG-912-G22_a5_gnd012	0.109015	0.239870698	89.098510	0	7	1
AG-912-G22_a5_gnd013	AG-912-G22	AG-912-G22_a5_gnd013	0.118130648	0.258456525	88.186935	1		
AG-912-G22_a5_gnd013_p10_s1	AG-912-G22	AG-912-G22_a5_gnd013	0.118131	0.258456525	88.186935	0	10	1
AG-912-G22_a5_gnd013_p15_s2	AG-912-G22	AG-912-G22_a5_gnd013	0.118131	0.258456525	88.186935	0	15	2
AG-912-G22_a5_gnd013_p16_s3	AG-912-G22	AG-912-G22_a5_gnd013	0.118131	0.258456525	88.186935	0	16	3
AG-912-G22_a5_gnd013_p19_s4	AG-912-G22	AG-912-G22_a5_gnd013	0.118131	0.258456525	88.186935	0	19	4
AG-912-G22_a5_gnd013_p20_s5	AG-912-G22	AG-912-G22_a5_gnd013	0.118131	0.258456525	88.186935	0	20	5
AG-912-G22_a5_gnd014	AG-912-G22	AG-912-G22_a5_gnd014	0.127023136	0.275010841	87.297686	1		
AG-912-G22_a5_gnd014_p0_s5	AG-912-G22	AG-912-G22_a5_gnd014	0.127023	0.275010841	87.297686	0	0	5
AG-912-G22_a5_gnd014_p10_s4	AG-912-G22	AG-912-G22_a5_gnd014	0.127023	0.275010841	87.297686	0	10	4
AG-912-G22_a5_gnd014_p19_s3	AG-912-G22	AG-912-G22_a5_gnd014	0.127023	0.275010841	87.297686	0	19	3
AG-912-G22_a5_gnd014_p5_s1	AG-912-G22	AG-912-G22_a5_gnd014	0.127023	0.275010841	87.297686	0	5	1
AG-912-G22_a5_gnd014_p7_s2	AG-912-G22	AG-912-G22_a5_gnd014	0.127023	0.275010841	87.297686	0	7	2
AG-912-G22_a5_gnd015	AG-912-G22	AG-912-G22_a5_gnd015	0.136255989	0.292001419	86.374401	1		
AG-912-G22_a5_gnd015_p12_s4	AG-912-G22	AG-912-G22_a5_gnd015	0.136256	0.292001419	86.374401	0	12	4
AG-912-G22_a5_gnd015_p14_s3	AG-912-G22	AG-912-G22_a5_gnd015	0.136256	0.292001419	86.374401	0	14	3
AG-912-G22_a5_gnd015_p18_s5	AG-912-G22	AG-912-G22_a5_gnd015	0.136256	0.292001419	86.374401	0	18	5
AG-912-G22_a5_gnd015_p4_s1	AG-912-G22	AG-912-G22_a5_gnd015	0.136256	0.292001419	86.374401	0	4	1
AG-912-G22_a5_gnd015_p8_s2	AG-912-G22	AG-912-G22_a5_gnd015	0.136256	0.292001419	86.374401	0	8	2
AG-912-G22_a5_gnd016	AG-912-G22	AG-912-G22_a5_gnd016	0.145311077	0.309023535	85.468892	1		
AG-912-G22_a5_gnd016_p11_s2	AG-912-G22	AG-912-G22_a5_gnd016	0.145311	0.309023535	85.468892	0	11	2
AG-912-G22_a5_gnd016_p13_s3	AG-912-G22	AG-912-G22_a5_gnd016	0.145311	0.309023535	85.468892	0	13	3
AG-912-G22_a5_gnd016_p19_s4	AG-912-G22	AG-912-G22_a5_gnd016	0.145311	0.309023535	85.468892	0	19	4
AG-912-G22_a5_gnd016_p5_s1	AG-912-G22	AG-912-G22_a5_gnd016	0.145311	0.309023535	85.468892	0	5	1
AG-912-G22_a5_gnd016_p7_s5	AG-912-G22	AG-912-G22_a5_gnd016	0.145311	0.309023535	85.468892	0	7	5
AG-912-G22_a5_gnd017	AG-912-G22	AG-912-G22_a5_gnd017	0.154313088	0.324121891	84.568691	1		
AG-912-G22_a5_gnd017_p11_s3	AG-912-G22	AG-912-G22_a5_gnd017	0.154313	0.324121891	84.568691	0	11	3
AG-912-G22_a5_gnd017_p15_s2	AG-912-G22	AG-912-G22_a5_gnd017	0.154313	0.324121891	84.568691	0	15	2
AG-912-G22_a5_gnd017_p15_s5	AG-912-G22	AG-912-G22_a5_gnd017	0.154313	0.324121891	84.568691	0	15	5
AG-912-G22_a5_gnd017_p17_s1	AG-912-G22	AG-912-G22_a5_gnd017	0.154313	0.324121891	84.568691	0	17	1
AG-912-G22_a5_gnd017_p9_s4	AG-912-G22	AG-912-G22_a5_gnd017	0.154313	0.324121891	84.568691	0	9	4
AG-912-G22_a5_gnd018	AG-912-G22	AG-912-G22_a5_gnd018	0.163719494	0.341212336	83.628051	1		
AG-912-G22_a5_gnd018_p0_s4	AG-912-G22	AG-912-G22_a5_gnd018	0.163719	0.341212336	83.628051	0	0	4
AG-912-G22_a5_gnd018_p1_s2	AG-912-G22	AG-912-G22_a5_gnd018	0.163719	0.341212336	83.628051	0	1	2
AG-912-G22_a5_gnd018_p20_s5	AG-912-G22	AG-912-G22_a5_gnd018	0.163719	0.341212336	83.628051	0	20	5
AG-912-G22_a5_gnd018_p4_s3	AG-912-G22	AG-912-G22_a5_gnd018	0.163719	0.341212336	83.628051	0	4	3
AG-912-G22_a5_gnd018_p7_s1	AG-912-G22	AG-912-G22_a5_gnd018	0.163719	0.341212336	83.628051	0	7	1
AG-912-G22_a5_gnd019	AG-912-G22	AG-912-G22_a5_gnd019	0.172622934	0.356991367	82.737707	1		
AG-912-G22_a5_gnd019_p10_s2	AG-912-G22	AG-912-G22_a5_gnd019	0.172623	0.356991367	82.737707	0	10	2
AG-912-G22_a5_gnd019_p18_s4	AG-912-G22	AG-912-G22_a5_gnd019	0.172623	0.356991367	82.737707	0	18	4
AG-912-G22_a5_gnd019_p20_s3	AG-912-G22	AG-912-G22_a5_gnd019	0.172623	0.356991367	82.737707	0	20	3
AG-912-G22_a5_gnd019_p7_s5	AG-912-G22	AG-912-G22_a5_gnd019	0.172623	0.356991367	82.737707	0	7	5
AG-912-G22_a5_gnd019_p8_s1	AG-912-G22	AG-912-G22_a5_gnd019	0.172623	0.356991367	82.737707	0	8	1
AG-912-G22_a5_gnd020	AG-912-G22	AG-912-G22_a5_gnd020	0.181868425	0.373054231	81.813158	1		
AG-912-G22_a5_gnd020_p12_s1	AG-912-G22	AG-912-G22_a5_gnd020	0.181868	0.373054231	81.813158	0	12	1
AG-912-G22_a5_gnd020_p14_s2	AG-912-G22	AG-912-G22_a5_gnd020	0.181868	0.373054231	81.813158	0	14	2
AG-912-G22_a5_gnd020_p15_s3	AG-912-G22	AG-912-G22_a5_gnd020	0.181868	0.373054231	81.813158	0	15	3
AG-912-G22_a5_gnd020_p15_s5	AG-912-G22	AG-912-G22_a5_gnd020	0.181868	0.373054231	81.813158	0	15	5
AG-912-G22_a5_gnd020_p9_s4	AG-912-G22	AG-912-G22_a5_gnd020	0.181868	0.373054231	81.813158	0	9	4
AG-917-F18_a22_gnd00000	AG-917-F18	AG-917-F18_a22_gnd00000	0.000000000	0.000234623	100.000000	1		
AG-917-F18_a22_gnd00005	AG-917-F18	AG-917-F18_a22_gnd00005	0.000453059	0.001323736	99.954694	1		
AG-917-F18_a22_gnd00010	AG-917-F18	AG-917-F18_a22_gnd00010	0.000908898	0.002444712	99.909110	1		
AG-917-F18_a22_gnd00020	AG-917-F18	AG-917-F18_a22_gnd00020	0.001814090	0.004646111	99.818591	1		
AG-917-F18_a22_gnd00030	AG-917-F18	AG-917-F18_a22_gnd00030	0.002725768	0.006992339	99.727423	1		
AG-917-F18_a22_gnd00040	AG-917-F18	AG-917-F18_a22_gnd00040	0.003615209	0.009002563	99.638479	1		
AG-917-F18_a22_gnd00050	AG-917-F18	AG-917-F18_a22_gnd00050	0.004519475	0.011201066	99.548053	1		
AG-917-F18_a22_gnd00060	AG-917-F18	AG-917-F18_a22_gnd00060	0.005430226	0.013529914	99.456977	1		
AG-917-F18_a22_gnd00070	AG-917-F18	AG-917-F18_a22_gnd00070	0.006311329	0.015667589	99.368867	1		
AG-917-F18_a22_gnd00080	AG-917-F18	AG-917-F18_a22_gnd00080	0.007238757	0.017967471	99.276124	1		
AG-917-F18_a22_gnd00090	AG-917-F18	AG-917-F18_a22_gnd00090	0.008127272	0.020128318	99.187273	1		
AG-917-F18_a22_gnd001	AG-917-F18	AG-917-F18_a22_gnd001	0.008998183	0.022112474	99.100182	1		
AG-917-F18_a22_gnd002	AG-917-F18	AG-917-F18_a22_gnd002	0.018173328	0.044149637	98.182667	1		
AG-917-F18_a22_gnd003	AG-917-F18	AG-917-F18_a22_gnd003	0.027183556	0.065091894	97.281644	1		
AG-917-F18_a22_gnd004	AG-917-F18	AG-917-F18_a22_gnd004	0.036134487	0.085906701	96.386551	1		
AG-917-F18_a22_gnd005	AG-917-F18	AG-917-F18_a22_gnd005	0.045387458	0.107164685	95.461254	1		
AG-917-F18_a22_gnd006	AG-917-F18	AG-917-F18_a22_gnd006	0.054353214	0.127255348	94.564679	1		
AG-917-F18_a22_gnd007	AG-917-F18	AG-917-F18_a22_gnd007	0.063365295	0.147415529	93.663471	1		
AG-917-F18_a22_gnd008	AG-917-F18	AG-917-F18_a22_gnd008	0.072600662	0.167590192	92.739934	1		
AG-917-F18_a22_gnd009	AG-917-F18	AG-917-F18_a22_gnd009	0.081611816	0.186556983	91.838818	1		
AG-917-F18_a22_gnd010	AG-917-F18	AG-917-F18_a22_gnd010	0.090691531	0.205659913	90.930847	1		
AG-917-F18_a22_gnd011	AG-917-F18	AG-917-F18_a22_gnd011	0.099542401	0.223763523	90.045760	1		
AG-917-F18_a22_gnd012	AG-917-F18	AG-917-F18_a22_gnd012	0.108806490	0.242455139	89.119351	1		
AG-917-F18_a22_gnd013	AG-917-F18	AG-917-F18_a22_gnd013	0.117786143	0.259976538	88.221386	1		
AG-917-F18_a22_gnd014	AG-917-F18	AG-917-F18_a22_gnd014	0.126871417	0.278445117	87.312858	1		
AG-917-F18_a22_gnd015	AG-917-F18	AG-917-F18_a22_gnd015	0.135992825	0.295853549	86.400717	1		
AG-917-F18_a22_gnd016	AG-917-F18	AG-917-F18_a22_gnd016	0.145011391	0.312662389	85.498861	1		
AG-917-F18_a22_gnd017	AG-917-F18	AG-917-F18_a22_gnd017	0.154239347	0.330650137	84.576065	1		
AG-917-F18_a22_gnd018	AG-917-F18	AG-917-F18_a22_gnd018	0.163006831	0.346254001	83.699317	1		
AG-917-F18_a22_gnd019	AG-917-F18	AG-917-F18_a22_gnd019	0.172189388	0.362631251	82.781061	1		
AG-917-F18_a22_gnd020	AG-917-F18	AG-917-F18_a22_gnd020	0.181289486	0.378530566	81.871051	1		
AG-917-F18_a5_gnd00000	AG-917-F18	AG-917-F18_a5_gnd00000	0.000000000	0.000234623	100.000000	1		
AG-917-F18_a5_gnd00000_p10_s5	AG-917-F18	AG-917-F18_a5_gnd00000	0.000000	0.000234623	100.000000	0	10	5
AG-917-F18_a5_gnd00000_p19_s2	AG-917-F18	AG-917-F18_a5_gnd00000	0.000000	0.000234623	100.000000	0	19	2
AG-917-F18_a5_gnd00000_p19_s3	AG-917-F18	AG-917-F18_a5_gnd00000	0.000000	0.000234623	100.000000	0	19	3
AG-917-F18_a5_gnd00000_p20_s1	AG-917-F18	AG-917-F18_a5_gnd00000	0.000000	0.000234623	100.000000	0	20	1
AG-917-F18_a5_gnd00000_p8_s4	AG-917-F18	AG-917-F18_a5_gnd00000	0.000000	0.000234623	100.000000	0	8	4
AG-917-F18_a5_gnd00005	AG-917-F18	AG-917-F18_a5_gnd00005	0.000450280	0.001361392	99.954972	1		
AG-917-F18_a5_gnd00005_p11_s1	AG-917-F18	AG-917-F18_a5_gnd00005	0.000450	0.001361392	99.954972	0	11	1
AG-917-F18_a5_gnd00005_p11_s3	AG-917-F18	AG-917-F18_a5_gnd00005	0.000450	0.001361392	99.954972	0	11	3
AG-917-F18_a5_gnd00005_p13_s4	AG-917-F18	AG-917-F18_a5_gnd00005	0.000450	0.001361392	99.954972	0	13	4
AG-917-F18_a5_gnd00005_p14_s5	AG-917-F18	AG-917-F18_a5_gnd00005	0.000450	0.001361392	99.954972	0	14	5
AG-917-F18_a5_gnd00005_p7_s2	AG-917-F18	AG-917-F18_a5_gnd00005	0.000450	0.001361392	99.954972	0	7	2
AG-917-F18_a5_gnd00010	AG-917-F18	AG-917-F18_a5_gnd00010	0.000900560	0.002337538	99.909944	1		
AG-917-F18_a5_gnd00010_p11_s2	AG-917-F18	AG-917-F18_a5_gnd00010	0.000901	0.002337538	99.909944	0	11	2
AG-917-F18_a5_gnd00010_p13_s4	AG-917-F18	AG-917-F18_a5_gnd00010	0.000901	0.002337538	99.909944	0	13	4
AG-917-F18_a5_gnd00010_p17_s5	AG-917-F18	AG-917-F18_a5_gnd00010	0.000901	0.002337538	99.909944	0	17	5
AG-917-F18_a5_gnd00010_p20_s1	AG-917-F18	AG-917-F18_a5_gnd00010	0.000901	0.002337538	99.909944	0	20	1
AG-917-F18_a5_gnd00010_p20_s3	AG-917-F18	AG-917-F18_a5_gnd00010	0.000901	0.002337538	99.909944	0	20	3
AG-917-F18_a5_gnd00020	AG-917-F18	AG-917-F18_a5_gnd00020	0.001804825	0.004715628	99.819517	1		
AG-917-F18_a5_gnd00020_p10_s1	AG-917-F18	AG-917-F18_a5_gnd00020	0.001805	0.004715628	99.819517	0	10	1
AG-917-F18_a5_gnd00020_p20_s5	AG-917-F18	AG-917-F18_a5_gnd00020	0.001805	0.004715628	99.819517	0	20	5
AG-917-F18_a5_gnd00020_p3_s3	AG-917-F18	AG-917-F18_a5_gnd00020	0.001805	0.004715628	99.819517	0	3	3
AG-917-F18_a5_gnd00020_p5_s4	AG-917-F18	AG-917-F18_a5_gnd00020	0.001805	0.004715628	99.819517	0	5	4
AG-917-F18_a5_gnd00020_p8_s2	AG-917-F18	AG-917-F18_a5_gnd00020	0.001805	0.004715628	99.819517	0	8	2
AG-917-F18_a5_gnd00030	AG-917-F18	AG-917-F18_a5_gnd00030	0.002688708	0.006902545	99.731129	1		
AG-917-F18_a5_gnd00030_p11_s5	AG-917-F18	AG-917-F18_a5_gnd00030	0.002689	0.006902545	99.731129	0	11	5
AG-917-F18_a5_gnd00030_p14_s3	AG-917-F18	AG-917-F18_a5_gnd00030	0.002689	0.006902545	99.731129	0	14	3
AG-917-F18_a5_gnd00030_p17_s1	AG-917-F18	AG-917-F18_a5_gnd00030	0.002689	0.006902545	99.731129	0	17	1
AG-917-F18_a5_gnd00030_p17_s2	AG-917-F18	AG-917-F18_a5_gnd00030	0.002689	0.006902545	99.731129	0	17	2
AG-917-F18_a5_gnd00030_p7_s4	AG-917-F18	AG-917-F18_a5_gnd00030	0.002689	0.006902545	99.731129	0	7	4
AG-917-F18_a5_gnd00040	AG-917-F18	AG-917-F18_a5_gnd00040	0.003623548	0.009063392	99.637645	1		
AG-917-F18_a5_gnd00040_p15_s3	AG-917-F18	AG-917-F18_a5_gnd00040	0.003624	0.009063392	99.637645	0	15	3
AG-917-F18_a5_gnd00040_p16_s2	AG-917-F18	AG-917-F18_a5_gnd00040	0.003624	0.009063392	99.637645	0	16	2
AG-917-F18_a5_gnd00040_p3_s4	AG-917-F18	AG-917-F18_a5_gnd00040	0.003624	0.009063392	99.637645	0	3	4
AG-917-F18_a5_gnd00040_p4_s1	AG-917-F18	AG-917-F18_a5_gnd00040	0.003624	0.009063392	99.637645	0	4	1
AG-917-F18_a5_gnd00040_p9_s5	AG-917-F18	AG-917-F18_a5_gnd00040	0.003624	0.009063392	99.637645	0	9	5
AG-917-F18_a5_gnd00050	AG-917-F18	AG-917-F18_a5_gnd00050	0.004525034	0.011287963	99.547497	1		
AG-917-F18_a5_gnd00050_p11_s4	AG-917-F18	AG-917-F18_a5_gnd00050	0.004525	0.011287963	99.547497	0	11	4
AG-917-F18_a5_gnd00050_p14_s1	AG-917-F18	AG-917-F18_a5_gnd00050	0.004525	0.011287963	99.547497	0	14	1
AG-917-F18_a5_gnd00050_p14_s5	AG-917-F18	AG-917-F18_a5_gnd00050	0.004525	0.011287963	99.547497	0	14	5
AG-917-F18_a5_gnd00050_p16_s2	AG-917-F18	AG-917-F18_a5_gnd00050	0.004525	0.011287963	99.547497	0	16	2
AG-917-F18_a5_gnd00050_p17_s3	AG-917-F18	AG-917-F18_a5_gnd00050	0.004525	0.011287963	99.547497	0	17	3
AG-917-F18_a5_gnd00060	AG-917-F18	AG-917-F18_a5_gnd00060	0.005434858	0.013382189	99.456514	1		
AG-917-F18_a5_gnd00060_p12_s3	AG-917-F18	AG-917-F18_a5_gnd00060	0.005435	0.013382189	99.456514	0	12	3
AG-917-F18_a5_gnd00060_p14_s5	AG-917-F18	AG-917-F18_a5_gnd00060	0.005435	0.013382189	99.456514	0	14	5
AG-917-F18_a5_gnd00060_p17_s2	AG-917-F18	AG-917-F18_a5_gnd00060	0.005435	0.013382189	99.456514	0	17	2
AG-917-F18_a5_gnd00060_p18_s1	AG-917-F18	AG-917-F18_a5_gnd00060	0.005435	0.013382189	99.456514	0	18	1
AG-917-F18_a5_gnd00060_p19_s4	AG-917-F18	AG-917-F18_a5_gnd00060	0.005435	0.013382189	99.456514	0	19	4
AG-917-F18_a5_gnd00070	AG-917-F18	AG-917-F18_a5_gnd00070	0.006350242	0.015670485	99.364976	1		
AG-917-F18_a5_gnd00070_p11_s2	AG-917-F18	AG-917-F18_a5_gnd00070	0.006350	0.015670485	99.364976	0	11	2
AG-917-F18_a5_gnd00070_p13_s3	AG-917-F18	AG-917-F18_a5_gnd00070	0.006350	0.015670485	99.364976	0	13	3
AG-917-F18_a5_gnd00070_p14_s1	AG-917-F18	AG-917-F18_a5_gnd00070	0.006350	0.015670485	99.364976	0	14	1
AG-917-F18_a5_gnd00070_p14_s5	AG-917-F18	AG-917-F18_a5_gnd00070	0.006350	0.015670485	99.364976	0	14	5
AG-917-F18_a5_gnd00070_p6_s4	AG-917-F18	AG-917-F18_a5_gnd00070	0.006350	0.015670485	99.364976	0	6	4
AG-917-F18_a5_gnd00080	AG-917-F18	AG-917-F18_a5_gnd00080	0.007230418	0.017981954	99.276958	1		
AG-917-F18_a5_gnd00080_p10_s4	AG-917-F18	AG-917-F18_a5_gnd00080	0.007230	0.017981954	99.276958	0	10	4
AG-917-F18_a5_gnd00080_p11_s2	AG-917-F18	AG-917-F18_a5_gnd00080	0.007230	0.017981954	99.276958	0	11	2
AG-917-F18_a5_gnd00080_p13_s3	AG-917-F18	AG-917-F18_a5_gnd00080	0.007230	0.017981954	99.276958	0	13	3
AG-917-F18_a5_gnd00080_p15_s1	AG-917-F18	AG-917-F18_a5_gnd00080	0.007230	0.017981954	99.276958	0	15	1
AG-917-F18_a5_gnd00080_p15_s5	AG-917-F18	AG-917-F18_a5_gnd00080	0.007230	0.017981954	99.276958	0	15	5
AG-917-F18_a5_gnd00090	AG-917-F18	AG-917-F18_a5_gnd00090	0.008157846	0.020165974	99.184215	1		
AG-917-F18_a5_gnd00090_p0_s3	AG-917-F18	AG-917-F18_a5_gnd00090	0.008158	0.020165974	99.184215	0	0	3
AG-917-F18_a5_gnd00090_p0_s5	AG-917-F18	AG-917-F18_a5_gnd00090	0.008158	0.020165974	99.184215	0	0	5
AG-917-F18_a5_gnd00090_p12_s4	AG-917-F18	AG-917-F18_a5_gnd00090	0.008158	0.020165974	99.184215	0	12	4
AG-917-F18_a5_gnd00090_p2_s2	AG-917-F18	AG-917-F18_a5_gnd00090	0.008158	0.020165974	99.184215	0	2	2
AG-917-F18_a5_gnd00090_p7_s1	AG-917-F18	AG-917-F18_a5_gnd00090	0.008158	0.020165974	99.184215	0	7	1
AG-917-F18_a5_gnd001	AG-917-F18	AG-917-F18_a5_gnd001	0.009064891	0.022265993	99.093511	1		
AG-917-F18_a5_gnd001_p14_s5	AG-917-F18	AG-917-F18_a5_gnd001	0.009065	0.022265993	99.093511	0	14	5
AG-917-F18_a5_gnd001_p16_s3	AG-917-F18	AG-917-F18_a5_gnd001	0.009065	0.022265993	99.093511	0	16	3
AG-917-F18_a5_gnd001_p18_s4	AG-917-F18	AG-917-F18_a5_gnd001	0.009065	0.022265993	99.093511	0	18	4
AG-917-F18_a5_gnd001_p19_s2	AG-917-F18	AG-917-F18_a5_gnd001	0.009065	0.022265993	99.093511	0	19	2
AG-917-F18_a5_gnd001_p7_s1	AG-917-F18	AG-917-F18_a5_gnd001	0.009065	0.022265993	99.093511	0	7	1
AG-917-F18_a5_gnd002	AG-917-F18	AG-917-F18_a5_gnd002	0.018101061	0.043741220	98.189894	1		
AG-917-F18_a5_gnd002_p13_s1	AG-917-F18	AG-917-F18_a5_gnd002	0.018101	0.043741220	98.189894	0	13	1
AG-917-F18_a5_gnd002_p13_s4	AG-917-F18	AG-917-F18_a5_gnd002	0.018101	0.043741220	98.189894	0	13	4
AG-917-F18_a5_gnd002_p14_s2	AG-917-F18	AG-917-F18_a5_gnd002	0.018101	0.043741220	98.189894	0	14	2
AG-917-F18_a5_gnd002_p14_s3	AG-917-F18	AG-917-F18_a5_gnd002	0.018101	0.043741220	98.189894	0	14	3
AG-917-F18_a5_gnd002_p16_s5	AG-917-F18	AG-917-F18_a5_gnd002	0.018101	0.043741220	98.189894	0	16	5
AG-917-F18_a5_gnd003	AG-917-F18	AG-917-F18_a5_gnd003	0.027111289	0.064755891	97.288871	1		
AG-917-F18_a5_gnd003_p11_s4	AG-917-F18	AG-917-F18_a5_gnd003	0.027111	0.064755891	97.288871	0	11	4
AG-917-F18_a5_gnd003_p20_s1	AG-917-F18	AG-917-F18_a5_gnd003	0.027111	0.064755891	97.288871	0	20	1
AG-917-F18_a5_gnd003_p20_s5	AG-917-F18	AG-917-F18_a5_gnd003	0.027111	0.064755891	97.288871	0	20	5
AG-917-F18_a5_gnd003_p4_s2	AG-917-F18	AG-917-F18_a5_gnd003	0.027111	0.064755891	97.288871	0	4	2
AG-917-F18_a5_gnd003_p5_s3	AG-917-F18	AG-917-F18_a5_gnd003	0.027111	0.064755891	97.288871	0	5	3
AG-917-F18_a5_gnd004	AG-917-F18	AG-917-F18_a5_gnd004	0.036163209	0.085703941	96.383679	1		
AG-917-F18_a5_gnd004_p10_s2	AG-917-F18	AG-917-F18_a5_gnd004	0.036163	0.085703941	96.383679	0	10	2
AG-917-F18_a5_gnd004_p14_s5	AG-917-F18	AG-917-F18_a5_gnd004	0.036163	0.085703941	96.383679	0	14	5
AG-917-F18_a5_gnd004_p19_s3	AG-917-F18	AG-917-F18_a5_gnd004	0.036163	0.085703941	96.383679	0	19	3
AG-917-F18_a5_gnd004_p6_s1	AG-917-F18	AG-917-F18_a5_gnd004	0.036163	0.085703941	96.383679	0	6	1
AG-917-F18_a5_gnd004_p6_s4	AG-917-F18	AG-917-F18_a5_gnd004	0.036163	0.085703941	96.383679	0	6	4
AG-917-F18_a5_gnd005	AG-917-F18	AG-917-F18_a5_gnd005	0.045209570	0.106237780	95.479043	1		
AG-917-F18_a5_gnd005_p14_s1	AG-917-F18	AG-917-F18_a5_gnd005	0.045210	0.106237780	95.479043	0	14	1
AG-917-F18_a5_gnd005_p16_s3	AG-917-F18	AG-917-F18_a5_gnd005	0.045210	0.106237780	95.479043	0	16	3
AG-917-F18_a5_gnd005_p19_s2	AG-917-F18	AG-917-F18_a5_gnd005	0.045210	0.106237780	95.479043	0	19	2
AG-917-F18_a5_gnd005_p19_s5	AG-917-F18	AG-917-F18_a5_gnd005	0.045210	0.106237780	95.479043	0	19	5
AG-917-F18_a5_gnd005_p7_s4	AG-917-F18	AG-917-F18_a5_gnd005	0.045210	0.106237780	95.479043	0	7	4
AG-917-F18_a5_gnd006	AG-917-F18	AG-917-F18_a5_gnd006	0.054332831	0.126366098	94.566717	1		
AG-917-F18_a5_gnd006_p0_s3	AG-917-F18	AG-917-F18_a5_gnd006	0.054333	0.126366098	94.566717	0	0	3
AG-917-F18_a5_gnd006_p12_s5	AG-917-F18	AG-917-F18_a5_gnd006	0.054333	0.126366098	94.566717	0	12	5
AG-917-F18_a5_gnd006_p16_s4	AG-917-F18	AG-917-F18_a5_gnd006	0.054333	0.126366098	94.566717	0	16	4
AG-917-F18_a5_gnd006_p18_s2	AG-917-F18	AG-917-F18_a5_gnd006	0.054333	0.126366098	94.566717	0	18	2
AG-917-F18_a5_gnd006_p20_s1	AG-917-F18	AG-917-F18_a5_gnd006	0.054333	0.126366098	94.566717	0	20	1
AG-917-F18_a5_gnd007	AG-917-F18	AG-917-F18_a5_gnd007	0.063390310	0.145891929	93.660969	1		
AG-917-F18_a5_gnd007_p12_s2	AG-917-F18	AG-917-F18_a5_gnd007	0.063390	0.145891929	93.660969	0	12	2
AG-917-F18_a5_gnd007_p12_s3	AG-917-F18	AG-917-F18_a5_gnd007	0.063390	0.145891929	93.660969	0	12	3
AG-917-F18_a5_gnd007_p13_s4	AG-917-F18	AG-917-F18_a5_gnd007	0.063390	0.145891929	93.660969	0	13	4
AG-917-F18_a5_gnd007_p15_s5	AG-917-F18	AG-917-F18_a5_gnd007	0.063390	0.145891929	93.660969	0	15	5
AG-917-F18_a5_gnd007_p7_s1	AG-917-F18	AG-917-F18_a5_gnd007	0.063390	0.145891929	93.660969	0	7	1
AG-917-F18_a5_gnd008	AG-917-F18	AG-917-F18_a5_gnd008	0.072464466	0.165519139	92.753553	1		
AG-917-F18_a5_gnd008_p0_s4	AG-917-F18	AG-917-F18_a5_gnd008	0.072464	0.165519139	92.753553	0	0	4
AG-917-F18_a5_gnd008_p10_s5	AG-917-F18	AG-917-F18_a5_gnd008	0.072464	0.165519139	92.753553	0	10	5
AG-917-F18_a5_gnd008_p13_s1	AG-917-F18	AG-917-F18_a5_gnd008	0.072464	0.165519139	92.753553	0	13	1
AG-917-F18_a5_gnd008_p1_s2	AG-917-F18	AG-917-F18_a5_gnd008	0.072464	0.165519139	92.753553	0	1	2
AG-917-F18_a5_gnd008_p1_s3	AG-917-F18	AG-917-F18_a5_gnd008	0.072464	0.165519139	92.753553	0	1	3
AG-917-F18_a5_gnd009	AG-917-F18	AG-917-F18_a5_gnd009	0.081445046	0.184390343	91.855495	1		
AG-917-F18_a5_gnd009_p10_s5	AG-917-F18	AG-917-F18_a5_gnd009	0.081445	0.184390343	91.855495	0	10	5
AG-917-F18_a5_gnd009_p13_s4	AG-917-F18	AG-917-F18_a5_gnd009	0.081445	0.184390343	91.855495	0	13	4
AG-917-F18_a5_gnd009_p17_s2	AG-917-F18	AG-917-F18_a5_gnd009	0.081445	0.184390343	91.855495	0	17	2
AG-917-F18_a5_gnd009_p19_s1	AG-917-F18	AG-917-F18_a5_gnd009	0.081445	0.184390343	91.855495	0	19	1
AG-917-F18_a5_gnd009_p9_s3	AG-917-F18	AG-917-F18_a5_gnd009	0.081445	0.184390343	91.855495	0	9	3
AG-917-F18_a5_gnd010	AG-917-F18	AG-917-F18_a5_gnd010	0.090572013	0.203371616	90.942799	1		
AG-917-F18_a5_gnd010_p13_s4	AG-917-F18	AG-917-F18_a5_gnd010	0.090572	0.203371616	90.942799	0	13	4
AG-917-F18_a5_gnd010_p17_s2	AG-917-F18	AG-917-F18_a5_gnd010	0.090572	0.203371616	90.942799	0	17	2
AG-917-F18_a5_gnd010_p17_s5	AG-917-F18	AG-917-F18_a5_gnd010	0.090572	0.203371616	90.942799	0	17	5
AG-917-F18_a5_gnd010_p20_s3	AG-917-F18	AG-917-F18_a5_gnd010	0.090572	0.203371616	90.942799	0	20	3
AG-917-F18_a5_gnd010_p6_s1	AG-917-F18	AG-917-F18_a5_gnd010	0.090572	0.203371616	90.942799	0	6	1
AG-917-F18_a5_gnd011	AG-917-F18	AG-917-F18_a5_gnd011	0.099585020	0.221573711	90.041498	1		
AG-917-F18_a5_gnd011_p11_s1	AG-917-F18	AG-917-F18_a5_gnd011	0.099585	0.221573711	90.041498	0	11	1
AG-917-F18_a5_gnd011_p11_s4	AG-917-F18	AG-917-F18_a5_gnd011	0.099585	0.221573711	90.041498	0	11	4
AG-917-F18_a5_gnd011_p14_s3	AG-917-F18	AG-917-F18_a5_gnd011	0.099585	0.221573711	90.041498	0	14	3
AG-917-F18_a5_gnd011_p8_s5	AG-917-F18	AG-917-F18_a5_gnd011	0.099585	0.221573711	90.041498	0	8	5
AG-917-F18_a5_gnd011_p9_s2	AG-917-F18	AG-917-F18_a5_gnd011	0.099585	0.221573711	90.041498	0	9	2
AG-917-F18_a5_gnd012	AG-917-F18	AG-917-F18_a5_gnd012	0.108666588	0.239248628	89.133341	1		
AG-917-F18_a5_gnd012_p10_s1	AG-917-F18	AG-917-F18_a5_gnd012	0.108667	0.239248628	89.133341	0	10	1
AG-917-F18_a5_gnd012_p13_s3	AG-917-F18	AG-917-F18_a5_gnd012	0.108667	0.239248628	89.133341	0	13	3
AG-917-F18_a5_gnd012_p14_s2	AG-917-F18	AG-917-F18_a5_gnd012	0.108667	0.239248628	89.133341	0	14	2
AG-917-F18_a5_gnd012_p4_s4	AG-917-F18	AG-917-F18_a5_gnd012	0.108667	0.239248628	89.133341	0	4	4
AG-917-F18_a5_gnd012_p8_s5	AG-917-F18	AG-917-F18_a5_gnd012	0.108667	0.239248628	89.133341	0	8	5
AG-917-F18_a5_gnd013	AG-917-F18	AG-917-F18_a5_gnd013	0.117683301	0.256558576	88.231670	1		
AG-917-F18_a5_gnd013_p10_s2	AG-917-F18	AG-917-F18_a5_gnd013	0.117683	0.256558576	88.231670	0	10	2
AG-917-F18_a5_gnd013_p11_s5	AG-917-F18	AG-917-F18_a5_gnd013	0.117683	0.256558576	88.231670	0	11	5
AG-917-F18_a5_gnd013_p16_s3	AG-917-F18	AG-917-F18_a5_gnd013	0.117683	0.256558576	88.231670	0	16	3
AG-917-F18_a5_gnd013_p20_s4	AG-917-F18	AG-917-F18_a5_gnd013	0.117683	0.256558576	88.231670	0	20	4
AG-917-F18_a5_gnd013_p3_s1	AG-917-F18	AG-917-F18_a5_gnd013	0.117683	0.256558576	88.231670	0	3	1
AG-917-F18_a5_gnd014	AG-917-F18	AG-917-F18_a5_gnd014	0.126707427	0.274224803	87.329257	1		
AG-917-F18_a5_gnd014_p11_s2	AG-917-F18	AG-917-F18_a5_gnd014	0.126707	0.274224803	87.329257	0	11	2
AG-917-F18_a5_gnd014_p15_s1	AG-917-F18	AG-917-F18_a5_gnd014	0.126707	0.274224803	87.329257	0	15	1
AG-917-F18_a5_gnd014_p16_s3	AG-917-F18	AG-917-F18_a5_gnd014	0.126707	0.274224803	87.329257	0	16	3
AG-917-F18_a5_gnd014_p18_s5	AG-917-F18	AG-917-F18_a5_gnd014	0.126707	0.274224803	87.329257	0	18	5
AG-917-F18_a5_gnd014_p1_s4	AG-917-F18	AG-917-F18_a5_gnd014	0.126707	0.274224803	87.329257	0	1	4
AG-917-F18_a5_gnd015	AG-917-F18	AG-917-F18_a5_gnd015	0.135823275	0.291375440	86.417672	1		
AG-917-F18_a5_gnd015_p11_s2	AG-917-F18	AG-917-F18_a5_gnd015	0.135823	0.291375440	86.417672	0	11	2
AG-917-F18_a5_gnd015_p14_s1	AG-917-F18	AG-917-F18_a5_gnd015	0.135823	0.291375440	86.417672	0	14	1
AG-917-F18_a5_gnd015_p5_s3	AG-917-F18	AG-917-F18_a5_gnd015	0.135823	0.291375440	86.417672	0	5	3
AG-917-F18_a5_gnd015_p7_s4	AG-917-F18	AG-917-F18_a5_gnd015	0.135823	0.291375440	86.417672	0	7	4
AG-917-F18_a5_gnd015_p9_s5	AG-917-F18	AG-917-F18_a5_gnd015	0.135823	0.291375440	86.417672	0	9	5
AG-917-F18_a5_gnd016	AG-917-F18	AG-917-F18_a5_gnd016	0.144982670	0.308450765	85.501733	1		
AG-917-F18_a5_gnd016_p14_s3	AG-917-F18	AG-917-F18_a5_gnd016	0.144983	0.308450765	85.501733	0	14	3
AG-917-F18_a5_gnd016_p14_s4	AG-917-F18	AG-917-F18_a5_gnd016	0.144983	0.308450765	85.501733	0	14	4
AG-917-F18_a5_gnd016_p4_s5	AG-917-F18	AG-917-F18_a5_gnd016	0.144983	0.308450765	85.501733	0	4	5
AG-917-F18_a5_gnd016_p8_s2	AG-917-F18	AG-917-F18_a5_gnd016	0.144983	0.308450765	85.501733	0	8	2
AG-917-F18_a5_gnd016_p9_s1	AG-917-F18	AG-917-F18_a5_gnd016	0.144983	0.308450765	85.501733	0	9	1
AG-917-F18_a5_gnd017	AG-917-F18	AG-917-F18_a5_gnd017	0.154175418	0.324408012	84.582458	1		
AG-917-F18_a5_gnd017_p18_s2	AG-917-F18	AG-917-F18_a5_gnd017	0.154175	0.324408012	84.582458	0	18	2
AG-917-F18_a5_gnd017_p18_s3	AG-917-F18	AG-917-F18_a5_gnd017	0.154175	0.324408012	84.582458	0	18	3
AG-917-F18_a5_gnd017_p19_s5	AG-917-F18	AG-917-F18_a5_gnd017	0.154175	0.324408012	84.582458	0	19	5
AG-917-F18_a5_gnd017_p7_s4	AG-917-F18	AG-917-F18_a5_gnd017	0.154175	0.324408012	84.582458	0	7	4
AG-917-F18_a5_gnd017_p8_s1	AG-917-F18	AG-917-F18_a5_gnd017	0.154175	0.324408012	84.582458	0	8	1
AG-917-F18_a5_gnd018	AG-917-F18	AG-917-F18_a5_gnd018	0.163233824	0.341248715	83.676618	1		
AG-917-F18_a5_gnd018_p10_s2	AG-917-F18	AG-917-F18_a5_gnd018	0.163234	0.341248715	83.676618	0	10	2
AG-917-F18_a5_gnd018_p18_s3	AG-917-F18	AG-917-F18_a5_gnd018	0.163234	0.341248715	83.676618	0	18	3
AG-917-F18_a5_gnd018_p20_s1	AG-917-F18	AG-917-F18_a5_gnd018	0.163234	0.341248715	83.676618	0	20	1
AG-917-F18_a5_gnd018_p20_s4	AG-917-F18	AG-917-F18_a5_gnd018	0.163234	0.341248715	83.676618	0	20	4
AG-917-F18_a5_gnd018_p20_s5	AG-917-F18	AG-917-F18_a5_gnd018	0.163234	0.341248715	83.676618	0	20	5
AG-917-F18_a5_gnd019	AG-917-F18	AG-917-F18_a5_gnd019	0.172292230	0.356936579	82.770777	1		
AG-917-F18_a5_gnd019_p10_s5	AG-917-F18	AG-917-F18_a5_gnd019	0.172292	0.356936579	82.770777	0	10	5
AG-917-F18_a5_gnd019_p13_s3	AG-917-F18	AG-917-F18_a5_gnd019	0.172292	0.356936579	82.770777	0	13	3
AG-917-F18_a5_gnd019_p19_s2	AG-917-F18	AG-917-F18_a5_gnd019	0.172292	0.356936579	82.770777	0	19	2
AG-917-F18_a5_gnd019_p19_s4	AG-917-F18	AG-917-F18_a5_gnd019	0.172292	0.356936579	82.770777	0	19	4
AG-917-F18_a5_gnd019_p7_s1	AG-917-F18	AG-917-F18_a5_gnd019	0.172292	0.356936579	82.770777	0	7	1
AG-917-F18_a5_gnd020	AG-917-F18	AG-917-F18_a5_gnd020	0.181528524	0.372937275	81.847148	1		
AG-917-F18_a5_gnd020_p12_s2	AG-917-F18	AG-917-F18_a5_gnd020	0.181529	0.372937275	81.847148	0	12	2
AG-917-F18_a5_gnd020_p13_s3	AG-917-F18	AG-917-F18_a5_gnd020	0.181529	0.372937275	81.847148	0	13	3
AG-917-F18_a5_gnd020_p15_s5	AG-917-F18	AG-917-F18_a5_gnd020	0.181529	0.372937275	81.847148	0	15	5
AG-917-F18_a5_gnd020_p18_s1	AG-917-F18	AG-917-F18_a5_gnd020	0.181529	0.372937275	81.847148	0	18	1
AG-917-F18_a5_gnd020_p7_s4	AG-917-F18	AG-917-F18_a5_gnd020	0.181529	0.372937275	81.847148	0	7	4
AG-917-K06_a22_gnd00000	AG-917-K06	AG-917-K06_a22_gnd00000	0.000000000	0.000268915	100.000000	1		
AG-917-K06_a22_gnd00005	AG-917-K06	AG-917-K06_a22_gnd00005	0.000453115	0.001344575	99.954688	1		
AG-917-K06_a22_gnd00010	AG-917-K06	AG-917-K06_a22_gnd00010	0.000898664	0.002462418	99.910134	1		
AG-917-K06_a22_gnd00020	AG-917-K06	AG-917-K06_a22_gnd00020	0.001799851	0.004613738	99.820015	1		
AG-917-K06_a22_gnd00030	AG-917-K06	AG-917-K06_a22_gnd00030	0.002696834	0.006954880	99.730317	1		
AG-917-K06_a22_gnd00040	AG-917-K06	AG-917-K06_a22_gnd00040	0.003621559	0.009090382	99.637844	1		
AG-917-K06_a22_gnd00050	AG-917-K06	AG-917-K06_a22_gnd00050	0.004497526	0.011357704	99.550247	1		
AG-917-K06_a22_gnd00060	AG-917-K06	AG-917-K06_a22_gnd00060	0.005411322	0.013635573	99.458868	1		
AG-917-K06_a22_gnd00070	AG-917-K06	AG-917-K06_a22_gnd00070	0.006333525	0.015855440	99.366648	1		
AG-917-K06_a22_gnd00080	AG-917-K06	AG-917-K06_a22_gnd00080	0.007252365	0.018009396	99.274764	1		
AG-917-K06_a22_gnd00090	AG-917-K06	AG-917-K06_a22_gnd00090	0.008123288	0.020163353	99.187671	1		
AG-917-K06_a22_gnd001	AG-917-K06	AG-917-K06_a22_gnd001	0.009028677	0.022119578	99.097132	1		
AG-917-K06_a22_gnd002	AG-917-K06	AG-917-K06_a22_gnd002	0.018019525	0.043877965	98.198047	1		
AG-917-K06_a22_gnd003	AG-917-K06	AG-917-K06_a22_gnd003	0.027075104	0.065275163	97.292490	1		
AG-917-K06_a22_gnd004	AG-917-K06	AG-917-K06_a22_gnd004	0.036127319	0.086413992	96.387268	1		
AG-917-K06_a22_gnd005	AG-917-K06	AG-917-K06_a22_gnd005	0.045125733	0.106946444	95.487427	1		
AG-917-K06_a22_gnd006	AG-917-K06	AG-917-K06_a22_gnd006	0.054153570	0.127523715	94.584643	1		
AG-917-K06_a22_gnd007	AG-917-K06	AG-917-K06_a22_gnd007	0.063189813	0.146732683	93.681019	1		
AG-917-K06_a22_gnd008	AG-917-K06	AG-917-K06_a22_gnd008	0.072239507	0.166584938	92.776049	1		
AG-917-K06_a22_gnd009	AG-917-K06	AG-917-K06_a22_gnd009	0.081275750	0.186532104	91.872425	1		
AG-917-K06_a22_gnd010	AG-917-K06	AG-917-K06_a22_gnd010	0.090297703	0.205205878	90.970230	1		
AG-917-K06_a22_gnd011	AG-917-K06	AG-917-K06_a22_gnd011	0.099320495	0.223676648	90.067950	1		
AG-917-K06_a22_gnd012	AG-917-K06	AG-917-K06_a22_gnd012	0.108470228	0.242682612	89.152977	1		
AG-917-K06_a22_gnd013	AG-917-K06	AG-917-K06_a22_gnd013	0.117545141	0.260412547	88.245486	1		
AG-917-K06_a22_gnd014	AG-917-K06	AG-917-K06_a22_gnd014	0.126486390	0.278100300	87.351361	1		
AG-917-K06_a22_gnd015	AG-917-K06	AG-917-K06_a22_gnd015	0.135657139	0.296452431	86.434286	1		
AG-917-K06_a22_gnd016	AG-917-K06	AG-917-K06_a22_gnd016	0.144583256	0.313800085	85.541674	1		
AG-917-K06_a22_gnd017	AG-917-K06	AG-917-K06_a22_gnd017	0.153785950	0.330921008	84.621405	1		
AG-917-K06_a22_gnd018	AG-917-K06	AG-917-K06_a22_gnd018	0.162633045	0.346504896	83.736696	1		
AG-917-K06_a22_gnd019	AG-917-K06	AG-917-K06_a22_gnd019	0.171737381	0.362423610	82.826262	1		
AG-917-K06_a22_gnd020	AG-917-K06	AG-917-K06_a22_gnd020	0.180841718	0.380206274	81.915828	1		
AG-917-K06_a5_gnd00000	AG-917-K06	AG-917-K06_a5_gnd00000	0.000000000	0.000268915	100.000000	1		
AG-917-K06_a5_gnd00000_p11_s4	AG-917-K06	AG-917-K06_a5_gnd00000	0.000000	0.000268915	100.000000	0	11	4
AG-917-K06_a5_gnd00000_p15_s1	AG-917-K06	AG-917-K06_a5_gnd00000	0.000000	0.000268915	100.000000	0	15	1
AG-917-K06_a5_gnd00000_p16_s5	AG-917-K06	AG-917-K06_a5_gnd00000	0.000000	0.000268915	100.000000	0	16	5
AG-917-K06_a5_gnd00000_p20_s2	AG-917-K06	AG-917-K06_a5_gnd00000	0.000000	0.000268915	100.000000	0	20	2
AG-917-K06_a5_gnd00000_p5_s3	AG-917-K06	AG-917-K06_a5_gnd00000	0.000000	0.000268915	100.000000	0	5	3
AG-917-K06_a5_gnd00005	AG-917-K06	AG-917-K06_a5_gnd00005	0.000448071	0.001373576	99.955193	1		
AG-917-K06_a5_gnd00005_p12_s3	AG-917-K06	AG-917-K06_a5_gnd00005	0.000448	0.001373576	99.955193	0	12	3
AG-917-K06_a5_gnd00005_p14_s1	AG-917-K06	AG-917-K06_a5_gnd00005	0.000448	0.001373576	99.955193	0	14	1
AG-917-K06_a5_gnd00005_p19_s5	AG-917-K06	AG-917-K06_a5_gnd00005	0.000448	0.001373576	99.955193	0	19	5
AG-917-K06_a5_gnd00005_p6_s4	AG-917-K06	AG-917-K06_a5_gnd00005	0.000448	0.001373576	99.955193	0	6	4
AG-917-K06_a5_gnd00005_p7_s2	AG-917-K06	AG-917-K06_a5_gnd00005	0.000448	0.001373576	99.955193	0	7	2
AG-917-K06_a5_gnd00010	AG-917-K06	AG-917-K06_a5_gnd00010	0.000898664	0.002486146	99.910134	1		
AG-917-K06_a5_gnd00010_p14_s3	AG-917-K06	AG-917-K06_a5_gnd00010	0.000899	0.002486146	99.910134	0	14	3
AG-917-K06_a5_gnd00010_p18_s4	AG-917-K06	AG-917-K06_a5_gnd00010	0.000899	0.002486146	99.910134	0	18	4
AG-917-K06_a5_gnd00010_p18_s5	AG-917-K06	AG-917-K06_a5_gnd00010	0.000899	0.002486146	99.910134	0	18	5
AG-917-K06_a5_gnd00010_p20_s2	AG-917-K06	AG-917-K06_a5_gnd00010	0.000899	0.002486146	99.910134	0	20	2
AG-917-K06_a5_gnd00010_p2_s1	AG-917-K06	AG-917-K06_a5_gnd00010	0.000899	0.002486146	99.910134	0	2	1
AG-917-K06_a5_gnd00020	AG-917-K06	AG-917-K06_a5_gnd00020	0.001806576	0.004782469	99.819342	1		
AG-917-K06_a5_gnd00020_p13_s5	AG-917-K06	AG-917-K06_a5_gnd00020	0.001807	0.004782469	99.819342	0	13	5
AG-917-K06_a5_gnd00020_p14_s1	AG-917-K06	AG-917-K06_a5_gnd00020	0.001807	0.004782469	99.819342	0	14	1
AG-917-K06_a5_gnd00020_p14_s2	AG-917-K06	AG-917-K06_a5_gnd00020	0.001807	0.004782469	99.819342	0	14	2
AG-917-K06_a5_gnd00020_p14_s4	AG-917-K06	AG-917-K06_a5_gnd00020	0.001807	0.004782469	99.819342	0	14	4
AG-917-K06_a5_gnd00020_p15_s3	AG-917-K06	AG-917-K06_a5_gnd00020	0.001807	0.004782469	99.819342	0	15	3
AG-917-K06_a5_gnd00030	AG-917-K06	AG-917-K06_a5_gnd00030	0.002695153	0.006809877	99.730485	1		
AG-917-K06_a5_gnd00030_p10_s1	AG-917-K06	AG-917-K06_a5_gnd00030	0.002695	0.006809877	99.730485	0	10	1
AG-917-K06_a5_gnd00030_p11_s3	AG-917-K06	AG-917-K06_a5_gnd00030	0.002695	0.006809877	99.730485	0	11	3
AG-917-K06_a5_gnd00030_p15_s2	AG-917-K06	AG-917-K06_a5_gnd00030	0.002695	0.006809877	99.730485	0	15	2
AG-917-K06_a5_gnd00030_p17_s4	AG-917-K06	AG-917-K06_a5_gnd00030	0.002695	0.006809877	99.730485	0	17	4
AG-917-K06_a5_gnd00030_p19_s5	AG-917-K06	AG-917-K06_a5_gnd00030	0.002695	0.006809877	99.730485	0	19	5
AG-917-K06_a5_gnd00040	AG-917-K06	AG-917-K06_a5_gnd00040	0.003640053	0.009145747	99.635995	1		
AG-917-K06_a5_gnd00040_p11_s3	AG-917-K06	AG-917-K06_a5_gnd00040	0.003640	0.009145747	99.635995	0	11	3
AG-917-K06_a5_gnd00040_p12_s1	AG-917-K06	AG-917-K06_a5_gnd00040	0.003640	0.009145747	99.635995	0	12	1
AG-917-K06_a5_gnd00040_p12_s5	AG-917-K06	AG-917-K06_a5_gnd00040	0.003640	0.009145747	99.635995	0	12	5
AG-917-K06_a5_gnd00040_p16_s2	AG-917-K06	AG-917-K06_a5_gnd00040	0.003640	0.009145747	99.635995	0	16	2
AG-917-K06_a5_gnd00040_p18_s4	AG-917-K06	AG-917-K06_a5_gnd00040	0.003640	0.009145747	99.635995	0	18	4
AG-917-K06_a5_gnd00050	AG-917-K06	AG-917-K06_a5_gnd00050	0.004506773	0.011312885	99.549323	1		
AG-917-K06_a5_gnd00050_p0_s4	AG-917-K06	AG-917-K06_a5_gnd00050	0.004507	0.011312885	99.549323	0	0	4
AG-917-K06_a5_gnd00050_p11_s5	AG-917-K06	AG-917-K06_a5_gnd00050	0.004507	0.011312885	99.549323	0	11	5
AG-917-K06_a5_gnd00050_p13_s1	AG-917-K06	AG-917-K06_a5_gnd00050	0.004507	0.011312885	99.549323	0	13	1
AG-917-K06_a5_gnd00050_p14_s3	AG-917-K06	AG-917-K06_a5_gnd00050	0.004507	0.011312885	99.549323	0	14	3
AG-917-K06_a5_gnd00050_p19_s2	AG-917-K06	AG-917-K06_a5_gnd00050	0.004507	0.011312885	99.549323	0	19	2
AG-917-K06_a5_gnd00060	AG-917-K06	AG-917-K06_a5_gnd00060	0.005393668	0.013443114	99.460633	1		
AG-917-K06_a5_gnd00060_p10_s2	AG-917-K06	AG-917-K06_a5_gnd00060	0.005394	0.013443114	99.460633	0	10	2
AG-917-K06_a5_gnd00060_p12_s4	AG-917-K06	AG-917-K06_a5_gnd00060	0.005394	0.013443114	99.460633	0	12	4
AG-917-K06_a5_gnd00060_p16_s3	AG-917-K06	AG-917-K06_a5_gnd00060	0.005394	0.013443114	99.460633	0	16	3
AG-917-K06_a5_gnd00060_p16_s5	AG-917-K06	AG-917-K06_a5_gnd00060	0.005394	0.013443114	99.460633	0	16	5
AG-917-K06_a5_gnd00060_p19_s1	AG-917-K06	AG-917-K06_a5_gnd00060	0.005394	0.013443114	99.460633	0	19	1
AG-917-K06_a5_gnd00070	AG-917-K06	AG-917-K06_a5_gnd00070	0.006298217	0.015623435	99.370178	1		
AG-917-K06_a5_gnd00070_p10_s5	AG-917-K06	AG-917-K06_a5_gnd00070	0.006298	0.015623435	99.370178	0	10	5
AG-917-K06_a5_gnd00070_p13_s4	AG-917-K06	AG-917-K06_a5_gnd00070	0.006298	0.015623435	99.370178	0	13	4
AG-917-K06_a5_gnd00070_p18_s1	AG-917-K06	AG-917-K06_a5_gnd00070	0.006298	0.015623435	99.370178	0	18	1
AG-917-K06_a5_gnd00070_p18_s2	AG-917-K06	AG-917-K06_a5_gnd00070	0.006298	0.015623435	99.370178	0	18	2
AG-917-K06_a5_gnd00070_p18_s3	AG-917-K06	AG-917-K06_a5_gnd00070	0.006298	0.015623435	99.370178	0	18	3
AG-917-K06_a5_gnd00080	AG-917-K06	AG-917-K06_a5_gnd00080	0.007183431	0.017772118	99.281657	1		
AG-917-K06_a5_gnd00080_p14_s5	AG-917-K06	AG-917-K06_a5_gnd00080	0.007183	0.017772118	99.281657	0	14	5
AG-917-K06_a5_gnd00080_p16_s3	AG-917-K06	AG-917-K06_a5_gnd00080	0.007183	0.017772118	99.281657	0	16	3
AG-917-K06_a5_gnd00080_p16_s4	AG-917-K06	AG-917-K06_a5_gnd00080	0.007183	0.017772118	99.281657	0	16	4
AG-917-K06_a5_gnd00080_p19_s1	AG-917-K06	AG-917-K06_a5_gnd00080	0.007183	0.017772118	99.281657	0	19	1
AG-917-K06_a5_gnd00080_p8_s2	AG-917-K06	AG-917-K06_a5_gnd00080	0.007183	0.017772118	99.281657	0	8	2
AG-917-K06_a5_gnd00090	AG-917-K06	AG-917-K06_a5_gnd00090	0.008121606	0.020121170	99.187839	1		
AG-917-K06_a5_gnd00090_p13_s4	AG-917-K06	AG-917-K06_a5_gnd00090	0.008122	0.020121170	99.187839	0	13	4
AG-917-K06_a5_gnd00090_p13_s5	AG-917-K06	AG-917-K06_a5_gnd00090	0.008122	0.020121170	99.187839	0	13	5
AG-917-K06_a5_gnd00090_p20_s2	AG-917-K06	AG-917-K06_a5_gnd00090	0.008122	0.020121170	99.187839	0	20	2
AG-917-K06_a5_gnd00090_p5_s1	AG-917-K06	AG-917-K06_a5_gnd00090	0.008122	0.020121170	99.187839	0	5	1
AG-917-K06_a5_gnd00090_p7_s3	AG-917-K06	AG-917-K06_a5_gnd00090	0.008122	0.020121170	99.187839	0	7	3
AG-917-K06_a5_gnd001	AG-917-K06	AG-917-K06_a5_gnd001	0.009020271	0.022267217	99.097973	1		
AG-917-K06_a5_gnd001_p13_s2	AG-917-K06	AG-917-K06_a5_gnd001	0.009020	0.022267217	99.097973	0	13	2
AG-917-K06_a5_gnd001_p13_s3	AG-917-K06	AG-917-K06_a5_gnd001	0.009020	0.022267217	99.097973	0	13	3
AG-917-K06_a5_gnd001_p16_s5	AG-917-K06	AG-917-K06_a5_gnd001	0.009020	0.022267217	99.097973	0	16	5
AG-917-K06_a5_gnd001_p2_s1	AG-917-K06	AG-917-K06_a5_gnd001	0.009020	0.022267217	99.097973	0	2	1
AG-917-K06_a5_gnd001_p7_s4	AG-917-K06	AG-917-K06_a5_gnd001	0.009020	0.022267217	99.097973	0	7	4
AG-917-K06_a5_gnd002	AG-917-K06	AG-917-K06_a5_gnd002	0.018077531	0.044062515	98.192247	1		
AG-917-K06_a5_gnd002_p15_s5	AG-917-K06	AG-917-K06_a5_gnd002	0.018078	0.044062515	98.192247	0	15	5
AG-917-K06_a5_gnd002_p16_s2	AG-917-K06	AG-917-K06_a5_gnd002	0.018078	0.044062515	98.192247	0	16	2
AG-917-K06_a5_gnd002_p5_s4	AG-917-K06	AG-917-K06_a5_gnd002	0.018078	0.044062515	98.192247	0	5	4
AG-917-K06_a5_gnd002_p7_s1	AG-917-K06	AG-917-K06_a5_gnd002	0.018078	0.044062515	98.192247	0	7	1
AG-917-K06_a5_gnd002_p7_s3	AG-917-K06	AG-917-K06_a5_gnd002	0.018078	0.044062515	98.192247	0	7	3
AG-917-K06_a5_gnd003	AG-917-K06	AG-917-K06_a5_gnd003	0.027113774	0.065217162	97.288623	1		
AG-917-K06_a5_gnd003_p12_s4	AG-917-K06	AG-917-K06_a5_gnd003	0.027114	0.065217162	97.288623	0	12	4
AG-917-K06_a5_gnd003_p13_s2	AG-917-K06	AG-917-K06_a5_gnd003	0.027114	0.065217162	97.288623	0	13	2
AG-917-K06_a5_gnd003_p15_s1	AG-917-K06	AG-917-K06_a5_gnd003	0.027114	0.065217162	97.288623	0	15	1
AG-917-K06_a5_gnd003_p16_s5	AG-917-K06	AG-917-K06_a5_gnd003	0.027114	0.065217162	97.288623	0	16	5
AG-917-K06_a5_gnd003_p7_s3	AG-917-K06	AG-917-K06_a5_gnd003	0.027114	0.065217162	97.288623	0	7	3
AG-917-K06_a5_gnd004	AG-917-K06	AG-917-K06_a5_gnd004	0.036092852	0.085525518	96.390715	1		
AG-917-K06_a5_gnd004_p0_s5	AG-917-K06	AG-917-K06_a5_gnd004	0.036093	0.085525518	96.390715	0	0	5
AG-917-K06_a5_gnd004_p14_s4	AG-917-K06	AG-917-K06_a5_gnd004	0.036093	0.085525518	96.390715	0	14	4
AG-917-K06_a5_gnd004_p15_s3	AG-917-K06	AG-917-K06_a5_gnd004	0.036093	0.085525518	96.390715	0	15	3
AG-917-K06_a5_gnd004_p16_s1	AG-917-K06	AG-917-K06_a5_gnd004	0.036093	0.085525518	96.390715	0	16	1
AG-917-K06_a5_gnd004_p18_s2	AG-917-K06	AG-917-K06_a5_gnd004	0.036093	0.085525518	96.390715	0	18	2
AG-917-K06_a5_gnd005	AG-917-K06	AG-917-K06_a5_gnd005	0.045235019	0.106210882	95.476498	1		
AG-917-K06_a5_gnd005_p10_s3	AG-917-K06	AG-917-K06_a5_gnd005	0.045235	0.106210882	95.476498	0	10	3
AG-917-K06_a5_gnd005_p13_s2	AG-917-K06	AG-917-K06_a5_gnd005	0.045235	0.106210882	95.476498	0	13	2
AG-917-K06_a5_gnd005_p15_s4	AG-917-K06	AG-917-K06_a5_gnd005	0.045235	0.106210882	95.476498	0	15	4
AG-917-K06_a5_gnd005_p18_s5	AG-917-K06	AG-917-K06_a5_gnd005	0.045235	0.106210882	95.476498	0	18	5
AG-917-K06_a5_gnd005_p6_s1	AG-917-K06	AG-917-K06_a5_gnd005	0.045235	0.106210882	95.476498	0	6	1
AG-917-K06_a5_gnd006	AG-917-K06	AG-917-K06_a5_gnd006	0.054170383	0.127086069	94.582962	1		
AG-917-K06_a5_gnd006_p10_s1	AG-917-K06	AG-917-K06_a5_gnd006	0.054170	0.127086069	94.582962	0	10	1
AG-917-K06_a5_gnd006_p11_s4	AG-917-K06	AG-917-K06_a5_gnd006	0.054170	0.127086069	94.582962	0	11	4
AG-917-K06_a5_gnd006_p13_s2	AG-917-K06	AG-917-K06_a5_gnd006	0.054170	0.127086069	94.582962	0	13	2
AG-917-K06_a5_gnd006_p20_s5	AG-917-K06	AG-917-K06_a5_gnd006	0.054170	0.127086069	94.582962	0	20	5
AG-917-K06_a5_gnd006_p7_s3	AG-917-K06	AG-917-K06_a5_gnd006	0.054170	0.127086069	94.582962	0	7	3
AG-917-K06_a5_gnd007	AG-917-K06	AG-917-K06_a5_gnd007	0.063121720	0.146426858	93.687828	1		
AG-917-K06_a5_gnd007_p16_s2	AG-917-K06	AG-917-K06_a5_gnd007	0.063122	0.146426858	93.687828	0	16	2
AG-917-K06_a5_gnd007_p18_s1	AG-917-K06	AG-917-K06_a5_gnd007	0.063122	0.146426858	93.687828	0	18	1
AG-917-K06_a5_gnd007_p18_s5	AG-917-K06	AG-917-K06_a5_gnd007	0.063122	0.146426858	93.687828	0	18	5
AG-917-K06_a5_gnd007_p19_s3	AG-917-K06	AG-917-K06_a5_gnd007	0.063122	0.146426858	93.687828	0	19	3
AG-917-K06_a5_gnd007_p9_s4	AG-917-K06	AG-917-K06_a5_gnd007	0.063122	0.146426858	93.687828	0	9	4
AG-917-K06_a5_gnd008	AG-917-K06	AG-917-K06_a5_gnd008	0.072210084	0.165132269	92.778992	1		
AG-917-K06_a5_gnd008_p15_s1	AG-917-K06	AG-917-K06_a5_gnd008	0.072210	0.165132269	92.778992	0	15	1
AG-917-K06_a5_gnd008_p17_s5	AG-917-K06	AG-917-K06_a5_gnd008	0.072210	0.165132269	92.778992	0	17	5
AG-917-K06_a5_gnd008_p18_s3	AG-917-K06	AG-917-K06_a5_gnd008	0.072210	0.165132269	92.778992	0	18	3
AG-917-K06_a5_gnd008_p19_s2	AG-917-K06	AG-917-K06_a5_gnd008	0.072210	0.165132269	92.778992	0	19	2
AG-917-K06_a5_gnd008_p20_s4	AG-917-K06	AG-917-K06_a5_gnd008	0.072210	0.165132269	92.778992	0	20	4
AG-917-K06_a5_gnd009	AG-917-K06	AG-917-K06_a5_gnd009	0.081165624	0.184156688	91.883438	1		
AG-917-K06_a5_gnd009_p0_s1	AG-917-K06	AG-917-K06_a5_gnd009	0.081166	0.184156688	91.883438	0	0	1
AG-917-K06_a5_gnd009_p14_s5	AG-917-K06	AG-917-K06_a5_gnd009	0.081166	0.184156688	91.883438	0	14	5
AG-917-K06_a5_gnd009_p17_s3	AG-917-K06	AG-917-K06_a5_gnd009	0.081166	0.184156688	91.883438	0	17	3
AG-917-K06_a5_gnd009_p18_s2	AG-917-K06	AG-917-K06_a5_gnd009	0.081166	0.184156688	91.883438	0	18	2
AG-917-K06_a5_gnd009_p18_s4	AG-917-K06	AG-917-K06_a5_gnd009	0.081166	0.184156688	91.883438	0	18	4
AG-917-K06_a5_gnd010	AG-917-K06	AG-917-K06_a5_gnd010	0.090316197	0.203073013	90.968380	1		
AG-917-K06_a5_gnd010_p0_s4	AG-917-K06	AG-917-K06_a5_gnd010	0.090316	0.203073013	90.968380	0	0	4
AG-917-K06_a5_gnd010_p10_s3	AG-917-K06	AG-917-K06_a5_gnd010	0.090316	0.203073013	90.968380	0	10	3
AG-917-K06_a5_gnd010_p18_s5	AG-917-K06	AG-917-K06_a5_gnd010	0.090316	0.203073013	90.968380	0	18	5
AG-917-K06_a5_gnd010_p5_s2	AG-917-K06	AG-917-K06_a5_gnd010	0.090316	0.203073013	90.968380	0	5	2
AG-917-K06_a5_gnd010_p8_s1	AG-917-K06	AG-917-K06_a5_gnd010	0.090316	0.203073013	90.968380	0	8	1
AG-917-K06_a5_gnd011	AG-917-K06	AG-917-K06_a5_gnd011	0.099264171	0.221272232	90.073583	1		
AG-917-K06_a5_gnd011_p10_s5	AG-917-K06	AG-917-K06_a5_gnd011	0.099264	0.221272232	90.073583	0	10	5
AG-917-K06_a5_gnd011_p13_s3	AG-917-K06	AG-917-K06_a5_gnd011	0.099264	0.221272232	90.073583	0	13	3
AG-917-K06_a5_gnd011_p16_s4	AG-917-K06	AG-917-K06_a5_gnd011	0.099264	0.221272232	90.073583	0	16	4
AG-917-K06_a5_gnd011_p1_s2	AG-917-K06	AG-917-K06_a5_gnd011	0.099264	0.221272232	90.073583	0	1	2
AG-917-K06_a5_gnd011_p9_s1	AG-917-K06	AG-917-K06_a5_gnd011	0.099264	0.221272232	90.073583	0	9	1
AG-917-K06_a5_gnd012	AG-917-K06	AG-917-K06_a5_gnd012	0.108436601	0.240602475	89.156340	1		
AG-917-K06_a5_gnd012_p10_s5	AG-917-K06	AG-917-K06_a5_gnd012	0.108437	0.240602475	89.156340	0	10	5
AG-917-K06_a5_gnd012_p16_s3	AG-917-K06	AG-917-K06_a5_gnd012	0.108437	0.240602475	89.156340	0	16	3
AG-917-K06_a5_gnd012_p1_s1	AG-917-K06	AG-917-K06_a5_gnd012	0.108437	0.240602475	89.156340	0	1	1
AG-917-K06_a5_gnd012_p7_s2	AG-917-K06	AG-917-K06_a5_gnd012	0.108437	0.240602475	89.156340	0	7	2
AG-917-K06_a5_gnd012_p7_s4	AG-917-K06	AG-917-K06_a5_gnd012	0.108437	0.240602475	89.156340	0	7	4
AG-917-K06_a5_gnd013	AG-917-K06	AG-917-K06_a5_gnd013	0.117598943	0.258029222	88.240106	1		
AG-917-K06_a5_gnd013_p11_s3	AG-917-K06	AG-917-K06_a5_gnd013	0.117599	0.258029222	88.240106	0	11	3
AG-917-K06_a5_gnd013_p12_s2	AG-917-K06	AG-917-K06_a5_gnd013	0.117599	0.258029222	88.240106	0	12	2
AG-917-K06_a5_gnd013_p12_s4	AG-917-K06	AG-917-K06_a5_gnd013	0.117599	0.258029222	88.240106	0	12	4
AG-917-K06_a5_gnd013_p13_s1	AG-917-K06	AG-917-K06_a5_gnd013	0.117599	0.258029222	88.240106	0	13	1
AG-917-K06_a5_gnd013_p15_s5	AG-917-K06	AG-917-K06_a5_gnd013	0.117599	0.258029222	88.240106	0	15	5
AG-917-K06_a5_gnd014	AG-917-K06	AG-917-K06_a5_gnd014	0.126593995	0.275100052	87.340601	1		
AG-917-K06_a5_gnd014_p12_s3	AG-917-K06	AG-917-K06_a5_gnd014	0.126594	0.275100052	87.340601	0	12	3
AG-917-K06_a5_gnd014_p12_s4	AG-917-K06	AG-917-K06_a5_gnd014	0.126594	0.275100052	87.340601	0	12	4
AG-917-K06_a5_gnd014_p13_s1	AG-917-K06	AG-917-K06_a5_gnd014	0.126594	0.275100052	87.340601	0	13	1
AG-917-K06_a5_gnd014_p17_s5	AG-917-K06	AG-917-K06_a5_gnd014	0.126594	0.275100052	87.340601	0	17	5
AG-917-K06_a5_gnd014_p19_s2	AG-917-K06	AG-917-K06_a5_gnd014	0.126594	0.275100052	87.340601	0	19	2
AG-917-K06_a5_gnd015	AG-917-K06	AG-917-K06_a5_gnd015	0.135694969	0.291788601	86.430503	1		
AG-917-K06_a5_gnd015_p0_s1	AG-917-K06	AG-917-K06_a5_gnd015	0.135695	0.291788601	86.430503	0	0	1
AG-917-K06_a5_gnd015_p10_s5	AG-917-K06	AG-917-K06_a5_gnd015	0.135695	0.291788601	86.430503	0	10	5
AG-917-K06_a5_gnd015_p14_s3	AG-917-K06	AG-917-K06_a5_gnd015	0.135695	0.291788601	86.430503	0	14	3
AG-917-K06_a5_gnd015_p16_s2	AG-917-K06	AG-917-K06_a5_gnd015	0.135695	0.291788601	86.430503	0	16	2
AG-917-K06_a5_gnd015_p20_s4	AG-917-K06	AG-917-K06_a5_gnd015	0.135695	0.291788601	86.430503	0	20	4
AG-917-K06_a5_gnd016	AG-917-K06	AG-917-K06_a5_gnd016	0.144811075	0.309078254	85.518893	1		
AG-917-K06_a5_gnd016_p10_s1	AG-917-K06	AG-917-K06_a5_gnd016	0.144811	0.309078254	85.518893	0	10	1
AG-917-K06_a5_gnd016_p14_s4	AG-917-K06	AG-917-K06_a5_gnd016	0.144811	0.309078254	85.518893	0	14	4
AG-917-K06_a5_gnd016_p16_s5	AG-917-K06	AG-917-K06_a5_gnd016	0.144811	0.309078254	85.518893	0	16	5
AG-917-K06_a5_gnd016_p7_s2	AG-917-K06	AG-917-K06_a5_gnd016	0.144811	0.309078254	85.518893	0	7	2
AG-917-K06_a5_gnd016_p7_s3	AG-917-K06	AG-917-K06_a5_gnd016	0.144811	0.309078254	85.518893	0	7	3
AG-917-K06_a5_gnd017	AG-917-K06	AG-917-K06_a5_gnd017	0.153526186	0.323916035	84.647381	1		
AG-917-K06_a5_gnd017_p14_s5	AG-917-K06	AG-917-K06_a5_gnd017	0.153526	0.323916035	84.647381	0	14	5
AG-917-K06_a5_gnd017_p20_s4	AG-917-K06	AG-917-K06_a5_gnd017	0.153526	0.323916035	84.647381	0	20	4
AG-917-K06_a5_gnd017_p2_s2	AG-917-K06	AG-917-K06_a5_gnd017	0.153526	0.323916035	84.647381	0	2	2
AG-917-K06_a5_gnd017_p5_s1	AG-917-K06	AG-917-K06_a5_gnd017	0.153526	0.323916035	84.647381	0	5	1
AG-917-K06_a5_gnd017_p7_s3	AG-917-K06	AG-917-K06_a5_gnd017	0.153526	0.323916035	84.647381	0	7	3
AG-917-K06_a5_gnd018	AG-917-K06	AG-917-K06_a5_gnd018	0.162843210	0.341957069	83.715679	1		
AG-917-K06_a5_gnd018_p11_s3	AG-917-K06	AG-917-K06_a5_gnd018	0.162843	0.341957069	83.715679	0	11	3
AG-917-K06_a5_gnd018_p11_s5	AG-917-K06	AG-917-K06_a5_gnd018	0.162843	0.341957069	83.715679	0	11	5
AG-917-K06_a5_gnd018_p14_s4	AG-917-K06	AG-917-K06_a5_gnd018	0.162843	0.341957069	83.715679	0	14	4
AG-917-K06_a5_gnd018_p20_s1	AG-917-K06	AG-917-K06_a5_gnd018	0.162843	0.341957069	83.715679	0	20	1
AG-917-K06_a5_gnd018_p9_s2	AG-917-K06	AG-917-K06_a5_gnd018	0.162843	0.341957069	83.715679	0	9	2
AG-917-K06_a5_gnd019	AG-917-K06	AG-917-K06_a5_gnd019	0.171748310	0.356639301	82.825169	1		
AG-917-K06_a5_gnd019_p0_s4	AG-917-K06	AG-917-K06_a5_gnd019	0.171748	0.356639301	82.825169	0	0	4
AG-917-K06_a5_gnd019_p11_s1	AG-917-K06	AG-917-K06_a5_gnd019	0.171748	0.356639301	82.825169	0	11	1
AG-917-K06_a5_gnd019_p12_s3	AG-917-K06	AG-917-K06_a5_gnd019	0.171748	0.356639301	82.825169	0	12	3
AG-917-K06_a5_gnd019_p18_s2	AG-917-K06	AG-917-K06_a5_gnd019	0.171748	0.356639301	82.825169	0	18	2
AG-917-K06_a5_gnd019_p20_s5	AG-917-K06	AG-917-K06_a5_gnd019	0.171748	0.356639301	82.825169	0	20	5
AG-917-K06_a5_gnd020	AG-917-K06	AG-917-K06_a5_gnd020	0.180795482	0.373180210	81.920452	1		
AG-917-K06_a5_gnd020_p13_s2	AG-917-K06	AG-917-K06_a5_gnd020	0.180795	0.373180210	81.920452	0	13	2
AG-917-K06_a5_gnd020_p18_s5	AG-917-K06	AG-917-K06_a5_gnd020	0.180795	0.373180210	81.920452	0	18	5
AG-917-K06_a5_gnd020_p20_s4	AG-917-K06	AG-917-K06_a5_gnd020	0.180795	0.373180210	81.920452	0	20	4
AG-917-K06_a5_gnd020_p6_s1	AG-917-K06	AG-917-K06_a5_gnd020	0.180795	0.373180210	81.920452	0	6	1
AG-917-K06_a5_gnd020_p8_s3	AG-917-K06	AG-917-K06_a5_gnd020	0.180795	0.373180210	81.920452	0	8	3
AG-920-L07_a22_gnd00000	AG-920-L07	AG-920-L07_a22_gnd00000	0.000000000	0.000229790	100.000000	1		
AG-920-L07_a22_gnd00005	AG-920-L07	AG-920-L07_a22_gnd00005	0.000456027	0.001375867	99.954397	1		
AG-920-L07_a22_gnd00010	AG-920-L07	AG-920-L07_a22_gnd00010	0.000908375	0.002513328	99.909162	1		
AG-920-L07_a22_gnd00020	AG-920-L07	AG-920-L07_a22_gnd00020	0.001803879	0.004618778	99.819612	1		
AG-920-L07_a22_gnd00030	AG-920-L07	AG-920-L07_a22_gnd00030	0.002728804	0.007020084	99.727120	1		
AG-920-L07_a22_gnd00040	AG-920-L07	AG-920-L07_a22_gnd00040	0.003628905	0.008993405	99.637110	1		
AG-920-L07_a22_gnd00050	AG-920-L07	AG-920-L07_a22_gnd00050	0.004519811	0.011357369	99.548019	1		
AG-920-L07_a22_gnd00060	AG-920-L07	AG-920-L07_a22_gnd00060	0.005444736	0.013520267	99.455526	1		
AG-920-L07_a22_gnd00070	AG-920-L07	AG-920-L07_a22_gnd00070	0.006335643	0.015700400	99.366436	1		
AG-920-L07_a22_gnd00080	AG-920-L07	AG-920-L07_a22_gnd00080	0.007255051	0.018113195	99.274495	1		
AG-920-L07_a22_gnd00090	AG-920-L07	AG-920-L07_a22_gnd00090	0.008141361	0.019983110	99.185864	1		
AG-920-L07_a22_gnd001	AG-920-L07	AG-920-L07_a22_gnd001	0.009102143	0.022424629	99.089786	1		
AG-920-L07_a22_gnd002	AG-920-L07	AG-920-L07_a22_gnd002	0.018067293	0.043812331	98.193271	1		
AG-920-L07_a22_gnd003	AG-920-L07	AG-920-L07_a22_gnd003	0.027193341	0.065501632	97.280666	1		
AG-920-L07_a22_gnd004	AG-920-L07	AG-920-L07_a22_gnd004	0.036152055	0.085815065	96.384794	1		
AG-920-L07_a22_gnd005	AG-920-L07	AG-920-L07_a22_gnd005	0.045354414	0.107016062	95.464559	1		
AG-920-L07_a22_gnd006	AG-920-L07	AG-920-L07_a22_gnd006	0.054315887	0.127292155	94.568411	1		
AG-920-L07_a22_gnd007	AG-920-L07	AG-920-L07_a22_gnd007	0.063223115	0.146703663	93.677689	1		
AG-920-L07_a22_gnd008	AG-920-L07	AG-920-L07_a22_gnd008	0.072451216	0.166172618	92.754878	1		
AG-920-L07_a22_gnd009	AG-920-L07	AG-920-L07_a22_gnd009	0.081673801	0.186761800	91.832620	1		
AG-920-L07_a22_gnd010	AG-920-L07	AG-920-L07_a22_gnd010	0.090695955	0.205417873	90.930404	1		
AG-920-L07_a22_gnd011	AG-920-L07	AG-920-L07_a22_gnd011	0.099833035	0.224516292	90.016696	1		
AG-920-L07_a22_gnd012	AG-920-L07	AG-920-L07_a22_gnd012	0.108680502	0.242235971	89.131950	1		
AG-920-L07_a22_gnd013	AG-920-L07	AG-920-L07_a22_gnd013	0.117826776	0.260099269	88.217322	1		
AG-920-L07_a22_gnd014	AG-920-L07	AG-920-L07_a22_gnd014	0.126908692	0.278057356	87.309131	1		
AG-920-L07_a22_gnd015	AG-920-L07	AG-920-L07_a22_gnd015	0.136244364	0.295946505	86.375564	1		
AG-920-L07_a22_gnd016	AG-920-L07	AG-920-L07_a22_gnd016	0.145171819	0.313499586	85.482818	1		
AG-920-L07_a22_gnd017	AG-920-L07	AG-920-L07_a22_gnd017	0.154182940	0.328866791	84.581706	1		
AG-920-L07_a22_gnd018	AG-920-L07	AG-920-L07_a22_gnd018	0.163247387	0.347060412	83.675261	1		
AG-920-L07_a22_gnd019	AG-920-L07	AG-920-L07_a22_gnd019	0.172378951	0.362895813	82.762105	1		
AG-920-L07_a22_gnd020	AG-920-L07	AG-920-L07_a22_gnd020	0.181425929	0.378217060	81.857407	1		
AG-920-L07_a5_gnd00000	AG-920-L07	AG-920-L07_a5_gnd00000	0.000000000	0.000229790	100.000000	1		
AG-920-L07_a5_gnd00000_p0_s1	AG-920-L07	AG-920-L07_a5_gnd00000	0.000000	0.000229790	100.000000	0	0	1
AG-920-L07_a5_gnd00000_p11_s5	AG-920-L07	AG-920-L07_a5_gnd00000	0.000000	0.000229790	100.000000	0	11	5
AG-920-L07_a5_gnd00000_p3_s3	AG-920-L07	AG-920-L07_a5_gnd00000	0.000000	0.000229790	100.000000	0	3	3
AG-920-L07_a5_gnd00000_p8_s2	AG-920-L07	AG-920-L07_a5_gnd00000	0.000000	0.000229790	100.000000	0	8	2
AG-920-L07_a5_gnd00000_p9_s4	AG-920-L07	AG-920-L07_a5_gnd00000	0.000000	0.000229790	100.000000	0	9	4
AG-920-L07_a5_gnd00005	AG-920-L07	AG-920-L07_a5_gnd00005	0.000456027	0.001372995	99.954397	1		
AG-920-L07_a5_gnd00005_p13_s4	AG-920-L07	AG-920-L07_a5_gnd00005	0.000456	0.001372995	99.954397	0	13	4
AG-920-L07_a5_gnd00005_p13_s5	AG-920-L07	AG-920-L07_a5_gnd00005	0.000456	0.001372995	99.954397	0	13	5
AG-920-L07_a5_gnd00005_p1_s2	AG-920-L07	AG-920-L07_a5_gnd00005	0.000456	0.001372995	99.954397	0	1	2
AG-920-L07_a5_gnd00005_p2_s1	AG-920-L07	AG-920-L07_a5_gnd00005	0.000456	0.001372995	99.954397	0	2	1
AG-920-L07_a5_gnd00005_p7_s3	AG-920-L07	AG-920-L07_a5_gnd00005	0.000456	0.001372995	99.954397	0	7	3
AG-920-L07_a5_gnd00010	AG-920-L07	AG-920-L07_a5_gnd00010	0.000897343	0.002418539	99.910266	1		
AG-920-L07_a5_gnd00010_p12_s4	AG-920-L07	AG-920-L07_a5_gnd00010	0.000897	0.002418539	99.910266	0	12	4
AG-920-L07_a5_gnd00010_p13_s1	AG-920-L07	AG-920-L07_a5_gnd00010	0.000897	0.002418539	99.910266	0	13	1
AG-920-L07_a5_gnd00010_p20_s3	AG-920-L07	AG-920-L07_a5_gnd00010	0.000897	0.002418539	99.910266	0	20	3
AG-920-L07_a5_gnd00010_p4_s5	AG-920-L07	AG-920-L07_a5_gnd00010	0.000897	0.002418539	99.910266	0	4	5
AG-920-L07_a5_gnd00010_p8_s2	AG-920-L07	AG-920-L07_a5_gnd00010	0.000897	0.002418539	99.910266	0	8	2
AG-920-L07_a5_gnd00020	AG-920-L07	AG-920-L07_a5_gnd00020	0.001807557	0.004615906	99.819244	1		
AG-920-L07_a5_gnd00020_p16_s4	AG-920-L07	AG-920-L07_a5_gnd00020	0.001808	0.004615906	99.819244	0	16	4
AG-920-L07_a5_gnd00020_p18_s1	AG-920-L07	AG-920-L07_a5_gnd00020	0.001808	0.004615906	99.819244	0	18	1
AG-920-L07_a5_gnd00020_p18_s5	AG-920-L07	AG-920-L07_a5_gnd00020	0.001808	0.004615906	99.819244	0	18	5
AG-920-L07_a5_gnd00020_p20_s2	AG-920-L07	AG-920-L07_a5_gnd00020	0.001808	0.004615906	99.819244	0	20	2
AG-920-L07_a5_gnd00020_p3_s3	AG-920-L07	AG-920-L07_a5_gnd00020	0.001808	0.004615906	99.819244	0	3	3
AG-920-L07_a5_gnd00030	AG-920-L07	AG-920-L07_a5_gnd00030	0.002711335	0.006732846	99.728866	1		
AG-920-L07_a5_gnd00030_p11_s2	AG-920-L07	AG-920-L07_a5_gnd00030	0.002711	0.006732846	99.728866	0	11	2
AG-920-L07_a5_gnd00030_p13_s1	AG-920-L07	AG-920-L07_a5_gnd00030	0.002711	0.006732846	99.728866	0	13	1
AG-920-L07_a5_gnd00030_p14_s3	AG-920-L07	AG-920-L07_a5_gnd00030	0.002711	0.006732846	99.728866	0	14	3
AG-920-L07_a5_gnd00030_p16_s5	AG-920-L07	AG-920-L07_a5_gnd00030	0.002711	0.006732846	99.728866	0	16	5
AG-920-L07_a5_gnd00030_p19_s4	AG-920-L07	AG-920-L07_a5_gnd00030	0.002711	0.006732846	99.728866	0	19	4
AG-920-L07_a5_gnd00040	AG-920-L07	AG-920-L07_a5_gnd00040	0.003609597	0.009096811	99.639040	1		
AG-920-L07_a5_gnd00040_p0_s2	AG-920-L07	AG-920-L07_a5_gnd00040	0.003610	0.009096811	99.639040	0	0	2
AG-920-L07_a5_gnd00040_p10_s1	AG-920-L07	AG-920-L07_a5_gnd00040	0.003610	0.009096811	99.639040	0	10	1
AG-920-L07_a5_gnd00040_p11_s3	AG-920-L07	AG-920-L07_a5_gnd00040	0.003610	0.009096811	99.639040	0	11	3
AG-920-L07_a5_gnd00040_p11_s4	AG-920-L07	AG-920-L07_a5_gnd00040	0.003610	0.009096811	99.639040	0	11	4
AG-920-L07_a5_gnd00040_p13_s5	AG-920-L07	AG-920-L07_a5_gnd00040	0.003610	0.009096811	99.639040	0	13	5
AG-920-L07_a5_gnd00050	AG-920-L07	AG-920-L07_a5_gnd00050	0.004528086	0.011340135	99.547191	1		
AG-920-L07_a5_gnd00050_p11_s3	AG-920-L07	AG-920-L07_a5_gnd00050	0.004528	0.011340135	99.547191	0	11	3
AG-920-L07_a5_gnd00050_p17_s5	AG-920-L07	AG-920-L07_a5_gnd00050	0.004528	0.011340135	99.547191	0	17	5
AG-920-L07_a5_gnd00050_p20_s4	AG-920-L07	AG-920-L07_a5_gnd00050	0.004528	0.011340135	99.547191	0	20	4
AG-920-L07_a5_gnd00050_p8_s1	AG-920-L07	AG-920-L07_a5_gnd00050	0.004528	0.011340135	99.547191	0	8	1
AG-920-L07_a5_gnd00050_p9_s2	AG-920-L07	AG-920-L07_a5_gnd00050	0.004528	0.011340135	99.547191	0	9	2
AG-920-L07_a5_gnd00060	AG-920-L07	AG-920-L07_a5_gnd00060	0.005464963	0.013626545	99.453504	1		
AG-920-L07_a5_gnd00060_p12_s2	AG-920-L07	AG-920-L07_a5_gnd00060	0.005465	0.013626545	99.453504	0	12	2
AG-920-L07_a5_gnd00060_p12_s5	AG-920-L07	AG-920-L07_a5_gnd00060	0.005465	0.013626545	99.453504	0	12	5
AG-920-L07_a5_gnd00060_p14_s1	AG-920-L07	AG-920-L07_a5_gnd00060	0.005465	0.013626545	99.453504	0	14	1
AG-920-L07_a5_gnd00060_p20_s4	AG-920-L07	AG-920-L07_a5_gnd00060	0.005465	0.013626545	99.453504	0	20	4
AG-920-L07_a5_gnd00060_p6_s3	AG-920-L07	AG-920-L07_a5_gnd00060	0.005465	0.013626545	99.453504	0	6	3
AG-920-L07_a5_gnd00070	AG-920-L07	AG-920-L07_a5_gnd00070	0.006311738	0.015516568	99.368826	1		
AG-920-L07_a5_gnd00070_p13_s3	AG-920-L07	AG-920-L07_a5_gnd00070	0.006312	0.015516568	99.368826	0	13	3
AG-920-L07_a5_gnd00070_p14_s2	AG-920-L07	AG-920-L07_a5_gnd00070	0.006312	0.015516568	99.368826	0	14	2
AG-920-L07_a5_gnd00070_p1_s4	AG-920-L07	AG-920-L07_a5_gnd00070	0.006312	0.015516568	99.368826	0	1	4
AG-920-L07_a5_gnd00070_p3_s1	AG-920-L07	AG-920-L07_a5_gnd00070	0.006312	0.015516568	99.368826	0	3	1
AG-920-L07_a5_gnd00070_p8_s5	AG-920-L07	AG-920-L07_a5_gnd00070	0.006312	0.015516568	99.368826	0	8	5
AG-920-L07_a5_gnd00080	AG-920-L07	AG-920-L07_a5_gnd00080	0.007267004	0.017874787	99.273300	1		
AG-920-L07_a5_gnd00080_p14_s3	AG-920-L07	AG-920-L07_a5_gnd00080	0.007267	0.017874787	99.273300	0	14	3
AG-920-L07_a5_gnd00080_p17_s4	AG-920-L07	AG-920-L07_a5_gnd00080	0.007267	0.017874787	99.273300	0	17	4
AG-920-L07_a5_gnd00080_p19_s1	AG-920-L07	AG-920-L07_a5_gnd00080	0.007267	0.017874787	99.273300	0	19	1
AG-920-L07_a5_gnd00080_p7_s5	AG-920-L07	AG-920-L07_a5_gnd00080	0.007267	0.017874787	99.273300	0	7	5
AG-920-L07_a5_gnd00080_p8_s2	AG-920-L07	AG-920-L07_a5_gnd00080	0.007267	0.017874787	99.273300	0	8	2
AG-920-L07_a5_gnd00090	AG-920-L07	AG-920-L07_a5_gnd00090	0.008130328	0.020008962	99.186967	1		
AG-920-L07_a5_gnd00090_p10_s5	AG-920-L07	AG-920-L07_a5_gnd00090	0.008130	0.020008962	99.186967	0	10	5
AG-920-L07_a5_gnd00090_p14_s4	AG-920-L07	AG-920-L07_a5_gnd00090	0.008130	0.020008962	99.186967	0	14	4
AG-920-L07_a5_gnd00090_p4_s2	AG-920-L07	AG-920-L07_a5_gnd00090	0.008130	0.020008962	99.186967	0	4	2
AG-920-L07_a5_gnd00090_p4_s3	AG-920-L07	AG-920-L07_a5_gnd00090	0.008130	0.020008962	99.186967	0	4	3
AG-920-L07_a5_gnd00090_p8_s1	AG-920-L07	AG-920-L07_a5_gnd00090	0.008130	0.020008962	99.186967	0	8	1
AG-920-L07_a5_gnd001	AG-920-L07	AG-920-L07_a5_gnd001	0.009071802	0.022329841	99.092820	1		
AG-920-L07_a5_gnd001_p0_s3	AG-920-L07	AG-920-L07_a5_gnd001	0.009072	0.022329841	99.092820	0	0	3
AG-920-L07_a5_gnd001_p10_s2	AG-920-L07	AG-920-L07_a5_gnd001	0.009072	0.022329841	99.092820	0	10	2
AG-920-L07_a5_gnd001_p13_s5	AG-920-L07	AG-920-L07_a5_gnd001	0.009072	0.022329841	99.092820	0	13	5
AG-920-L07_a5_gnd001_p14_s4	AG-920-L07	AG-920-L07_a5_gnd001	0.009072	0.022329841	99.092820	0	14	4
AG-920-L07_a5_gnd001_p8_s1	AG-920-L07	AG-920-L07_a5_gnd001	0.009072	0.022329841	99.092820	0	8	1
AG-920-L07_a5_gnd002	AG-920-L07	AG-920-L07_a5_gnd002	0.018104070	0.043674457	98.189593	1		
AG-920-L07_a5_gnd002_p10_s1	AG-920-L07	AG-920-L07_a5_gnd002	0.018104	0.043674457	98.189593	0	10	1
AG-920-L07_a5_gnd002_p18_s2	AG-920-L07	AG-920-L07_a5_gnd002	0.018104	0.043674457	98.189593	0	18	2
AG-920-L07_a5_gnd002_p18_s5	AG-920-L07	AG-920-L07_a5_gnd002	0.018104	0.043674457	98.189593	0	18	5
AG-920-L07_a5_gnd002_p4_s3	AG-920-L07	AG-920-L07_a5_gnd002	0.018104	0.043674457	98.189593	0	4	3
AG-920-L07_a5_gnd002_p6_s4	AG-920-L07	AG-920-L07_a5_gnd002	0.018104	0.043674457	98.189593	0	6	4
AG-920-L07_a5_gnd003	AG-920-L07	AG-920-L07_a5_gnd003	0.027178630	0.064875454	97.282137	1		
AG-920-L07_a5_gnd003_p10_s3	AG-920-L07	AG-920-L07_a5_gnd003	0.027179	0.064875454	97.282137	0	10	3
AG-920-L07_a5_gnd003_p13_s4	AG-920-L07	AG-920-L07_a5_gnd003	0.027179	0.064875454	97.282137	0	13	4
AG-920-L07_a5_gnd003_p19_s2	AG-920-L07	AG-920-L07_a5_gnd003	0.027179	0.064875454	97.282137	0	19	2
AG-920-L07_a5_gnd003_p20_s1	AG-920-L07	AG-920-L07_a5_gnd003	0.027179	0.064875454	97.282137	0	20	1
AG-920-L07_a5_gnd003_p20_s5	AG-920-L07	AG-920-L07_a5_gnd003	0.027179	0.064875454	97.282137	0	20	5
AG-920-L07_a5_gnd004	AG-920-L07	AG-920-L07_a5_gnd004	0.036232044	0.085809320	96.376796	1		
AG-920-L07_a5_gnd004_p12_s1	AG-920-L07	AG-920-L07_a5_gnd004	0.036232	0.085809320	96.376796	0	12	1
AG-920-L07_a5_gnd004_p15_s4	AG-920-L07	AG-920-L07_a5_gnd004	0.036232	0.085809320	96.376796	0	15	4
AG-920-L07_a5_gnd004_p18_s3	AG-920-L07	AG-920-L07_a5_gnd004	0.036232	0.085809320	96.376796	0	18	3
AG-920-L07_a5_gnd004_p1_s5	AG-920-L07	AG-920-L07_a5_gnd004	0.036232	0.085809320	96.376796	0	1	5
AG-920-L07_a5_gnd004_p8_s2	AG-920-L07	AG-920-L07_a5_gnd004	0.036232	0.085809320	96.376796	0	8	2
AG-920-L07_a5_gnd005	AG-920-L07	AG-920-L07_a5_gnd005	0.045333267	0.106539248	95.466673	1		
AG-920-L07_a5_gnd005_p0_s5	AG-920-L07	AG-920-L07_a5_gnd005	0.045333	0.106539248	95.466673	0	0	5
AG-920-L07_a5_gnd005_p19_s1	AG-920-L07	AG-920-L07_a5_gnd005	0.045333	0.106539248	95.466673	0	19	1
AG-920-L07_a5_gnd005_p4_s4	AG-920-L07	AG-920-L07_a5_gnd005	0.045333	0.106539248	95.466673	0	4	4
AG-920-L07_a5_gnd005_p7_s2	AG-920-L07	AG-920-L07_a5_gnd005	0.045333	0.106539248	95.466673	0	7	2
AG-920-L07_a5_gnd005_p7_s3	AG-920-L07	AG-920-L07_a5_gnd005	0.045333	0.106539248	95.466673	0	7	3
AG-920-L07_a5_gnd006	AG-920-L07	AG-920-L07_a5_gnd006	0.054383923	0.126019693	94.561608	1		
AG-920-L07_a5_gnd006_p11_s2	AG-920-L07	AG-920-L07_a5_gnd006	0.054384	0.126019693	94.561608	0	11	2
AG-920-L07_a5_gnd006_p16_s4	AG-920-L07	AG-920-L07_a5_gnd006	0.054384	0.126019693	94.561608	0	16	4
AG-920-L07_a5_gnd006_p20_s1	AG-920-L07	AG-920-L07_a5_gnd006	0.054384	0.126019693	94.561608	0	20	1
AG-920-L07_a5_gnd006_p3_s3	AG-920-L07	AG-920-L07_a5_gnd006	0.054384	0.126019693	94.561608	0	3	3
AG-920-L07_a5_gnd006_p7_s5	AG-920-L07	AG-920-L07_a5_gnd006	0.054384	0.126019693	94.561608	0	7	5
AG-920-L07_a5_gnd007	AG-920-L07	AG-920-L07_a5_gnd007	0.063414352	0.146246955	93.658565	1		
AG-920-L07_a5_gnd007_p13_s2	AG-920-L07	AG-920-L07_a5_gnd007	0.063414	0.146246955	93.658565	0	13	2
AG-920-L07_a5_gnd007_p13_s3	AG-920-L07	AG-920-L07_a5_gnd007	0.063414	0.146246955	93.658565	0	13	3
AG-920-L07_a5_gnd007_p13_s4	AG-920-L07	AG-920-L07_a5_gnd007	0.063414	0.146246955	93.658565	0	13	4
AG-920-L07_a5_gnd007_p14_s5	AG-920-L07	AG-920-L07_a5_gnd007	0.063414	0.146246955	93.658565	0	14	5
AG-920-L07_a5_gnd007_p20_s1	AG-920-L07	AG-920-L07_a5_gnd007	0.063414	0.146246955	93.658565	0	20	1
AG-920-L07_a5_gnd008	AG-920-L07	AG-920-L07_a5_gnd008	0.072530285	0.165954318	92.746971	1		
AG-920-L07_a5_gnd008_p13_s5	AG-920-L07	AG-920-L07_a5_gnd008	0.072530	0.165954318	92.746971	0	13	5
AG-920-L07_a5_gnd008_p16_s4	AG-920-L07	AG-920-L07_a5_gnd008	0.072530	0.165954318	92.746971	0	16	4
AG-920-L07_a5_gnd008_p19_s2	AG-920-L07	AG-920-L07_a5_gnd008	0.072530	0.165954318	92.746971	0	19	2
AG-920-L07_a5_gnd008_p6_s1	AG-920-L07	AG-920-L07_a5_gnd008	0.072530	0.165954318	92.746971	0	6	1
AG-920-L07_a5_gnd008_p7_s3	AG-920-L07	AG-920-L07_a5_gnd008	0.072530	0.165954318	92.746971	0	7	3
AG-920-L07_a5_gnd009	AG-920-L07	AG-920-L07_a5_gnd009	0.081492678	0.185121674	91.850732	1		
AG-920-L07_a5_gnd009_p0_s3	AG-920-L07	AG-920-L07_a5_gnd009	0.081493	0.185121674	91.850732	0	0	3
AG-920-L07_a5_gnd009_p10_s5	AG-920-L07	AG-920-L07_a5_gnd009	0.081493	0.185121674	91.850732	0	10	5
AG-920-L07_a5_gnd009_p12_s1	AG-920-L07	AG-920-L07_a5_gnd009	0.081493	0.185121674	91.850732	0	12	1
AG-920-L07_a5_gnd009_p15_s2	AG-920-L07	AG-920-L07_a5_gnd009	0.081493	0.185121674	91.850732	0	15	2
AG-920-L07_a5_gnd009_p20_s4	AG-920-L07	AG-920-L07_a5_gnd009	0.081493	0.185121674	91.850732	0	20	4
AG-920-L07_a5_gnd010	AG-920-L07	AG-920-L07_a5_gnd010	0.090623322	0.203952962	90.937668	1		
AG-920-L07_a5_gnd010_p10_s4	AG-920-L07	AG-920-L07_a5_gnd010	0.090623	0.203952962	90.937668	0	10	4
AG-920-L07_a5_gnd010_p20_s5	AG-920-L07	AG-920-L07_a5_gnd010	0.090623	0.203952962	90.937668	0	20	5
AG-920-L07_a5_gnd010_p5_s2	AG-920-L07	AG-920-L07_a5_gnd010	0.090623	0.203952962	90.937668	0	5	2
AG-920-L07_a5_gnd010_p5_s3	AG-920-L07	AG-920-L07_a5_gnd010	0.090623	0.203952962	90.937668	0	5	3
AG-920-L07_a5_gnd010_p9_s1	AG-920-L07	AG-920-L07_a5_gnd010	0.090623	0.203952962	90.937668	0	9	1
AG-920-L07_a5_gnd011	AG-920-L07	AG-920-L07_a5_gnd011	0.099757644	0.221046464	90.024236	1		
AG-920-L07_a5_gnd011_p13_s3	AG-920-L07	AG-920-L07_a5_gnd011	0.099758	0.221046464	90.024236	0	13	3
AG-920-L07_a5_gnd011_p14_s4	AG-920-L07	AG-920-L07_a5_gnd011	0.099758	0.221046464	90.024236	0	14	4
AG-920-L07_a5_gnd011_p18_s1	AG-920-L07	AG-920-L07_a5_gnd011	0.099758	0.221046464	90.024236	0	18	1
AG-920-L07_a5_gnd011_p20_s2	AG-920-L07	AG-920-L07_a5_gnd011	0.099758	0.221046464	90.024236	0	20	2
AG-920-L07_a5_gnd011_p3_s5	AG-920-L07	AG-920-L07_a5_gnd011	0.099758	0.221046464	90.024236	0	3	5
AG-920-L07_a5_gnd012	AG-920-L07	AG-920-L07_a5_gnd012	0.108942533	0.239805942	89.105747	1		
AG-920-L07_a5_gnd012_p0_s1	AG-920-L07	AG-920-L07_a5_gnd012	0.108943	0.239805942	89.105747	0	0	1
AG-920-L07_a5_gnd012_p15_s5	AG-920-L07	AG-920-L07_a5_gnd012	0.108943	0.239805942	89.105747	0	15	5
AG-920-L07_a5_gnd012_p19_s2	AG-920-L07	AG-920-L07_a5_gnd012	0.108943	0.239805942	89.105747	0	19	2
AG-920-L07_a5_gnd012_p20_s3	AG-920-L07	AG-920-L07_a5_gnd012	0.108943	0.239805942	89.105747	0	20	3
AG-920-L07_a5_gnd012_p2_s4	AG-920-L07	AG-920-L07_a5_gnd012	0.108943	0.239805942	89.105747	0	2	4
AG-920-L07_a5_gnd013	AG-920-L07	AG-920-L07_a5_gnd013	0.118088807	0.257798497	88.191119	1		
AG-920-L07_a5_gnd013_p0_s2	AG-920-L07	AG-920-L07_a5_gnd013	0.118089	0.257798497	88.191119	0	0	2
AG-920-L07_a5_gnd013_p10_s1	AG-920-L07	AG-920-L07_a5_gnd013	0.118089	0.257798497	88.191119	0	10	1
AG-920-L07_a5_gnd013_p13_s5	AG-920-L07	AG-920-L07_a5_gnd013	0.118089	0.257798497	88.191119	0	13	5
AG-920-L07_a5_gnd013_p16_s3	AG-920-L07	AG-920-L07_a5_gnd013	0.118089	0.257798497	88.191119	0	16	3
AG-920-L07_a5_gnd013_p4_s4	AG-920-L07	AG-920-L07_a5_gnd013	0.118089	0.257798497	88.191119	0	4	4
AG-920-L07_a5_gnd014	AG-920-L07	AG-920-L07_a5_gnd014	0.126915128	0.275164874	87.308487	1		
AG-920-L07_a5_gnd014_p11_s2	AG-920-L07	AG-920-L07_a5_gnd014	0.126915	0.275164874	87.308487	0	11	2
AG-920-L07_a5_gnd014_p12_s5	AG-920-L07	AG-920-L07_a5_gnd014	0.126915	0.275164874	87.308487	0	12	5
AG-920-L07_a5_gnd014_p15_s4	AG-920-L07	AG-920-L07_a5_gnd014	0.126915	0.275164874	87.308487	0	15	4
AG-920-L07_a5_gnd014_p9_s1	AG-920-L07	AG-920-L07_a5_gnd014	0.126915	0.275164874	87.308487	0	9	1
AG-920-L07_a5_gnd014_p9_s3	AG-920-L07	AG-920-L07_a5_gnd014	0.126915	0.275164874	87.308487	0	9	3
AG-920-L07_a5_gnd015	AG-920-L07	AG-920-L07_a5_gnd015	0.136188280	0.292453697	86.381172	1		
AG-920-L07_a5_gnd015_p10_s3	AG-920-L07	AG-920-L07_a5_gnd015	0.136188	0.292453697	86.381172	0	10	3
AG-920-L07_a5_gnd015_p13_s5	AG-920-L07	AG-920-L07_a5_gnd015	0.136188	0.292453697	86.381172	0	13	5
AG-920-L07_a5_gnd015_p16_s2	AG-920-L07	AG-920-L07_a5_gnd015	0.136188	0.292453697	86.381172	0	16	2
AG-920-L07_a5_gnd015_p7_s1	AG-920-L07	AG-920-L07_a5_gnd015	0.136188	0.292453697	86.381172	0	7	1
AG-920-L07_a5_gnd015_p9_s4	AG-920-L07	AG-920-L07_a5_gnd015	0.136188	0.292453697	86.381172	0	9	4
AG-920-L07_a5_gnd016	AG-920-L07	AG-920-L07_a5_gnd016	0.145164464	0.308426973	85.483554	1		
AG-920-L07_a5_gnd016_p13_s1	AG-920-L07	AG-920-L07_a5_gnd016	0.145164	0.308426973	85.483554	0	13	1
AG-920-L07_a5_gnd016_p17_s4	AG-920-L07	AG-920-L07_a5_gnd016	0.145164	0.308426973	85.483554	0	17	4
AG-920-L07_a5_gnd016_p17_s5	AG-920-L07	AG-920-L07_a5_gnd016	0.145164	0.308426973	85.483554	0	17	5
AG-920-L07_a5_gnd016_p20_s3	AG-920-L07	AG-920-L07_a5_gnd016	0.145164	0.308426973	85.483554	0	20	3
AG-920-L07_a5_gnd016_p8_s2	AG-920-L07	AG-920-L07_a5_gnd016	0.145164	0.308426973	85.483554	0	8	2
AG-920-L07_a5_gnd017	AG-920-L07	AG-920-L07_a5_gnd017	0.154285914	0.325922607	84.571409	1		
AG-920-L07_a5_gnd017_p14_s2	AG-920-L07	AG-920-L07_a5_gnd017	0.154286	0.325922607	84.571409	0	14	2
AG-920-L07_a5_gnd017_p15_s1	AG-920-L07	AG-920-L07_a5_gnd017	0.154286	0.325922607	84.571409	0	15	1
AG-920-L07_a5_gnd017_p15_s3	AG-920-L07	AG-920-L07_a5_gnd017	0.154286	0.325922607	84.571409	0	15	3
AG-920-L07_a5_gnd017_p17_s4	AG-920-L07	AG-920-L07_a5_gnd017	0.154286	0.325922607	84.571409	0	17	4
AG-920-L07_a5_gnd017_p17_s5	AG-920-L07	AG-920-L07_a5_gnd017	0.154286	0.325922607	84.571409	0	17	5
AG-920-L07_a5_gnd018	AG-920-L07	AG-920-L07_a5_gnd018	0.163428510	0.340904913	83.657149	1		
AG-920-L07_a5_gnd018_p10_s4	AG-920-L07	AG-920-L07_a5_gnd018	0.163429	0.340904913	83.657149	0	10	4
AG-920-L07_a5_gnd018_p12_s1	AG-920-L07	AG-920-L07_a5_gnd018	0.163429	0.340904913	83.657149	0	12	1
AG-920-L07_a5_gnd018_p14_s2	AG-920-L07	AG-920-L07_a5_gnd018	0.163429	0.340904913	83.657149	0	14	2
AG-920-L07_a5_gnd018_p19_s5	AG-920-L07	AG-920-L07_a5_gnd018	0.163429	0.340904913	83.657149	0	19	5
AG-920-L07_a5_gnd018_p8_s3	AG-920-L07	AG-920-L07_a5_gnd018	0.163429	0.340904913	83.657149	0	8	3
AG-920-L07_a5_gnd019	AG-920-L07	AG-920-L07_a5_gnd019	0.172534331	0.356814996	82.746567	1		
AG-920-L07_a5_gnd019_p0_s5	AG-920-L07	AG-920-L07_a5_gnd019	0.172534	0.356814996	82.746567	0	0	5
AG-920-L07_a5_gnd019_p14_s1	AG-920-L07	AG-920-L07_a5_gnd019	0.172534	0.356814996	82.746567	0	14	1
AG-920-L07_a5_gnd019_p16_s3	AG-920-L07	AG-920-L07_a5_gnd019	0.172534	0.356814996	82.746567	0	16	3
AG-920-L07_a5_gnd019_p19_s2	AG-920-L07	AG-920-L07_a5_gnd019	0.172534	0.356814996	82.746567	0	19	2
AG-920-L07_a5_gnd019_p7_s4	AG-920-L07	AG-920-L07_a5_gnd019	0.172534	0.356814996	82.746567	0	7	4
AG-920-L07_a5_gnd020	AG-920-L07	AG-920-L07_a5_gnd020	0.181459027	0.372963486	81.854097	1		
AG-920-L07_a5_gnd020_p17_s5	AG-920-L07	AG-920-L07_a5_gnd020	0.181459	0.372963486	81.854097	0	17	5
AG-920-L07_a5_gnd020_p18_s1	AG-920-L07	AG-920-L07_a5_gnd020	0.181459	0.372963486	81.854097	0	18	1
AG-920-L07_a5_gnd020_p3_s3	AG-920-L07	AG-920-L07_a5_gnd020	0.181459	0.372963486	81.854097	0	3	3
AG-920-L07_a5_gnd020_p6_s4	AG-920-L07	AG-920-L07_a5_gnd020	0.181459	0.372963486	81.854097	0	6	4
AG-920-L07_a5_gnd020_p7_s2	AG-920-L07	AG-920-L07_a5_gnd020	0.181459	0.372963486	81.854097	0	7	2
AH-287-F15_a22_gnd00000	AH-287-F15	AH-287-F15_a22_gnd00000	0.000000000	0.000193118	100.000000	1		
AH-287-F15_a22_gnd00005	AH-287-F15	AH-287-F15_a22_gnd00005	0.000448963	0.001296992	99.955104	1		
AH-287-F15_a22_gnd00010	AH-287-F15	AH-287-F15_a22_gnd00010	0.000894146	0.002386561	99.910585	1		
AH-287-F15_a22_gnd00020	AH-287-F15	AH-287-F15_a22_gnd00020	0.001808700	0.004613382	99.819130	1		
AH-287-F15_a22_gnd00030	AH-287-F15	AH-287-F15_a22_gnd00030	0.002707381	0.006859276	99.729262	1		
AH-287-F15_a22_gnd00040	AH-287-F15	AH-287-F15_a22_gnd00040	0.003603038	0.009050335	99.639696	1		
AH-287-F15_a22_gnd00050	AH-287-F15	AH-287-F15_a22_gnd00050	0.004522127	0.011320071	99.547787	1		
AH-287-F15_a22_gnd00060	AH-287-F15	AH-287-F15_a22_gnd00060	0.005425343	0.013244102	99.457466	1		
AH-287-F15_a22_gnd00070	AH-287-F15	AH-287-F15_a22_gnd00070	0.006308152	0.015683114	99.369185	1		
AH-287-F15_a22_gnd00080	AH-287-F15	AH-287-F15_a22_gnd00080	0.007178867	0.017716817	99.282113	1		
AH-287-F15_a22_gnd00090	AH-287-F15	AH-287-F15_a22_gnd00090	0.008129700	0.020024700	99.187030	1		
AH-287-F15_a22_gnd001	AH-287-F15	AH-287-F15_a22_gnd001	0.009027626	0.022227679	99.097237	1		
AH-287-F15_a22_gnd002	AH-287-F15	AH-287-F15_a22_gnd002	0.018016704	0.043678117	98.198330	1		
AH-287-F15_a22_gnd003	AH-287-F15	AH-287-F15_a22_gnd003	0.027018631	0.064720861	97.298137	1		
AH-287-F15_a22_gnd004	AH-287-F15	AH-287-F15_a22_gnd004	0.036003174	0.085885197	96.399683	1		
AH-287-F15_a22_gnd005	AH-287-F15	AH-287-F15_a22_gnd005	0.044955973	0.106348586	95.504403	1		
AH-287-F15_a22_gnd006	AH-287-F15	AH-287-F15_a22_gnd006	0.054124939	0.126938336	94.587506	1		
AH-287-F15_a22_gnd007	AH-287-F15	AH-287-F15_a22_gnd007	0.063047504	0.146586336	93.695250	1		
AH-287-F15_a22_gnd008	AH-287-F15	AH-287-F15_a22_gnd008	0.072106874	0.166375002	92.789313	1		
AH-287-F15_a22_gnd009	AH-287-F15	AH-287-F15_a22_gnd009	0.081163977	0.186192279	91.883602	1		
AH-287-F15_a22_gnd010	AH-287-F15	AH-287-F15_a22_gnd010	0.090199161	0.205067806	90.980084	1		
AH-287-F15_a22_gnd011	AH-287-F15	AH-287-F15_a22_gnd011	0.099160274	0.222996815	90.083973	1		
AH-287-F15_a22_gnd012	AH-287-F15	AH-287-F15_a22_gnd012	0.108158422	0.241755517	89.184158	1		
AH-287-F15_a22_gnd013	AH-287-F15	AH-287-F15_a22_gnd013	0.117254072	0.260378321	88.274593	1		
AH-287-F15_a22_gnd014	AH-287-F15	AH-287-F15_a22_gnd014	0.126153207	0.277978314	87.384679	1		
AH-287-F15_a22_gnd015	AH-287-F15	AH-287-F15_a22_gnd015	0.135446884	0.296219649	86.455312	1		
AH-287-F15_a22_gnd016	AH-287-F15	AH-287-F15_a22_gnd016	0.144303692	0.312649011	85.569631	1		
AH-287-F15_a22_gnd017	AH-287-F15	AH-287-F15_a22_gnd017	0.153369109	0.329748326	84.663089	1		
AH-287-F15_a22_gnd018	AH-287-F15	AH-287-F15_a22_gnd018	0.162436794	0.346521009	83.756321	1		
AH-287-F15_a22_gnd019	AH-287-F15	AH-287-F15_a22_gnd019	0.171496164	0.362349558	82.850384	1		
AH-287-F15_a22_gnd020	AH-287-F15	AH-287-F15_a22_gnd020	0.180288727	0.378073204	81.971127	1		
AH-287-F15_a5_gnd00000	AH-287-F15	AH-287-F15_a5_gnd00000	0.000000000	0.000193118	100.000000	1		
AH-287-F15_a5_gnd00000_p10_s5	AH-287-F15	AH-287-F15_a5_gnd00000	0.000000	0.000193118	100.000000	0	10	5
AH-287-F15_a5_gnd00000_p11_s4	AH-287-F15	AH-287-F15_a5_gnd00000	0.000000	0.000193118	100.000000	0	11	4
AH-287-F15_a5_gnd00000_p16_s2	AH-287-F15	AH-287-F15_a5_gnd00000	0.000000	0.000193118	100.000000	0	16	2
AH-287-F15_a5_gnd00000_p18_s1	AH-287-F15	AH-287-F15_a5_gnd00000	0.000000	0.000193118	100.000000	0	18	1
AH-287-F15_a5_gnd00000_p2_s3	AH-287-F15	AH-287-F15_a5_gnd00000	0.000000	0.000193118	100.000000	0	2	3
AH-287-F15_a5_gnd00005	AH-287-F15	AH-287-F15_a5_gnd00005	0.000449718	0.001287455	99.955028	1		
AH-287-F15_a5_gnd00005_p0_s2	AH-287-F15	AH-287-F15_a5_gnd00005	0.000450	0.001287455	99.955028	0	0	2
AH-287-F15_a5_gnd00005_p12_s3	AH-287-F15	AH-287-F15_a5_gnd00005	0.000450	0.001287455	99.955028	0	12	3
AH-287-F15_a5_gnd00005_p18_s4	AH-287-F15	AH-287-F15_a5_gnd00005	0.000450	0.001287455	99.955028	0	18	4
AH-287-F15_a5_gnd00005_p19_s1	AH-287-F15	AH-287-F15_a5_gnd00005	0.000450	0.001287455	99.955028	0	19	1
AH-287-F15_a5_gnd00005_p19_s5	AH-287-F15	AH-287-F15_a5_gnd00005	0.000450	0.001287455	99.955028	0	19	5
AH-287-F15_a5_gnd00010	AH-287-F15	AH-287-F15_a5_gnd00010	0.000897925	0.002362719	99.910207	1		
AH-287-F15_a5_gnd00010_p15_s2	AH-287-F15	AH-287-F15_a5_gnd00010	0.000898	0.002362719	99.910207	0	15	2
AH-287-F15_a5_gnd00010_p16_s1	AH-287-F15	AH-287-F15_a5_gnd00010	0.000898	0.002362719	99.910207	0	16	1
AH-287-F15_a5_gnd00010_p19_s4	AH-287-F15	AH-287-F15_a5_gnd00010	0.000898	0.002362719	99.910207	0	19	4
AH-287-F15_a5_gnd00010_p20_s3	AH-287-F15	AH-287-F15_a5_gnd00010	0.000898	0.002362719	99.910207	0	20	3
AH-287-F15_a5_gnd00010_p7_s5	AH-287-F15	AH-287-F15_a5_gnd00010	0.000898	0.002362719	99.910207	0	7	5
AH-287-F15_a5_gnd00020	AH-287-F15	AH-287-F15_a5_gnd00020	0.001810967	0.004613382	99.818903	1		
AH-287-F15_a5_gnd00020_p13_s3	AH-287-F15	AH-287-F15_a5_gnd00020	0.001811	0.004613382	99.818903	0	13	3
AH-287-F15_a5_gnd00020_p17_s1	AH-287-F15	AH-287-F15_a5_gnd00020	0.001811	0.004613382	99.818903	0	17	1
AH-287-F15_a5_gnd00020_p4_s4	AH-287-F15	AH-287-F15_a5_gnd00020	0.001811	0.004613382	99.818903	0	4	4
AH-287-F15_a5_gnd00020_p7_s2	AH-287-F15	AH-287-F15_a5_gnd00020	0.001811	0.004613382	99.818903	0	7	2
AH-287-F15_a5_gnd00020_p8_s5	AH-287-F15	AH-287-F15_a5_gnd00020	0.001811	0.004613382	99.818903	0	8	5
AH-287-F15_a5_gnd00030	AH-287-F15	AH-287-F15_a5_gnd00030	0.002707381	0.006821130	99.729262	1		
AH-287-F15_a5_gnd00030_p10_s2	AH-287-F15	AH-287-F15_a5_gnd00030	0.002707	0.006821130	99.729262	0	10	2
AH-287-F15_a5_gnd00030_p10_s3	AH-287-F15	AH-287-F15_a5_gnd00030	0.002707	0.006821130	99.729262	0	10	3
AH-287-F15_a5_gnd00030_p16_s1	AH-287-F15	AH-287-F15_a5_gnd00030	0.002707	0.006821130	99.729262	0	16	1
AH-287-F15_a5_gnd00030_p17_s4	AH-287-F15	AH-287-F15_a5_gnd00030	0.002707	0.006821130	99.729262	0	17	4
AH-287-F15_a5_gnd00030_p20_s5	AH-287-F15	AH-287-F15_a5_gnd00030	0.002707	0.006821130	99.729262	0	20	5
AH-287-F15_a5_gnd00040	AH-287-F15	AH-287-F15_a5_gnd00040	0.003596992	0.008838143	99.640301	1		
AH-287-F15_a5_gnd00040_p10_s1	AH-287-F15	AH-287-F15_a5_gnd00040	0.003597	0.008838143	99.640301	0	10	1
AH-287-F15_a5_gnd00040_p16_s5	AH-287-F15	AH-287-F15_a5_gnd00040	0.003597	0.008838143	99.640301	0	16	5
AH-287-F15_a5_gnd00040_p19_s4	AH-287-F15	AH-287-F15_a5_gnd00040	0.003597	0.008838143	99.640301	0	19	4
AH-287-F15_a5_gnd00040_p9_s2	AH-287-F15	AH-287-F15_a5_gnd00040	0.003597	0.008838143	99.640301	0	9	2
AH-287-F15_a5_gnd00040_p9_s3	AH-287-F15	AH-287-F15_a5_gnd00040	0.003597	0.008838143	99.640301	0	9	3
AH-287-F15_a5_gnd00050	AH-287-F15	AH-287-F15_a5_gnd00050	0.004500208	0.011196094	99.549979	1		
AH-287-F15_a5_gnd00050_p10_s1	AH-287-F15	AH-287-F15_a5_gnd00050	0.004500	0.011196094	99.549979	0	10	1
AH-287-F15_a5_gnd00050_p10_s5	AH-287-F15	AH-287-F15_a5_gnd00050	0.004500	0.011196094	99.549979	0	10	5
AH-287-F15_a5_gnd00050_p15_s4	AH-287-F15	AH-287-F15_a5_gnd00050	0.004500	0.011196094	99.549979	0	15	4
AH-287-F15_a5_gnd00050_p19_s2	AH-287-F15	AH-287-F15_a5_gnd00050	0.004500	0.011196094	99.549979	0	19	2
AH-287-F15_a5_gnd00050_p9_s3	AH-287-F15	AH-287-F15_a5_gnd00050	0.004500	0.011196094	99.549979	0	9	3
AH-287-F15_a5_gnd00060	AH-287-F15	AH-287-F15_a5_gnd00060	0.005417029	0.013422915	99.458297	1		
AH-287-F15_a5_gnd00060_p13_s2	AH-287-F15	AH-287-F15_a5_gnd00060	0.005417	0.013422915	99.458297	0	13	2
AH-287-F15_a5_gnd00060_p18_s3	AH-287-F15	AH-287-F15_a5_gnd00060	0.005417	0.013422915	99.458297	0	18	3
AH-287-F15_a5_gnd00060_p18_s5	AH-287-F15	AH-287-F15_a5_gnd00060	0.005417	0.013422915	99.458297	0	18	5
AH-287-F15_a5_gnd00060_p2_s4	AH-287-F15	AH-287-F15_a5_gnd00060	0.005417	0.013422915	99.458297	0	2	4
AH-287-F15_a5_gnd00060_p4_s1	AH-287-F15	AH-287-F15_a5_gnd00060	0.005417	0.013422915	99.458297	0	4	1
AH-287-F15_a5_gnd00070	AH-287-F15	AH-287-F15_a5_gnd00070	0.006321001	0.015644967	99.367900	1		
AH-287-F15_a5_gnd00070_p11_s4	AH-287-F15	AH-287-F15_a5_gnd00070	0.006321	0.015644967	99.367900	0	11	4
AH-287-F15_a5_gnd00070_p12_s2	AH-287-F15	AH-287-F15_a5_gnd00070	0.006321	0.015644967	99.367900	0	12	2
AH-287-F15_a5_gnd00070_p14_s3	AH-287-F15	AH-287-F15_a5_gnd00070	0.006321	0.015644967	99.367900	0	14	3
AH-287-F15_a5_gnd00070_p20_s1	AH-287-F15	AH-287-F15_a5_gnd00070	0.006321	0.015644967	99.367900	0	20	1
AH-287-F15_a5_gnd00070_p7_s5	AH-287-F15	AH-287-F15_a5_gnd00070	0.006321	0.015644967	99.367900	0	7	5
AH-287-F15_a5_gnd00080	AH-287-F15	AH-287-F15_a5_gnd00080	0.007214391	0.017859868	99.278561	1		
AH-287-F15_a5_gnd00080_p12_s2	AH-287-F15	AH-287-F15_a5_gnd00080	0.007214	0.017859868	99.278561	0	12	2
AH-287-F15_a5_gnd00080_p19_s3	AH-287-F15	AH-287-F15_a5_gnd00080	0.007214	0.017859868	99.278561	0	19	3
AH-287-F15_a5_gnd00080_p19_s5	AH-287-F15	AH-287-F15_a5_gnd00080	0.007214	0.017859868	99.278561	0	19	5
AH-287-F15_a5_gnd00080_p20_s4	AH-287-F15	AH-287-F15_a5_gnd00080	0.007214	0.017859868	99.278561	0	20	4
AH-287-F15_a5_gnd00080_p9_s1	AH-287-F15	AH-287-F15_a5_gnd00080	0.007214	0.017859868	99.278561	0	9	1
AH-287-F15_a5_gnd00090	AH-287-F15	AH-287-F15_a5_gnd00090	0.008122142	0.019812508	99.187786	1		
AH-287-F15_a5_gnd00090_p10_s3	AH-287-F15	AH-287-F15_a5_gnd00090	0.008122	0.019812508	99.187786	0	10	3
AH-287-F15_a5_gnd00090_p11_s4	AH-287-F15	AH-287-F15_a5_gnd00090	0.008122	0.019812508	99.187786	0	11	4
AH-287-F15_a5_gnd00090_p20_s1	AH-287-F15	AH-287-F15_a5_gnd00090	0.008122	0.019812508	99.187786	0	20	1
AH-287-F15_a5_gnd00090_p6_s5	AH-287-F15	AH-287-F15_a5_gnd00090	0.008122	0.019812508	99.187786	0	6	5
AH-287-F15_a5_gnd00090_p8_s2	AH-287-F15	AH-287-F15_a5_gnd00090	0.008122	0.019812508	99.187786	0	8	2
AH-287-F15_a5_gnd001	AH-287-F15	AH-287-F15_a5_gnd001	0.009017044	0.022065555	99.098296	1		
AH-287-F15_a5_gnd001_p0_s2	AH-287-F15	AH-287-F15_a5_gnd001	0.009017	0.022065555	99.098296	0	0	2
AH-287-F15_a5_gnd001_p10_s3	AH-287-F15	AH-287-F15_a5_gnd001	0.009017	0.022065555	99.098296	0	10	3
AH-287-F15_a5_gnd001_p13_s5	AH-287-F15	AH-287-F15_a5_gnd001	0.009017	0.022065555	99.098296	0	13	5
AH-287-F15_a5_gnd001_p14_s1	AH-287-F15	AH-287-F15_a5_gnd001	0.009017	0.022065555	99.098296	0	14	1
AH-287-F15_a5_gnd001_p4_s4	AH-287-F15	AH-287-F15_a5_gnd001	0.009017	0.022065555	99.098296	0	4	4
AH-287-F15_a5_gnd002	AH-287-F15	AH-287-F15_a5_gnd002	0.017985715	0.043582750	98.201429	1		
AH-287-F15_a5_gnd002_p10_s1	AH-287-F15	AH-287-F15_a5_gnd002	0.017986	0.043582750	98.201429	0	10	1
AH-287-F15_a5_gnd002_p15_s3	AH-287-F15	AH-287-F15_a5_gnd002	0.017986	0.043582750	98.201429	0	15	3
AH-287-F15_a5_gnd002_p1_s4	AH-287-F15	AH-287-F15_a5_gnd002	0.017986	0.043582750	98.201429	0	1	4
AH-287-F15_a5_gnd002_p20_s2	AH-287-F15	AH-287-F15_a5_gnd002	0.017986	0.043582750	98.201429	0	20	2
AH-287-F15_a5_gnd002_p5_s5	AH-287-F15	AH-287-F15_a5_gnd002	0.017986	0.043582750	98.201429	0	5	5
AH-287-F15_a5_gnd003	AH-287-F15	AH-287-F15_a5_gnd003	0.026960432	0.064744702	97.303957	1		
AH-287-F15_a5_gnd003_p10_s4	AH-287-F15	AH-287-F15_a5_gnd003	0.026960	0.064744702	97.303957	0	10	4
AH-287-F15_a5_gnd003_p12_s5	AH-287-F15	AH-287-F15_a5_gnd003	0.026960	0.064744702	97.303957	0	12	5
AH-287-F15_a5_gnd003_p13_s1	AH-287-F15	AH-287-F15_a5_gnd003	0.026960	0.064744702	97.303957	0	13	1
AH-287-F15_a5_gnd003_p17_s3	AH-287-F15	AH-287-F15_a5_gnd003	0.026960	0.064744702	97.303957	0	17	3
AH-287-F15_a5_gnd003_p7_s2	AH-287-F15	AH-287-F15_a5_gnd003	0.026960	0.064744702	97.303957	0	7	2
AH-287-F15_a5_gnd004	AH-287-F15	AH-287-F15_a5_gnd004	0.036009977	0.085732610	96.399002	1		
AH-287-F15_a5_gnd004_p0_s2	AH-287-F15	AH-287-F15_a5_gnd004	0.036010	0.085732610	96.399002	0	0	2
AH-287-F15_a5_gnd004_p10_s1	AH-287-F15	AH-287-F15_a5_gnd004	0.036010	0.085732610	96.399002	0	10	1
AH-287-F15_a5_gnd004_p11_s3	AH-287-F15	AH-287-F15_a5_gnd004	0.036010	0.085732610	96.399002	0	11	3
AH-287-F15_a5_gnd004_p14_s5	AH-287-F15	AH-287-F15_a5_gnd004	0.036010	0.085732610	96.399002	0	14	5
AH-287-F15_a5_gnd004_p18_s4	AH-287-F15	AH-287-F15_a5_gnd004	0.036010	0.085732610	96.399002	0	18	4
AH-287-F15_a5_gnd005	AH-287-F15	AH-287-F15_a5_gnd005	0.045134349	0.106043411	95.486565	1		
AH-287-F15_a5_gnd005_p0_s4	AH-287-F15	AH-287-F15_a5_gnd005	0.045134	0.106043411	95.486565	0	0	4
AH-287-F15_a5_gnd005_p13_s1	AH-287-F15	AH-287-F15_a5_gnd005	0.045134	0.106043411	95.486565	0	13	1
AH-287-F15_a5_gnd005_p13_s3	AH-287-F15	AH-287-F15_a5_gnd005	0.045134	0.106043411	95.486565	0	13	3
AH-287-F15_a5_gnd005_p13_s5	AH-287-F15	AH-287-F15_a5_gnd005	0.045134	0.106043411	95.486565	0	13	5
AH-287-F15_a5_gnd005_p3_s2	AH-287-F15	AH-287-F15_a5_gnd005	0.045134	0.106043411	95.486565	0	3	2
AH-287-F15_a5_gnd006	AH-287-F15	AH-287-F15_a5_gnd006	0.054159707	0.126344676	94.584029	1		
AH-287-F15_a5_gnd006_p10_s3	AH-287-F15	AH-287-F15_a5_gnd006	0.054160	0.126344676	94.584029	0	10	3
AH-287-F15_a5_gnd006_p12_s1	AH-287-F15	AH-287-F15_a5_gnd006	0.054160	0.126344676	94.584029	0	12	1
AH-287-F15_a5_gnd006_p13_s4	AH-287-F15	AH-287-F15_a5_gnd006	0.054160	0.126344676	94.584029	0	13	4
AH-287-F15_a5_gnd006_p15_s2	AH-287-F15	AH-287-F15_a5_gnd006	0.054160	0.126344676	94.584029	0	15	2
AH-287-F15_a5_gnd006_p18_s5	AH-287-F15	AH-287-F15_a5_gnd006	0.054160	0.126344676	94.584029	0	18	5
AH-287-F15_a5_gnd007	AH-287-F15	AH-287-F15_a5_gnd007	0.063076225	0.145821015	93.692377	1		
AH-287-F15_a5_gnd007_p15_s3	AH-287-F15	AH-287-F15_a5_gnd007	0.063076	0.145821015	93.692377	0	15	3
AH-287-F15_a5_gnd007_p17_s2	AH-287-F15	AH-287-F15_a5_gnd007	0.063076	0.145821015	93.692377	0	17	2
AH-287-F15_a5_gnd007_p19_s5	AH-287-F15	AH-287-F15_a5_gnd007	0.063076	0.145821015	93.692377	0	19	5
AH-287-F15_a5_gnd007_p20_s4	AH-287-F15	AH-287-F15_a5_gnd007	0.063076	0.145821015	93.692377	0	20	4
AH-287-F15_a5_gnd007_p4_s1	AH-287-F15	AH-287-F15_a5_gnd007	0.063076	0.145821015	93.692377	0	4	1
AH-287-F15_a5_gnd008	AH-287-F15	AH-287-F15_a5_gnd008	0.071959488	0.165018406	92.804051	1		
AH-287-F15_a5_gnd008_p10_s3	AH-287-F15	AH-287-F15_a5_gnd008	0.071959	0.165018406	92.804051	0	10	3
AH-287-F15_a5_gnd008_p7_s2	AH-287-F15	AH-287-F15_a5_gnd008	0.071959	0.165018406	92.804051	0	7	2
AH-287-F15_a5_gnd008_p7_s4	AH-287-F15	AH-287-F15_a5_gnd008	0.071959	0.165018406	92.804051	0	7	4
AH-287-F15_a5_gnd008_p8_s1	AH-287-F15	AH-287-F15_a5_gnd008	0.071959	0.165018406	92.804051	0	8	1
AH-287-F15_a5_gnd008_p8_s5	AH-287-F15	AH-287-F15_a5_gnd008	0.071959	0.165018406	92.804051	0	8	5
AH-287-F15_a5_gnd009	AH-287-F15	AH-287-F15_a5_gnd009	0.081196478	0.183824792	91.880352	1		
AH-287-F15_a5_gnd009_p10_s3	AH-287-F15	AH-287-F15_a5_gnd009	0.081196	0.183824792	91.880352	0	10	3
AH-287-F15_a5_gnd009_p14_s4	AH-287-F15	AH-287-F15_a5_gnd009	0.081196	0.183824792	91.880352	0	14	4
AH-287-F15_a5_gnd009_p17_s5	AH-287-F15	AH-287-F15_a5_gnd009	0.081196	0.183824792	91.880352	0	17	5
AH-287-F15_a5_gnd009_p5_s1	AH-287-F15	AH-287-F15_a5_gnd009	0.081196	0.183824792	91.880352	0	5	1
AH-287-F15_a5_gnd009_p9_s2	AH-287-F15	AH-287-F15_a5_gnd009	0.081196	0.183824792	91.880352	0	9	2
AH-287-F15_a5_gnd010	AH-287-F15	AH-287-F15_a5_gnd010	0.090192359	0.203348815	90.980764	1		
AH-287-F15_a5_gnd010_p11_s1	AH-287-F15	AH-287-F15_a5_gnd010	0.090192	0.203348815	90.980764	0	11	1
AH-287-F15_a5_gnd010_p12_s3	AH-287-F15	AH-287-F15_a5_gnd010	0.090192	0.203348815	90.980764	0	12	3
AH-287-F15_a5_gnd010_p14_s5	AH-287-F15	AH-287-F15_a5_gnd010	0.090192	0.203348815	90.980764	0	14	5
AH-287-F15_a5_gnd010_p15_s4	AH-287-F15	AH-287-F15_a5_gnd010	0.090192	0.203348815	90.980764	0	15	4
AH-287-F15_a5_gnd010_p19_s2	AH-287-F15	AH-287-F15_a5_gnd010	0.090192	0.203348815	90.980764	0	19	2
AH-287-F15_a5_gnd011	AH-287-F15	AH-287-F15_a5_gnd011	0.099190507	0.221058479	90.080949	1		
AH-287-F15_a5_gnd011_p0_s3	AH-287-F15	AH-287-F15_a5_gnd011	0.099191	0.221058479	90.080949	0	0	3
AH-287-F15_a5_gnd011_p10_s2	AH-287-F15	AH-287-F15_a5_gnd011	0.099191	0.221058479	90.080949	0	10	2
AH-287-F15_a5_gnd011_p11_s4	AH-287-F15	AH-287-F15_a5_gnd011	0.099191	0.221058479	90.080949	0	11	4
AH-287-F15_a5_gnd011_p20_s1	AH-287-F15	AH-287-F15_a5_gnd011	0.099191	0.221058479	90.080949	0	20	1
AH-287-F15_a5_gnd011_p7_s5	AH-287-F15	AH-287-F15_a5_gnd011	0.099191	0.221058479	90.080949	0	7	5
AH-287-F15_a5_gnd012	AH-287-F15	AH-287-F15_a5_gnd012	0.108173538	0.239118618	89.182646	1		
AH-287-F15_a5_gnd012_p10_s1	AH-287-F15	AH-287-F15_a5_gnd012	0.108174	0.239118618	89.182646	0	10	1
AH-287-F15_a5_gnd012_p10_s4	AH-287-F15	AH-287-F15_a5_gnd012	0.108174	0.239118618	89.182646	0	10	4
AH-287-F15_a5_gnd012_p13_s3	AH-287-F15	AH-287-F15_a5_gnd012	0.108174	0.239118618	89.182646	0	13	3
AH-287-F15_a5_gnd012_p14_s2	AH-287-F15	AH-287-F15_a5_gnd012	0.108174	0.239118618	89.182646	0	14	2
AH-287-F15_a5_gnd012_p20_s5	AH-287-F15	AH-287-F15_a5_gnd012	0.108174	0.239118618	89.182646	0	20	5
AH-287-F15_a5_gnd013	AH-287-F15	AH-287-F15_a5_gnd013	0.117301689	0.256587480	88.269831	1		
AH-287-F15_a5_gnd013_p0_s3	AH-287-F15	AH-287-F15_a5_gnd013	0.117302	0.256587480	88.269831	0	0	3
AH-287-F15_a5_gnd013_p15_s2	AH-287-F15	AH-287-F15_a5_gnd013	0.117302	0.256587480	88.269831	0	15	2
AH-287-F15_a5_gnd013_p19_s1	AH-287-F15	AH-287-F15_a5_gnd013	0.117302	0.256587480	88.269831	0	19	1
AH-287-F15_a5_gnd013_p20_s5	AH-287-F15	AH-287-F15_a5_gnd013	0.117302	0.256587480	88.269831	0	20	5
AH-287-F15_a5_gnd013_p9_s4	AH-287-F15	AH-287-F15_a5_gnd013	0.117302	0.256587480	88.269831	0	9	4
AH-287-F15_a5_gnd014	AH-287-F15	AH-287-F15_a5_gnd014	0.126268848	0.273529440	87.373115	1		
AH-287-F15_a5_gnd014_p0_s1	AH-287-F15	AH-287-F15_a5_gnd014	0.126269	0.273529440	87.373115	0	0	1
AH-287-F15_a5_gnd014_p11_s3	AH-287-F15	AH-287-F15_a5_gnd014	0.126269	0.273529440	87.373115	0	11	3
AH-287-F15_a5_gnd014_p13_s4	AH-287-F15	AH-287-F15_a5_gnd014	0.126269	0.273529440	87.373115	0	13	4
AH-287-F15_a5_gnd014_p6_s5	AH-287-F15	AH-287-F15_a5_gnd014	0.126269	0.273529440	87.373115	0	6	5
AH-287-F15_a5_gnd014_p9_s2	AH-287-F15	AH-287-F15_a5_gnd014	0.126269	0.273529440	87.373115	0	9	2
AH-287-F15_a5_gnd015	AH-287-F15	AH-287-F15_a5_gnd015	0.135233740	0.291658719	86.476626	1		
AH-287-F15_a5_gnd015_p18_s3	AH-287-F15	AH-287-F15_a5_gnd015	0.135234	0.291658719	86.476626	0	18	3
AH-287-F15_a5_gnd015_p19_s4	AH-287-F15	AH-287-F15_a5_gnd015	0.135234	0.291658719	86.476626	0	19	4
AH-287-F15_a5_gnd015_p20_s2	AH-287-F15	AH-287-F15_a5_gnd015	0.135234	0.291658719	86.476626	0	20	2
AH-287-F15_a5_gnd015_p3_s1	AH-287-F15	AH-287-F15_a5_gnd015	0.135234	0.291658719	86.476626	0	3	1
AH-287-F15_a5_gnd015_p9_s5	AH-287-F15	AH-287-F15_a5_gnd015	0.135234	0.291658719	86.476626	0	9	5
AH-287-F15_a5_gnd016	AH-287-F15	AH-287-F15_a5_gnd016	0.144393636	0.308190601	85.560636	1		
AH-287-F15_a5_gnd016_p0_s1	AH-287-F15	AH-287-F15_a5_gnd016	0.144394	0.308190601	85.560636	0	0	1
AH-287-F15_a5_gnd016_p17_s4	AH-287-F15	AH-287-F15_a5_gnd016	0.144394	0.308190601	85.560636	0	17	4
AH-287-F15_a5_gnd016_p20_s2	AH-287-F15	AH-287-F15_a5_gnd016	0.144394	0.308190601	85.560636	0	20	2
AH-287-F15_a5_gnd016_p20_s5	AH-287-F15	AH-287-F15_a5_gnd016	0.144394	0.308190601	85.560636	0	20	5
AH-287-F15_a5_gnd016_p5_s3	AH-287-F15	AH-287-F15_a5_gnd016	0.144394	0.308190601	85.560636	0	5	3
AH-287-F15_a5_gnd017	AH-287-F15	AH-287-F15_a5_gnd017	0.153245153	0.323611455	84.675485	1		
AH-287-F15_a5_gnd017_p18_s4	AH-287-F15	AH-287-F15_a5_gnd017	0.153245	0.323611455	84.675485	0	18	4
AH-287-F15_a5_gnd017_p19_s3	AH-287-F15	AH-287-F15_a5_gnd017	0.153245	0.323611455	84.675485	0	19	3
AH-287-F15_a5_gnd017_p19_s5	AH-287-F15	AH-287-F15_a5_gnd017	0.153245	0.323611455	84.675485	0	19	5
AH-287-F15_a5_gnd017_p5_s1	AH-287-F15	AH-287-F15_a5_gnd017	0.153245	0.323611455	84.675485	0	5	1
AH-287-F15_a5_gnd017_p7_s2	AH-287-F15	AH-287-F15_a5_gnd017	0.153245	0.323611455	84.675485	0	7	2
AH-287-F15_a5_gnd018	AH-287-F15	AH-287-F15_a5_gnd018	0.162536563	0.340853821	83.746344	1		
AH-287-F15_a5_gnd018_p0_s3	AH-287-F15	AH-287-F15_a5_gnd018	0.162537	0.340853821	83.746344	0	0	3
AH-287-F15_a5_gnd018_p17_s5	AH-287-F15	AH-287-F15_a5_gnd018	0.162537	0.340853821	83.746344	0	17	5
AH-287-F15_a5_gnd018_p18_s4	AH-287-F15	AH-287-F15_a5_gnd018	0.162537	0.340853821	83.746344	0	18	4
AH-287-F15_a5_gnd018_p4_s2	AH-287-F15	AH-287-F15_a5_gnd018	0.162537	0.340853821	83.746344	0	4	2
AH-287-F15_a5_gnd018_p8_s1	AH-287-F15	AH-287-F15_a5_gnd018	0.162537	0.340853821	83.746344	0	8	1
AH-287-F15_a5_gnd019	AH-287-F15	AH-287-F15_a5_gnd019	0.171538491	0.356656145	82.846151	1		
AH-287-F15_a5_gnd019_p10_s4	AH-287-F15	AH-287-F15_a5_gnd019	0.171538	0.356656145	82.846151	0	10	4
AH-287-F15_a5_gnd019_p13_s2	AH-287-F15	AH-287-F15_a5_gnd019	0.171538	0.356656145	82.846151	0	13	2
AH-287-F15_a5_gnd019_p14_s3	AH-287-F15	AH-287-F15_a5_gnd019	0.171538	0.356656145	82.846151	0	14	3
AH-287-F15_a5_gnd019_p8_s1	AH-287-F15	AH-287-F15_a5_gnd019	0.171538	0.356656145	82.846151	0	8	1
AH-287-F15_a5_gnd019_p8_s5	AH-287-F15	AH-287-F15_a5_gnd019	0.171538	0.356656145	82.846151	0	8	5
AH-287-F15_a5_gnd020	AH-287-F15	AH-287-F15_a5_gnd020	0.180503382	0.371378436	81.949662	1		
AH-287-F15_a5_gnd020_p10_s2	AH-287-F15	AH-287-F15_a5_gnd020	0.180503	0.371378436	81.949662	0	10	2
AH-287-F15_a5_gnd020_p11_s1	AH-287-F15	AH-287-F15_a5_gnd020	0.180503	0.371378436	81.949662	0	11	1
AH-287-F15_a5_gnd020_p14_s4	AH-287-F15	AH-287-F15_a5_gnd020	0.180503	0.371378436	81.949662	0	14	4
AH-287-F15_a5_gnd020_p20_s5	AH-287-F15	AH-287-F15_a5_gnd020	0.180503	0.371378436	81.949662	0	20	5
AH-287-F15_a5_gnd020_p8_s3	AH-287-F15	AH-287-F15_a5_gnd020	0.180503	0.371378436	81.949662	0	8	3
