AG-359-G18	AG-359-G18_a22_gnd00000	100.000000
AG-359-G18	AG-359-G18_a22_gnd00005	99.984701
AG-359-G18	AG-359-G18_a22_gnd00010	99.970467
AG-359-G18	AG-359-G18_a22_gnd00020	99.820864
AG-359-G18	AG-359-G18_a22_gnd00030	99.729747
AG-359-G18	AG-359-G18_a22_gnd00040	99.637952
AG-359-G18	AG-359-G18_a22_gnd00050	99.553612
AG-359-G18	AG-359-G18_a22_gnd00060	99.463560
AG-359-G18	AG-359-G18_a22_gnd00070	99.374477
AG-359-G18	AG-359-G18_a22_gnd00080	99.280357
AG-359-G18	AG-359-G18_a22_gnd00090	99.195437
AG-359-G18	AG-359-G18_a22_gnd001	99.101899
AG-359-G18	AG-359-G18_a22_gnd002	98.213288
AG-359-G18	AG-359-G18_a22_gnd003	97.313348
AG-359-G18	AG-359-G18_a22_gnd004	96.415344
AG-359-G18	AG-359-G18_a22_gnd005	95.511821
AG-359-G18	AG-359-G18_a22_gnd006	94.618949
AG-359-G18	AG-359-G18_a22_gnd007	93.721429
AG-359-G18	AG-359-G18_a22_gnd008	92.835045
AG-359-G18	AG-359-G18_a22_gnd009	91.938106
AG-359-G18	AG-359-G18_a22_gnd010	91.021705
AG-359-G18	AG-359-G18_a22_gnd011	90.132900
AG-359-G18	AG-359-G18_a22_gnd012	89.239253
AG-359-G18	AG-359-G18_a22_gnd013	88.329049
AG-359-G18	AG-359-G18_a22_gnd014	87.442374
AG-359-G18	AG-359-G18_a22_gnd015	86.547856
AG-359-G18	AG-359-G18_a22_gnd016	85.651111
AG-359-G18	AG-359-G18_a22_gnd017	84.729965
AG-359-G18	AG-359-G18_a22_gnd018	83.836415
AG-359-G18	AG-359-G18_a22_gnd019	82.947223
AG-359-G18	AG-359-G18_a22_gnd020	82.037115
AG-359-G18	AG-359-G18_a5_gnd00000	100.000000
AG-359-G18	AG-359-G18_a5_gnd00000_p13_s2	100.000000
AG-359-G18	AG-359-G18_a5_gnd00000_p13_s4	100.000000
AG-359-G18	AG-359-G18_a5_gnd00000_p13_s5	100.000000
AG-359-G18	AG-359-G18_a5_gnd00000_p19_s3	100.000000
AG-359-G18	AG-359-G18_a5_gnd00000_p20_s1	100.000000
AG-359-G18	AG-359-G18_a5_gnd00005	99.984604
AG-359-G18	AG-359-G18_a5_gnd00005_p10_s2	99.984604
AG-359-G18	AG-359-G18_a5_gnd00005_p11_s4	99.984604
AG-359-G18	AG-359-G18_a5_gnd00005_p14_s1	99.984604
AG-359-G18	AG-359-G18_a5_gnd00005_p16_s3	99.984604
AG-359-G18	AG-359-G18_a5_gnd00005_p20_s5	99.984604
AG-359-G18	AG-359-G18_a5_gnd00010	99.970757
AG-359-G18	AG-359-G18_a5_gnd00010_p14_s4	99.970757
AG-359-G18	AG-359-G18_a5_gnd00010_p20_s2	99.970757
AG-359-G18	AG-359-G18_a5_gnd00010_p6_s3	99.970757
AG-359-G18	AG-359-G18_a5_gnd00010_p8_s1	99.970757
AG-359-G18	AG-359-G18_a5_gnd00010_p8_s5	99.970757
AG-359-G18	AG-359-G18_a5_gnd00020	99.940934
AG-359-G18	AG-359-G18_a5_gnd00020_p0_s3	99.940934
AG-359-G18	AG-359-G18_a5_gnd00020_p10_s4	99.940934
AG-359-G18	AG-359-G18_a5_gnd00020_p11_s1	99.940934
AG-359-G18	AG-359-G18_a5_gnd00020_p20_s5	99.940934
AG-359-G18	AG-359-G18_a5_gnd00020_p9_s2	99.940934
AG-359-G18	AG-359-G18_a5_gnd00030	99.912175
AG-359-G18	AG-359-G18_a5_gnd00030_p11_s4	99.912175
AG-359-G18	AG-359-G18_a5_gnd00030_p15_s1	99.912175
AG-359-G18	AG-359-G18_a5_gnd00030_p19_s3	99.912175
AG-359-G18	AG-359-G18_a5_gnd00030_p19_s5	99.912175
AG-359-G18	AG-359-G18_a5_gnd00030_p8_s2	99.912175
AG-359-G18	AG-359-G18_a5_gnd00040	99.880802
AG-359-G18	AG-359-G18_a5_gnd00040_p0_s5	99.880802
AG-359-G18	AG-359-G18_a5_gnd00040_p10_s2	99.880802
AG-359-G18	AG-359-G18_a5_gnd00040_p10_s3	99.880802
AG-359-G18	AG-359-G18_a5_gnd00040_p13_s1	99.880802
AG-359-G18	AG-359-G18_a5_gnd00040_p13_s4	99.880802
AG-359-G18	AG-359-G18_a5_gnd00050	99.551579
AG-359-G18	AG-359-G18_a5_gnd00050_p10_s3	99.551579
AG-359-G18	AG-359-G18_a5_gnd00050_p10_s5	99.551579
AG-359-G18	AG-359-G18_a5_gnd00050_p11_s4	99.551579
AG-359-G18	AG-359-G18_a5_gnd00050_p3_s2	99.551579
AG-359-G18	AG-359-G18_a5_gnd00050_p8_s1	99.551579
AG-359-G18	AG-359-G18_a5_gnd00060	99.462979
AG-359-G18	AG-359-G18_a5_gnd00060_p10_s3	99.462979
AG-359-G18	AG-359-G18_a5_gnd00060_p17_s4	99.462979
AG-359-G18	AG-359-G18_a5_gnd00060_p20_s2	99.462979
AG-359-G18	AG-359-G18_a5_gnd00060_p8_s1	99.462979
AG-359-G18	AG-359-G18_a5_gnd00060_p8_s5	99.462979
AG-359-G18	AG-359-G18_a5_gnd00070	99.371281
AG-359-G18	AG-359-G18_a5_gnd00070_p12_s3	99.371281
AG-359-G18	AG-359-G18_a5_gnd00070_p14_s2	99.371281
AG-359-G18	AG-359-G18_a5_gnd00070_p14_s5	99.371281
AG-359-G18	AG-359-G18_a5_gnd00070_p20_s1	99.371281
AG-359-G18	AG-359-G18_a5_gnd00070_p20_s4	99.371281
AG-359-G18	AG-359-G18_a5_gnd00080	99.280648
AG-359-G18	AG-359-G18_a5_gnd00080_p11_s1	99.280648
AG-359-G18	AG-359-G18_a5_gnd00080_p12_s3	99.280648
AG-359-G18	AG-359-G18_a5_gnd00080_p18_s5	99.280648
AG-359-G18	AG-359-G18_a5_gnd00080_p4_s2	99.280648
AG-359-G18	AG-359-G18_a5_gnd00080_p9_s4	99.280648
AG-359-G18	AG-359-G18_a5_gnd00090	99.193501
AG-359-G18	AG-359-G18_a5_gnd00090_p10_s5	99.193501
AG-359-G18	AG-359-G18_a5_gnd00090_p11_s1	99.193501
AG-359-G18	AG-359-G18_a5_gnd00090_p13_s2	99.193501
AG-359-G18	AG-359-G18_a5_gnd00090_p14_s3	99.193501
AG-359-G18	AG-359-G18_a5_gnd00090_p16_s4	99.193501
AG-359-G18	AG-359-G18_a5_gnd001	99.104030
AG-359-G18	AG-359-G18_a5_gnd001_p12_s2	99.104030
AG-359-G18	AG-359-G18_a5_gnd001_p13_s3	99.104030
AG-359-G18	AG-359-G18_a5_gnd001_p13_s5	99.104030
AG-359-G18	AG-359-G18_a5_gnd001_p17_s1	99.104030
AG-359-G18	AG-359-G18_a5_gnd001_p3_s4	99.104030
AG-359-G18	AG-359-G18_a5_gnd002	98.212029
AG-359-G18	AG-359-G18_a5_gnd002_p15_s3	98.212029
AG-359-G18	AG-359-G18_a5_gnd002_p18_s2	98.212029
AG-359-G18	AG-359-G18_a5_gnd002_p18_s4	98.212029
AG-359-G18	AG-359-G18_a5_gnd002_p5_s5	98.212029
AG-359-G18	AG-359-G18_a5_gnd002_p7_s1	98.212029
AG-359-G18	AG-359-G18_a5_gnd003	97.312089
AG-359-G18	AG-359-G18_a5_gnd003_p0_s2	97.312089
AG-359-G18	AG-359-G18_a5_gnd003_p11_s1	97.312089
AG-359-G18	AG-359-G18_a5_gnd003_p19_s3	97.312089
AG-359-G18	AG-359-G18_a5_gnd003_p19_s5	97.312089
AG-359-G18	AG-359-G18_a5_gnd003_p20_s4	97.312089
AG-359-G18	AG-359-G18_a5_gnd004	96.407694
AG-359-G18	AG-359-G18_a5_gnd004_p13_s1	96.407694
AG-359-G18	AG-359-G18_a5_gnd004_p16_s3	96.407694
AG-359-G18	AG-359-G18_a5_gnd004_p16_s4	96.407694
AG-359-G18	AG-359-G18_a5_gnd004_p20_s2	96.407694
AG-359-G18	AG-359-G18_a5_gnd004_p4_s5	96.407694
AG-359-G18	AG-359-G18_a5_gnd005	95.505333
AG-359-G18	AG-359-G18_a5_gnd005_p0_s2	95.505333
AG-359-G18	AG-359-G18_a5_gnd005_p18_s5	95.505333
AG-359-G18	AG-359-G18_a5_gnd005_p19_s4	95.505333
AG-359-G18	AG-359-G18_a5_gnd005_p2_s3	95.505333
AG-359-G18	AG-359-G18_a5_gnd005_p8_s1	95.505333
AG-359-G18	AG-359-G18_a5_gnd006	94.615269
AG-359-G18	AG-359-G18_a5_gnd006_p0_s3	94.615269
AG-359-G18	AG-359-G18_a5_gnd006_p10_s5	94.615269
AG-359-G18	AG-359-G18_a5_gnd006_p17_s1	94.615269
AG-359-G18	AG-359-G18_a5_gnd006_p7_s4	94.615269
AG-359-G18	AG-359-G18_a5_gnd006_p8_s2	94.615269
AG-359-G18	AG-359-G18_a5_gnd007	93.726464
AG-359-G18	AG-359-G18_a5_gnd007_p12_s1	93.726464
AG-359-G18	AG-359-G18_a5_gnd007_p16_s5	93.726464
AG-359-G18	AG-359-G18_a5_gnd007_p18_s4	93.726464
AG-359-G18	AG-359-G18_a5_gnd007_p1_s2	93.726464
AG-359-G18	AG-359-G18_a5_gnd007_p20_s3	93.726464
AG-359-G18	AG-359-G18_a5_gnd008	92.823909
AG-359-G18	AG-359-G18_a5_gnd008_p12_s3	92.823909
AG-359-G18	AG-359-G18_a5_gnd008_p15_s2	92.823909
AG-359-G18	AG-359-G18_a5_gnd008_p4_s4	92.823909
AG-359-G18	AG-359-G18_a5_gnd008_p7_s5	92.823909
AG-359-G18	AG-359-G18_a5_gnd008_p8_s1	92.823909
AG-359-G18	AG-359-G18_a5_gnd009	91.933168
AG-359-G18	AG-359-G18_a5_gnd009_p13_s1	91.933168
AG-359-G18	AG-359-G18_a5_gnd009_p13_s4	91.933168
AG-359-G18	AG-359-G18_a5_gnd009_p15_s5	91.933168
AG-359-G18	AG-359-G18_a5_gnd009_p7_s3	91.933168
AG-359-G18	AG-359-G18_a5_gnd009_p8_s2	91.933168
AG-359-G18	AG-359-G18_a5_gnd010	91.050657
AG-359-G18	AG-359-G18_a5_gnd010_p15_s1	91.050657
AG-359-G18	AG-359-G18_a5_gnd010_p15_s4	91.050657
AG-359-G18	AG-359-G18_a5_gnd010_p16_s5	91.050657
AG-359-G18	AG-359-G18_a5_gnd010_p5_s3	91.050657
AG-359-G18	AG-359-G18_a5_gnd010_p9_s2	91.050657
AG-359-G18	AG-359-G18_a5_gnd011	90.122926
AG-359-G18	AG-359-G18_a5_gnd011_p11_s5	90.122926
AG-359-G18	AG-359-G18_a5_gnd011_p13_s1	90.122926
AG-359-G18	AG-359-G18_a5_gnd011_p15_s4	90.122926
AG-359-G18	AG-359-G18_a5_gnd011_p17_s2	90.122926
AG-359-G18	AG-359-G18_a5_gnd011_p20_s3	90.122926
AG-359-G18	AG-359-G18_a5_gnd012	89.230054
AG-359-G18	AG-359-G18_a5_gnd012_p14_s2	89.230054
AG-359-G18	AG-359-G18_a5_gnd012_p16_s3	89.230054
AG-359-G18	AG-359-G18_a5_gnd012_p18_s1	89.230054
AG-359-G18	AG-359-G18_a5_gnd012_p9_s4	89.230054
AG-359-G18	AG-359-G18_a5_gnd012_p9_s5	89.230054
AG-359-G18	AG-359-G18_a5_gnd013	88.339119
AG-359-G18	AG-359-G18_a5_gnd013_p11_s1	88.339119
AG-359-G18	AG-359-G18_a5_gnd013_p15_s5	88.339119
AG-359-G18	AG-359-G18_a5_gnd013_p16_s3	88.339119
AG-359-G18	AG-359-G18_a5_gnd013_p20_s4	88.339119
AG-359-G18	AG-359-G18_a5_gnd013_p9_s2	88.339119
AG-359-G18	AG-359-G18_a5_gnd014	87.435305
AG-359-G18	AG-359-G18_a5_gnd014_p18_s1	87.435305
AG-359-G18	AG-359-G18_a5_gnd014_p18_s4	87.435305
AG-359-G18	AG-359-G18_a5_gnd014_p3_s2	87.435305
AG-359-G18	AG-359-G18_a5_gnd014_p7_s3	87.435305
AG-359-G18	AG-359-G18_a5_gnd014_p8_s5	87.435305
AG-359-G18	AG-359-G18_a5_gnd015	86.536527
AG-359-G18	AG-359-G18_a5_gnd015_p0_s5	86.536527
AG-359-G18	AG-359-G18_a5_gnd015_p10_s4	86.536527
AG-359-G18	AG-359-G18_a5_gnd015_p14_s3	86.536527
AG-359-G18	AG-359-G18_a5_gnd015_p15_s2	86.536527
AG-359-G18	AG-359-G18_a5_gnd015_p5_s1	86.536527
AG-359-G18	AG-359-G18_a5_gnd016	85.663989
AG-359-G18	AG-359-G18_a5_gnd016_p0_s1	85.663989
AG-359-G18	AG-359-G18_a5_gnd016_p10_s3	85.663989
AG-359-G18	AG-359-G18_a5_gnd016_p13_s5	85.663989
AG-359-G18	AG-359-G18_a5_gnd016_p15_s2	85.663989
AG-359-G18	AG-359-G18_a5_gnd016_p8_s4	85.663989
AG-359-G18	AG-359-G18_a5_gnd017	84.737905
AG-359-G18	AG-359-G18_a5_gnd017_p14_s2	84.737905
AG-359-G18	AG-359-G18_a5_gnd017_p19_s1	84.737905
AG-359-G18	AG-359-G18_a5_gnd017_p19_s5	84.737905
AG-359-G18	AG-359-G18_a5_gnd017_p8_s3	84.737905
AG-359-G18	AG-359-G18_a5_gnd017_p9_s4	84.737905
AG-359-G18	AG-359-G18_a5_gnd018	83.837964
AG-359-G18	AG-359-G18_a5_gnd018_p15_s1	83.837964
AG-359-G18	AG-359-G18_a5_gnd018_p15_s4	83.837964
AG-359-G18	AG-359-G18_a5_gnd018_p2_s2	83.837964
AG-359-G18	AG-359-G18_a5_gnd018_p7_s3	83.837964
AG-359-G18	AG-359-G18_a5_gnd018_p9_s5	83.837964
AG-359-G18	AG-359-G18_a5_gnd019	82.925436
AG-359-G18	AG-359-G18_a5_gnd019_p10_s4	82.925436
AG-359-G18	AG-359-G18_a5_gnd019_p10_s5	82.925436
AG-359-G18	AG-359-G18_a5_gnd019_p16_s2	82.925436
AG-359-G18	AG-359-G18_a5_gnd019_p16_s3	82.925436
AG-359-G18	AG-359-G18_a5_gnd019_p6_s1	82.925436
AG-359-G18	AG-359-G18_a5_gnd020	82.048928
AG-359-G18	AG-359-G18_a5_gnd020_p10_s2	82.048928
AG-359-G18	AG-359-G18_a5_gnd020_p15_s1	82.048928
AG-359-G18	AG-359-G18_a5_gnd020_p15_s4	82.048928
AG-359-G18	AG-359-G18_a5_gnd020_p18_s3	82.048928
AG-359-G18	AG-359-G18_a5_gnd020_p8_s5	82.048928
AG-390-D15	AG-390-D15_a22_gnd00000	100.000000
AG-390-D15	AG-390-D15_a22_gnd00005	99.955328
AG-390-D15	AG-390-D15_a22_gnd00010	99.909583
AG-390-D15	AG-390-D15_a22_gnd00020	99.820061
AG-390-D15	AG-390-D15_a22_gnd00030	99.731434
AG-390-D15	AG-390-D15_a22_gnd00040	99.639495
AG-390-D15	AG-390-D15_a22_gnd00050	99.551315
AG-390-D15	AG-390-D15_a22_gnd00060	99.458302
AG-390-D15	AG-390-D15_a22_gnd00070	99.370123
AG-390-D15	AG-390-D15_a22_gnd00080	99.280959
AG-390-D15	AG-390-D15_a22_gnd00090	99.190183
AG-390-D15	AG-390-D15_a22_gnd001	99.101467
AG-390-D15	AG-390-D15_a22_gnd002	98.203919
AG-390-D15	AG-390-D15_a22_gnd003	97.301089
AG-390-D15	AG-390-D15_a22_gnd004	96.412582
AG-390-D15	AG-390-D15_a22_gnd005	95.506350
AG-390-D15	AG-390-D15_a22_gnd006	94.598417
AG-390-D15	AG-390-D15_a22_gnd007	93.710448
AG-390-D15	AG-390-D15_a22_gnd008	92.805469
AG-390-D15	AG-390-D15_a22_gnd009	91.902997
AG-390-D15	AG-390-D15_a22_gnd010	91.000257
AG-390-D15	AG-390-D15_a22_gnd011	90.109602
AG-390-D15	AG-390-D15_a22_gnd012	89.206324
AG-390-D15	AG-390-D15_a22_gnd013	88.300450
AG-390-D15	AG-390-D15_a22_gnd014	87.395382
AG-390-D15	AG-390-D15_a22_gnd015	86.497924
AG-390-D15	AG-390-D15_a22_gnd016	85.589633
AG-390-D15	AG-390-D15_a22_gnd017	84.704886
AG-390-D15	AG-390-D15_a22_gnd018	83.789702
AG-390-D15	AG-390-D15_a22_gnd019	82.889737
AG-390-D15	AG-390-D15_a22_gnd020	81.982072
AG-390-D15	AG-390-D15_a5_gnd00000	100.000000
AG-390-D15	AG-390-D15_a5_gnd00000_p10_s5	100.000000
AG-390-D15	AG-390-D15_a5_gnd00000_p14_s2	100.000000
AG-390-D15	AG-390-D15_a5_gnd00000_p16_s1	100.000000
AG-390-D15	AG-390-D15_a5_gnd00000_p20_s3	100.000000
AG-390-D15	AG-390-D15_a5_gnd00000_p5_s4	100.000000
AG-390-D15	AG-390-D15_a5_gnd00005	99.955239
AG-390-D15	AG-390-D15_a5_gnd00005_p0_s2	99.955239
AG-390-D15	AG-390-D15_a5_gnd00005_p13_s5	99.955239
AG-390-D15	AG-390-D15_a5_gnd00005_p18_s1	99.955239
AG-390-D15	AG-390-D15_a5_gnd00005_p19_s3	99.955239
AG-390-D15	AG-390-D15_a5_gnd00005_p9_s4	99.955239
AG-390-D15	AG-390-D15_a5_gnd00010	99.911284
AG-390-D15	AG-390-D15_a5_gnd00010_p15_s2	99.911284
AG-390-D15	AG-390-D15_a5_gnd00010_p17_s3	99.911284
AG-390-D15	AG-390-D15_a5_gnd00010_p17_s5	99.911284
AG-390-D15	AG-390-D15_a5_gnd00010_p20_s4	99.911284
AG-390-D15	AG-390-D15_a5_gnd00010_p4_s1	99.911284
AG-390-D15	AG-390-D15_a5_gnd00020	99.819255
AG-390-D15	AG-390-D15_a5_gnd00020_p0_s5	99.819255
AG-390-D15	AG-390-D15_a5_gnd00020_p11_s1	99.819255
AG-390-D15	AG-390-D15_a5_gnd00020_p14_s4	99.819255
AG-390-D15	AG-390-D15_a5_gnd00020_p15_s2	99.819255
AG-390-D15	AG-390-D15_a5_gnd00020_p17_s3	99.819255
AG-390-D15	AG-390-D15_a5_gnd00030	99.729733
AG-390-D15	AG-390-D15_a5_gnd00030_p12_s3	99.729733
AG-390-D15	AG-390-D15_a5_gnd00030_p16_s5	99.729733
AG-390-D15	AG-390-D15_a5_gnd00030_p18_s1	99.729733
AG-390-D15	AG-390-D15_a5_gnd00030_p19_s4	99.729733
AG-390-D15	AG-390-D15_a5_gnd00030_p8_s2	99.729733
AG-390-D15	AG-390-D15_a5_gnd00040	99.639047
AG-390-D15	AG-390-D15_a5_gnd00040_p11_s1	99.639047
AG-390-D15	AG-390-D15_a5_gnd00040_p14_s4	99.639047
AG-390-D15	AG-390-D15_a5_gnd00040_p15_s3	99.639047
AG-390-D15	AG-390-D15_a5_gnd00040_p17_s2	99.639047
AG-390-D15	AG-390-D15_a5_gnd00040_p9_s5	99.639047
AG-390-D15	AG-390-D15_a5_gnd00050	99.550689
AG-390-D15	AG-390-D15_a5_gnd00050_p12_s5	99.550689
AG-390-D15	AG-390-D15_a5_gnd00050_p17_s3	99.550689
AG-390-D15	AG-390-D15_a5_gnd00050_p20_s1	99.550689
AG-390-D15	AG-390-D15_a5_gnd00050_p20_s2	99.550689
AG-390-D15	AG-390-D15_a5_gnd00050_p3_s4	99.550689
AG-390-D15	AG-390-D15_a5_gnd00060	99.462778
AG-390-D15	AG-390-D15_a5_gnd00060_p10_s3	99.462778
AG-390-D15	AG-390-D15_a5_gnd00060_p10_s4	99.462778
AG-390-D15	AG-390-D15_a5_gnd00060_p11_s5	99.462778
AG-390-D15	AG-390-D15_a5_gnd00060_p13_s2	99.462778
AG-390-D15	AG-390-D15_a5_gnd00060_p19_s1	99.462778
AG-390-D15	AG-390-D15_a5_gnd00070	99.371287
AG-390-D15	AG-390-D15_a5_gnd00070_p10_s3	99.371287
AG-390-D15	AG-390-D15_a5_gnd00070_p10_s5	99.371287
AG-390-D15	AG-390-D15_a5_gnd00070_p4_s2	99.371287
AG-390-D15	AG-390-D15_a5_gnd00070_p4_s4	99.371287
AG-390-D15	AG-390-D15_a5_gnd00070_p9_s1	99.371287
AG-390-D15	AG-390-D15_a5_gnd00080	99.281496
AG-390-D15	AG-390-D15_a5_gnd00080_p14_s4	99.281496
AG-390-D15	AG-390-D15_a5_gnd00080_p15_s1	99.281496
AG-390-D15	AG-390-D15_a5_gnd00080_p7_s2	99.281496
AG-390-D15	AG-390-D15_a5_gnd00080_p9_s3	99.281496
AG-390-D15	AG-390-D15_a5_gnd00080_p9_s5	99.281496
AG-390-D15	AG-390-D15_a5_gnd00090	99.191705
AG-390-D15	AG-390-D15_a5_gnd00090_p0_s2	99.191705
AG-390-D15	AG-390-D15_a5_gnd00090_p13_s4	99.191705
AG-390-D15	AG-390-D15_a5_gnd00090_p18_s3	99.191705
AG-390-D15	AG-390-D15_a5_gnd00090_p19_s1	99.191705
AG-390-D15	AG-390-D15_a5_gnd00090_p5_s5	99.191705
AG-390-D15	AG-390-D15_a5_gnd001	99.103526
AG-390-D15	AG-390-D15_a5_gnd001_p10_s2	99.103526
AG-390-D15	AG-390-D15_a5_gnd001_p11_s3	99.103526
AG-390-D15	AG-390-D15_a5_gnd001_p18_s5	99.103526
AG-390-D15	AG-390-D15_a5_gnd001_p2_s1	99.103526
AG-390-D15	AG-390-D15_a5_gnd001_p9_s4	99.103526
AG-390-D15	AG-390-D15_a5_gnd002	98.198547
AG-390-D15	AG-390-D15_a5_gnd002_p0_s2	98.198547
AG-390-D15	AG-390-D15_a5_gnd002_p13_s5	98.198547
AG-390-D15	AG-390-D15_a5_gnd002_p19_s3	98.198547
AG-390-D15	AG-390-D15_a5_gnd002_p19_s4	98.198547
AG-390-D15	AG-390-D15_a5_gnd002_p20_s1	98.198547
AG-390-D15	AG-390-D15_a5_gnd003	97.301357
AG-390-D15	AG-390-D15_a5_gnd003_p17_s3	97.301357
AG-390-D15	AG-390-D15_a5_gnd003_p18_s2	97.301357
AG-390-D15	AG-390-D15_a5_gnd003_p18_s5	97.301357
AG-390-D15	AG-390-D15_a5_gnd003_p2_s4	97.301357
AG-390-D15	AG-390-D15_a5_gnd003_p8_s1	97.301357
AG-390-D15	AG-390-D15_a5_gnd004	96.398169
AG-390-D15	AG-390-D15_a5_gnd004_p10_s5	96.398169
AG-390-D15	AG-390-D15_a5_gnd004_p11_s4	96.398169
AG-390-D15	AG-390-D15_a5_gnd004_p14_s3	96.398169
AG-390-D15	AG-390-D15_a5_gnd004_p16_s2	96.398169
AG-390-D15	AG-390-D15_a5_gnd004_p18_s1	96.398169
AG-390-D15	AG-390-D15_a5_gnd005	95.508320
AG-390-D15	AG-390-D15_a5_gnd005_p11_s3	95.508320
AG-390-D15	AG-390-D15_a5_gnd005_p14_s1	95.508320
AG-390-D15	AG-390-D15_a5_gnd005_p2_s2	95.508320
AG-390-D15	AG-390-D15_a5_gnd005_p3_s4	95.508320
AG-390-D15	AG-390-D15_a5_gnd005_p7_s5	95.508320
AG-390-D15	AG-390-D15_a5_gnd006	94.613368
AG-390-D15	AG-390-D15_a5_gnd006_p0_s1	94.613368
AG-390-D15	AG-390-D15_a5_gnd006_p15_s5	94.613368
AG-390-D15	AG-390-D15_a5_gnd006_p18_s4	94.613368
AG-390-D15	AG-390-D15_a5_gnd006_p19_s3	94.613368
AG-390-D15	AG-390-D15_a5_gnd006_p5_s2	94.613368
AG-390-D15	AG-390-D15_a5_gnd007	93.708120
AG-390-D15	AG-390-D15_a5_gnd007_p0_s1	93.708120
AG-390-D15	AG-390-D15_a5_gnd007_p11_s2	93.708120
AG-390-D15	AG-390-D15_a5_gnd007_p17_s5	93.708120
AG-390-D15	AG-390-D15_a5_gnd007_p20_s3	93.708120
AG-390-D15	AG-390-D15_a5_gnd007_p2_s4	93.708120
AG-390-D15	AG-390-D15_a5_gnd008	92.813885
AG-390-D15	AG-390-D15_a5_gnd008_p0_s1	92.813885
AG-390-D15	AG-390-D15_a5_gnd008_p0_s2	92.813885
AG-390-D15	AG-390-D15_a5_gnd008_p10_s3	92.813885
AG-390-D15	AG-390-D15_a5_gnd008_p15_s4	92.813885
AG-390-D15	AG-390-D15_a5_gnd008_p16_s5	92.813885
AG-390-D15	AG-390-D15_a5_gnd009	91.913382
AG-390-D15	AG-390-D15_a5_gnd009_p0_s4	91.913382
AG-390-D15	AG-390-D15_a5_gnd009_p19_s1	91.913382
AG-390-D15	AG-390-D15_a5_gnd009_p20_s5	91.913382
AG-390-D15	AG-390-D15_a5_gnd009_p4_s3	91.913382
AG-390-D15	AG-390-D15_a5_gnd009_p8_s2	91.913382
AG-390-D15	AG-390-D15_a5_gnd010	90.992200
AG-390-D15	AG-390-D15_a5_gnd010_p11_s2	90.992200
AG-390-D15	AG-390-D15_a5_gnd010_p17_s4	90.992200
AG-390-D15	AG-390-D15_a5_gnd010_p19_s1	90.992200
AG-390-D15	AG-390-D15_a5_gnd010_p5_s5	90.992200
AG-390-D15	AG-390-D15_a5_gnd010_p7_s3	90.992200
AG-390-D15	AG-390-D15_a5_gnd011	90.088475
AG-390-D15	AG-390-D15_a5_gnd011_p12_s1	90.088475
AG-390-D15	AG-390-D15_a5_gnd011_p13_s2	90.088475
AG-390-D15	AG-390-D15_a5_gnd011_p18_s5	90.088475
AG-390-D15	AG-390-D15_a5_gnd011_p20_s3	90.088475
AG-390-D15	AG-390-D15_a5_gnd011_p4_s4	90.088475
AG-390-D15	AG-390-D15_a5_gnd012	89.185107
AG-390-D15	AG-390-D15_a5_gnd012_p11_s4	89.185107
AG-390-D15	AG-390-D15_a5_gnd012_p18_s1	89.185107
AG-390-D15	AG-390-D15_a5_gnd012_p18_s2	89.185107
AG-390-D15	AG-390-D15_a5_gnd012_p19_s5	89.185107
AG-390-D15	AG-390-D15_a5_gnd012_p8_s3	89.185107
AG-390-D15	AG-390-D15_a5_gnd013	88.295437
AG-390-D15	AG-390-D15_a5_gnd013_p0_s1	88.295437
AG-390-D15	AG-390-D15_a5_gnd013_p15_s3	88.295437
AG-390-D15	AG-390-D15_a5_gnd013_p16_s2	88.295437
AG-390-D15	AG-390-D15_a5_gnd013_p16_s4	88.295437
AG-390-D15	AG-390-D15_a5_gnd013_p6_s5	88.295437
AG-390-D15	AG-390-D15_a5_gnd014	87.391085
AG-390-D15	AG-390-D15_a5_gnd014_p13_s3	87.391085
AG-390-D15	AG-390-D15_a5_gnd014_p16_s2	87.391085
AG-390-D15	AG-390-D15_a5_gnd014_p17_s5	87.391085
AG-390-D15	AG-390-D15_a5_gnd014_p18_s1	87.391085
AG-390-D15	AG-390-D15_a5_gnd014_p20_s4	87.391085
AG-390-D15	AG-390-D15_a5_gnd015	86.485480
AG-390-D15	AG-390-D15_a5_gnd015_p10_s1	86.485480
AG-390-D15	AG-390-D15_a5_gnd015_p10_s4	86.485480
AG-390-D15	AG-390-D15_a5_gnd015_p16_s5	86.485480
AG-390-D15	AG-390-D15_a5_gnd015_p1_s3	86.485480
AG-390-D15	AG-390-D15_a5_gnd015_p8_s2	86.485480
AG-390-D15	AG-390-D15_a5_gnd016	85.591513
AG-390-D15	AG-390-D15_a5_gnd016_p10_s5	85.591513
AG-390-D15	AG-390-D15_a5_gnd016_p16_s1	85.591513
AG-390-D15	AG-390-D15_a5_gnd016_p19_s2	85.591513
AG-390-D15	AG-390-D15_a5_gnd016_p19_s4	85.591513
AG-390-D15	AG-390-D15_a5_gnd016_p7_s3	85.591513
AG-390-D15	AG-390-D15_a5_gnd017	84.669256
AG-390-D15	AG-390-D15_a5_gnd017_p20_s1	84.669256
AG-390-D15	AG-390-D15_a5_gnd017_p20_s5	84.669256
AG-390-D15	AG-390-D15_a5_gnd017_p4_s2	84.669256
AG-390-D15	AG-390-D15_a5_gnd017_p7_s4	84.669256
AG-390-D15	AG-390-D15_a5_gnd017_p8_s3	84.669256
AG-390-D15	AG-390-D15_a5_gnd018	83.770634
AG-390-D15	AG-390-D15_a5_gnd018_p0_s5	83.770634
AG-390-D15	AG-390-D15_a5_gnd018_p10_s4	83.770634
AG-390-D15	AG-390-D15_a5_gnd018_p11_s1	83.770634
AG-390-D15	AG-390-D15_a5_gnd018_p15_s3	83.770634
AG-390-D15	AG-390-D15_a5_gnd018_p20_s2	83.770634
AG-390-D15	AG-390-D15_a5_gnd019	82.846855
AG-390-D15	AG-390-D15_a5_gnd019_p13_s5	82.846855
AG-390-D15	AG-390-D15_a5_gnd019_p18_s4	82.846855
AG-390-D15	AG-390-D15_a5_gnd019_p19_s1	82.846855
AG-390-D15	AG-390-D15_a5_gnd019_p1_s2	82.846855
AG-390-D15	AG-390-D15_a5_gnd019_p7_s3	82.846855
AG-390-D15	AG-390-D15_a5_gnd020	81.971688
AG-390-D15	AG-390-D15_a5_gnd020_p13_s2	81.971688
AG-390-D15	AG-390-D15_a5_gnd020_p17_s3	81.971688
AG-390-D15	AG-390-D15_a5_gnd020_p20_s4	81.971688
AG-390-D15	AG-390-D15_a5_gnd020_p20_s5	81.971688
AG-390-D15	AG-390-D15_a5_gnd020_p8_s1	81.971688
AG-390-N04	AG-390-N04_a22_gnd00000	100.000000
AG-390-N04	AG-390-N04_a22_gnd00005	99.955110
AG-390-N04	AG-390-N04_a22_gnd00010	99.910668
AG-390-N04	AG-390-N04_a22_gnd00020	99.820441
AG-390-N04	AG-390-N04_a22_gnd00030	99.731333
AG-390-N04	AG-390-N04_a22_gnd00040	99.640510
AG-390-N04	AG-390-N04_a22_gnd00050	99.551849
AG-390-N04	AG-390-N04_a22_gnd00060	99.463263
AG-390-N04	AG-390-N04_a22_gnd00070	99.370576
AG-390-N04	AG-390-N04_a22_gnd00080	99.284376
AG-390-N04	AG-390-N04_a22_gnd00090	99.192807
AG-390-N04	AG-390-N04_a22_gnd001	99.107576
AG-390-N04	AG-390-N04_a22_gnd002	98.205161
AG-390-N04	AG-390-N04_a22_gnd003	97.313333
AG-390-N04	AG-390-N04_a22_gnd004	96.419344
AG-390-N04	AG-390-N04_a22_gnd005	95.523714
AG-390-N04	AG-390-N04_a22_gnd006	94.633154
AG-390-N04	AG-390-N04_a22_gnd007	93.723729
AG-390-N04	AG-390-N04_a22_gnd008	92.827279
AG-390-N04	AG-390-N04_a22_gnd009	91.940075
AG-390-N04	AG-390-N04_a22_gnd010	91.035944
AG-390-N04	AG-390-N04_a22_gnd011	90.144639
AG-390-N04	AG-390-N04_a22_gnd012	89.241850
AG-390-N04	AG-390-N04_a22_gnd013	88.338539
AG-390-N04	AG-390-N04_a22_gnd014	87.460283
AG-390-N04	AG-390-N04_a22_gnd015	86.540568
AG-390-N04	AG-390-N04_a22_gnd016	85.664624
AG-390-N04	AG-390-N04_a22_gnd017	84.752216
AG-390-N04	AG-390-N04_a22_gnd018	83.872618
AG-390-N04	AG-390-N04_a22_gnd019	82.978628
AG-390-N04	AG-390-N04_a22_gnd020	82.074572
AG-390-N04	AG-390-N04_a5_gnd00000	100.000000
AG-390-N04	AG-390-N04_a5_gnd00000_p11_s4	100.000000
AG-390-N04	AG-390-N04_a5_gnd00000_p20_s1	100.000000
AG-390-N04	AG-390-N04_a5_gnd00000_p4_s2	100.000000
AG-390-N04	AG-390-N04_a5_gnd00000_p4_s5	100.000000
AG-390-N04	AG-390-N04_a5_gnd00000_p8_s3	100.000000
AG-390-N04	AG-390-N04_a5_gnd00005	99.955260
AG-390-N04	AG-390-N04_a5_gnd00005_p0_s5	99.955260
AG-390-N04	AG-390-N04_a5_gnd00005_p13_s1	99.955260
AG-390-N04	AG-390-N04_a5_gnd00005_p14_s3	99.955260
AG-390-N04	AG-390-N04_a5_gnd00005_p17_s4	99.955260
AG-390-N04	AG-390-N04_a5_gnd00005_p18_s2	99.955260
AG-390-N04	AG-390-N04_a5_gnd00010	99.910221
AG-390-N04	AG-390-N04_a5_gnd00010_p11_s3	99.910221
AG-390-N04	AG-390-N04_a5_gnd00010_p12_s1	99.910221
AG-390-N04	AG-390-N04_a5_gnd00010_p12_s4	99.910221
AG-390-N04	AG-390-N04_a5_gnd00010_p12_s5	99.910221
AG-390-N04	AG-390-N04_a5_gnd00010_p9_s2	99.910221
AG-390-N04	AG-390-N04_a5_gnd00020	99.820367
AG-390-N04	AG-390-N04_a5_gnd00020_p16_s1	99.820367
AG-390-N04	AG-390-N04_a5_gnd00020_p16_s2	99.820367
AG-390-N04	AG-390-N04_a5_gnd00020_p16_s3	99.820367
AG-390-N04	AG-390-N04_a5_gnd00020_p5_s5	99.820367
AG-390-N04	AG-390-N04_a5_gnd00020_p9_s4	99.820367
AG-390-N04	AG-390-N04_a5_gnd00030	99.730662
AG-390-N04	AG-390-N04_a5_gnd00030_p0_s1	99.730662
AG-390-N04	AG-390-N04_a5_gnd00030_p10_s3	99.730662
AG-390-N04	AG-390-N04_a5_gnd00030_p11_s2	99.730662
AG-390-N04	AG-390-N04_a5_gnd00030_p18_s4	99.730662
AG-390-N04	AG-390-N04_a5_gnd00030_p20_s5	99.730662
AG-390-N04	AG-390-N04_a5_gnd00040	99.640361
AG-390-N04	AG-390-N04_a5_gnd00040_p11_s4	99.640361
AG-390-N04	AG-390-N04_a5_gnd00040_p16_s2	99.640361
AG-390-N04	AG-390-N04_a5_gnd00040_p17_s3	99.640361
AG-390-N04	AG-390-N04_a5_gnd00040_p17_s5	99.640361
AG-390-N04	AG-390-N04_a5_gnd00040_p4_s1	99.640361
AG-390-N04	AG-390-N04_a5_gnd00050	99.551029
AG-390-N04	AG-390-N04_a5_gnd00050_p20_s2	99.551029
AG-390-N04	AG-390-N04_a5_gnd00050_p2_s5	99.551029
AG-390-N04	AG-390-N04_a5_gnd00050_p5_s3	99.551029
AG-390-N04	AG-390-N04_a5_gnd00050_p8_s1	99.551029
AG-390-N04	AG-390-N04_a5_gnd00050_p9_s4	99.551029
AG-390-N04	AG-390-N04_a5_gnd00060	99.463189
AG-390-N04	AG-390-N04_a5_gnd00060_p10_s3	99.463189
AG-390-N04	AG-390-N04_a5_gnd00060_p13_s5	99.463189
AG-390-N04	AG-390-N04_a5_gnd00060_p20_s1	99.463189
AG-390-N04	AG-390-N04_a5_gnd00060_p20_s2	99.463189
AG-390-N04	AG-390-N04_a5_gnd00060_p9_s4	99.463189
AG-390-N04	AG-390-N04_a5_gnd00070	99.372440
AG-390-N04	AG-390-N04_a5_gnd00070_p14_s1	99.372440
AG-390-N04	AG-390-N04_a5_gnd00070_p15_s5	99.372440
AG-390-N04	AG-390-N04_a5_gnd00070_p16_s4	99.372440
AG-390-N04	AG-390-N04_a5_gnd00070_p3_s3	99.372440
AG-390-N04	AG-390-N04_a5_gnd00070_p4_s2	99.372440
AG-390-N04	AG-390-N04_a5_gnd00080	99.282064
AG-390-N04	AG-390-N04_a5_gnd00080_p10_s1	99.282064
AG-390-N04	AG-390-N04_a5_gnd00080_p10_s3	99.282064
AG-390-N04	AG-390-N04_a5_gnd00080_p13_s2	99.282064
AG-390-N04	AG-390-N04_a5_gnd00080_p16_s4	99.282064
AG-390-N04	AG-390-N04_a5_gnd00080_p19_s5	99.282064
AG-390-N04	AG-390-N04_a5_gnd00090	99.195939
AG-390-N04	AG-390-N04_a5_gnd00090_p0_s5	99.195939
AG-390-N04	AG-390-N04_a5_gnd00090_p14_s4	99.195939
AG-390-N04	AG-390-N04_a5_gnd00090_p16_s3	99.195939
AG-390-N04	AG-390-N04_a5_gnd00090_p19_s2	99.195939
AG-390-N04	AG-390-N04_a5_gnd00090_p3_s1	99.195939
AG-390-N04	AG-390-N04_a5_gnd001	99.108471
AG-390-N04	AG-390-N04_a5_gnd001_p10_s4	99.108471
AG-390-N04	AG-390-N04_a5_gnd001_p11_s3	99.108471
AG-390-N04	AG-390-N04_a5_gnd001_p13_s1	99.108471
AG-390-N04	AG-390-N04_a5_gnd001_p20_s5	99.108471
AG-390-N04	AG-390-N04_a5_gnd001_p4_s2	99.108471
AG-390-N04	AG-390-N04_a5_gnd002	98.207398
AG-390-N04	AG-390-N04_a5_gnd002_p14_s1	98.207398
AG-390-N04	AG-390-N04_a5_gnd002_p16_s4	98.207398
AG-390-N04	AG-390-N04_a5_gnd002_p19_s5	98.207398
AG-390-N04	AG-390-N04_a5_gnd002_p3_s2	98.207398
AG-390-N04	AG-390-N04_a5_gnd002_p8_s3	98.207398
AG-390-N04	AG-390-N04_a5_gnd003	97.312439
AG-390-N04	AG-390-N04_a5_gnd003_p15_s3	97.312439
AG-390-N04	AG-390-N04_a5_gnd003_p15_s5	97.312439
AG-390-N04	AG-390-N04_a5_gnd003_p20_s4	97.312439
AG-390-N04	AG-390-N04_a5_gnd003_p4_s1	97.312439
AG-390-N04	AG-390-N04_a5_gnd003_p5_s2	97.312439
AG-390-N04	AG-390-N04_a5_gnd004	96.412036
AG-390-N04	AG-390-N04_a5_gnd004_p10_s3	96.412036
AG-390-N04	AG-390-N04_a5_gnd004_p13_s1	96.412036
AG-390-N04	AG-390-N04_a5_gnd004_p13_s4	96.412036
AG-390-N04	AG-390-N04_a5_gnd004_p19_s5	96.412036
AG-390-N04	AG-390-N04_a5_gnd004_p9_s2	96.412036
AG-390-N04	AG-390-N04_a5_gnd005	95.530723
AG-390-N04	AG-390-N04_a5_gnd005_p11_s2	95.530723
AG-390-N04	AG-390-N04_a5_gnd005_p14_s1	95.530723
AG-390-N04	AG-390-N04_a5_gnd005_p18_s4	95.530723
AG-390-N04	AG-390-N04_a5_gnd005_p18_s5	95.530723
AG-390-N04	AG-390-N04_a5_gnd005_p7_s3	95.530723
AG-390-N04	AG-390-N04_a5_gnd006	94.618017
AG-390-N04	AG-390-N04_a5_gnd006_p0_s3	94.618017
AG-390-N04	AG-390-N04_a5_gnd006_p13_s2	94.618017
AG-390-N04	AG-390-N04_a5_gnd006_p18_s1	94.618017
AG-390-N04	AG-390-N04_a5_gnd006_p19_s5	94.618017
AG-390-N04	AG-390-N04_a5_gnd006_p2_s4	94.618017
AG-390-N04	AG-390-N04_a5_gnd007	93.735883
AG-390-N04	AG-390-N04_a5_gnd007_p11_s2	93.735883
AG-390-N04	AG-390-N04_a5_gnd007_p14_s5	93.735883
AG-390-N04	AG-390-N04_a5_gnd007_p15_s4	93.735883
AG-390-N04	AG-390-N04_a5_gnd007_p20_s3	93.735883
AG-390-N04	AG-390-N04_a5_gnd007_p9_s1	93.735883
AG-390-N04	AG-390-N04_a5_gnd008	92.833691
AG-390-N04	AG-390-N04_a5_gnd008_p14_s5	92.833691
AG-390-N04	AG-390-N04_a5_gnd008_p15_s1	92.833691
AG-390-N04	AG-390-N04_a5_gnd008_p16_s2	92.833691
AG-390-N04	AG-390-N04_a5_gnd008_p8_s3	92.833691
AG-390-N04	AG-390-N04_a5_gnd008_p9_s4	92.833691
AG-390-N04	AG-390-N04_a5_gnd009	91.920612
AG-390-N04	AG-390-N04_a5_gnd009_p11_s2	91.920612
AG-390-N04	AG-390-N04_a5_gnd009_p13_s1	91.920612
AG-390-N04	AG-390-N04_a5_gnd009_p15_s5	91.920612
AG-390-N04	AG-390-N04_a5_gnd009_p20_s3	91.920612
AG-390-N04	AG-390-N04_a5_gnd009_p4_s4	91.920612
AG-390-N04	AG-390-N04_a5_gnd010	91.043326
AG-390-N04	AG-390-N04_a5_gnd010_p10_s4	91.043326
AG-390-N04	AG-390-N04_a5_gnd010_p11_s2	91.043326
AG-390-N04	AG-390-N04_a5_gnd010_p7_s1	91.043326
AG-390-N04	AG-390-N04_a5_gnd010_p7_s3	91.043326
AG-390-N04	AG-390-N04_a5_gnd010_p8_s5	91.043326
AG-390-N04	AG-390-N04_a5_gnd011	90.153959
AG-390-N04	AG-390-N04_a5_gnd011_p13_s5	90.153959
AG-390-N04	AG-390-N04_a5_gnd011_p16_s2	90.153959
AG-390-N04	AG-390-N04_a5_gnd011_p16_s3	90.153959
AG-390-N04	AG-390-N04_a5_gnd011_p18_s4	90.153959
AG-390-N04	AG-390-N04_a5_gnd011_p1_s1	90.153959
AG-390-N04	AG-390-N04_a5_gnd012	89.255794
AG-390-N04	AG-390-N04_a5_gnd012_p0_s1	89.255794
AG-390-N04	AG-390-N04_a5_gnd012_p12_s5	89.255794
AG-390-N04	AG-390-N04_a5_gnd012_p20_s4	89.255794
AG-390-N04	AG-390-N04_a5_gnd012_p7_s2	89.255794
AG-390-N04	AG-390-N04_a5_gnd012_p9_s3	89.255794
AG-390-N04	AG-390-N04_a5_gnd013	88.349874
AG-390-N04	AG-390-N04_a5_gnd013_p0_s1	88.349874
AG-390-N04	AG-390-N04_a5_gnd013_p11_s2	88.349874
AG-390-N04	AG-390-N04_a5_gnd013_p13_s3	88.349874
AG-390-N04	AG-390-N04_a5_gnd013_p14_s5	88.349874
AG-390-N04	AG-390-N04_a5_gnd013_p19_s4	88.349874
AG-390-N04	AG-390-N04_a5_gnd014	87.445967
AG-390-N04	AG-390-N04_a5_gnd014_p11_s4	87.445967
AG-390-N04	AG-390-N04_a5_gnd014_p12_s1	87.445967
AG-390-N04	AG-390-N04_a5_gnd014_p12_s5	87.445967
AG-390-N04	AG-390-N04_a5_gnd014_p17_s2	87.445967
AG-390-N04	AG-390-N04_a5_gnd014_p9_s3	87.445967
AG-390-N04	AG-390-N04_a5_gnd015	86.562193
AG-390-N04	AG-390-N04_a5_gnd015_p13_s1	86.562193
AG-390-N04	AG-390-N04_a5_gnd015_p15_s3	86.562193
AG-390-N04	AG-390-N04_a5_gnd015_p18_s2	86.562193
AG-390-N04	AG-390-N04_a5_gnd015_p19_s4	86.562193
AG-390-N04	AG-390-N04_a5_gnd015_p4_s5	86.562193
AG-390-N04	AG-390-N04_a5_gnd016	85.649934
AG-390-N04	AG-390-N04_a5_gnd016_p11_s2	85.649934
AG-390-N04	AG-390-N04_a5_gnd016_p16_s4	85.649934
AG-390-N04	AG-390-N04_a5_gnd016_p18_s5	85.649934
AG-390-N04	AG-390-N04_a5_gnd016_p20_s3	85.649934
AG-390-N04	AG-390-N04_a5_gnd016_p9_s1	85.649934
AG-390-N04	AG-390-N04_a5_gnd017	84.761015
AG-390-N04	AG-390-N04_a5_gnd017_p11_s1	84.761015
AG-390-N04	AG-390-N04_a5_gnd017_p11_s5	84.761015
AG-390-N04	AG-390-N04_a5_gnd017_p13_s2	84.761015
AG-390-N04	AG-390-N04_a5_gnd017_p16_s3	84.761015
AG-390-N04	AG-390-N04_a5_gnd017_p20_s4	84.761015
AG-390-N04	AG-390-N04_a5_gnd018	83.849204
AG-390-N04	AG-390-N04_a5_gnd018_p0_s4	83.849204
AG-390-N04	AG-390-N04_a5_gnd018_p14_s1	83.849204
AG-390-N04	AG-390-N04_a5_gnd018_p14_s5	83.849204
AG-390-N04	AG-390-N04_a5_gnd018_p18_s2	83.849204
AG-390-N04	AG-390-N04_a5_gnd018_p20_s3	83.849204
AG-390-N04	AG-390-N04_a5_gnd019	82.975198
AG-390-N04	AG-390-N04_a5_gnd019_p10_s2	82.975198
AG-390-N04	AG-390-N04_a5_gnd019_p13_s3	82.975198
AG-390-N04	AG-390-N04_a5_gnd019_p13_s4	82.975198
AG-390-N04	AG-390-N04_a5_gnd019_p7_s5	82.975198
AG-390-N04	AG-390-N04_a5_gnd019_p8_s1	82.975198
AG-390-N04	AG-390-N04_a5_gnd020	82.059211
AG-390-N04	AG-390-N04_a5_gnd020_p12_s3	82.059211
AG-390-N04	AG-390-N04_a5_gnd020_p12_s5	82.059211
AG-390-N04	AG-390-N04_a5_gnd020_p1_s4	82.059211
AG-390-N04	AG-390-N04_a5_gnd020_p20_s1	82.059211
AG-390-N04	AG-390-N04_a5_gnd020_p7_s2	82.059211
AG-414-L04	AG-414-L04_a22_gnd00000	100.000000
AG-414-L04	AG-414-L04_a22_gnd00005	99.954487
AG-414-L04	AG-414-L04_a22_gnd00010	99.910046
AG-414-L04	AG-414-L04_a22_gnd00020	99.820175
AG-414-L04	AG-414-L04_a22_gnd00030	99.730964
AG-414-L04	AG-414-L04_a22_gnd00040	99.638537
AG-414-L04	AG-414-L04_a22_gnd00050	99.545615
AG-414-L04	AG-414-L04_a22_gnd00060	99.458135
AG-414-L04	AG-414-L04_a22_gnd00070	99.367522
AG-414-L04	AG-414-L04_a22_gnd00080	99.277321
AG-414-L04	AG-414-L04_a22_gnd00090	99.185718
AG-414-L04	AG-414-L04_a22_gnd001	99.097249
AG-414-L04	AG-414-L04_a22_gnd002	98.195075
AG-414-L04	AG-414-L04_a22_gnd003	97.288861
AG-414-L04	AG-414-L04_a22_gnd004	96.394354
AG-414-L04	AG-414-L04_a22_gnd005	95.487563
AG-414-L04	AG-414-L04_a22_gnd006	94.570466
AG-414-L04	AG-414-L04_a22_gnd007	93.677444
AG-414-L04	AG-414-L04_a22_gnd008	92.770570
AG-414-L04	AG-414-L04_a22_gnd009	91.871776
AG-414-L04	AG-414-L04_a22_gnd010	90.964243
AG-414-L04	AG-414-L04_a22_gnd011	90.048629
AG-414-L04	AG-414-L04_a22_gnd012	89.157091
AG-414-L04	AG-414-L04_a22_gnd013	88.254588
AG-414-L04	AG-414-L04_a22_gnd014	87.336830
AG-414-L04	AG-414-L04_a22_gnd015	86.423608
AG-414-L04	AG-414-L04_a22_gnd016	85.521022
AG-414-L04	AG-414-L04_a22_gnd017	84.615055
AG-414-L04	AG-414-L04_a22_gnd018	83.717993
AG-414-L04	AG-414-L04_a22_gnd019	82.816066
AG-414-L04	AG-414-L04_a22_gnd020	81.917190
AG-414-L04	AG-414-L04_a5_gnd00000	100.000000
AG-414-L04	AG-414-L04_a5_gnd00000_p10_s1	100.000000
AG-414-L04	AG-414-L04_a5_gnd00000_p10_s5	100.000000
AG-414-L04	AG-414-L04_a5_gnd00000_p17_s3	100.000000
AG-414-L04	AG-414-L04_a5_gnd00000_p18_s4	100.000000
AG-414-L04	AG-414-L04_a5_gnd00000_p19_s2	100.000000
AG-414-L04	AG-414-L04_a5_gnd00005	99.954570
AG-414-L04	AG-414-L04_a5_gnd00005_p0_s3	99.954570
AG-414-L04	AG-414-L04_a5_gnd00005_p14_s1	99.954570
AG-414-L04	AG-414-L04_a5_gnd00005_p14_s2	99.954570
AG-414-L04	AG-414-L04_a5_gnd00005_p18_s5	99.954570
AG-414-L04	AG-414-L04_a5_gnd00005_p1_s4	99.954570
AG-414-L04	AG-414-L04_a5_gnd00010	99.909057
AG-414-L04	AG-414-L04_a5_gnd00010_p10_s2	99.909057
AG-414-L04	AG-414-L04_a5_gnd00010_p11_s5	99.909057
AG-414-L04	AG-414-L04_a5_gnd00010_p14_s1	99.909057
AG-414-L04	AG-414-L04_a5_gnd00010_p14_s3	99.909057
AG-414-L04	AG-414-L04_a5_gnd00010_p20_s4	99.909057
AG-414-L04	AG-414-L04_a5_gnd00020	99.819928
AG-414-L04	AG-414-L04_a5_gnd00020_p16_s3	99.819928
AG-414-L04	AG-414-L04_a5_gnd00020_p17_s2	99.819928
AG-414-L04	AG-414-L04_a5_gnd00020_p5_s5	99.819928
AG-414-L04	AG-414-L04_a5_gnd00020_p7_s1	99.819928
AG-414-L04	AG-414-L04_a5_gnd00020_p7_s4	99.819928
AG-414-L04	AG-414-L04_a5_gnd00030	99.729150
AG-414-L04	AG-414-L04_a5_gnd00030_p11_s5	99.729150
AG-414-L04	AG-414-L04_a5_gnd00030_p15_s2	99.729150
AG-414-L04	AG-414-L04_a5_gnd00030_p16_s1	99.729150
AG-414-L04	AG-414-L04_a5_gnd00030_p16_s4	99.729150
AG-414-L04	AG-414-L04_a5_gnd00030_p19_s3	99.729150
AG-414-L04	AG-414-L04_a5_gnd00040	99.638949
AG-414-L04	AG-414-L04_a5_gnd00040_p10_s3	99.638949
AG-414-L04	AG-414-L04_a5_gnd00040_p14_s1	99.638949
AG-414-L04	AG-414-L04_a5_gnd00040_p17_s5	99.638949
AG-414-L04	AG-414-L04_a5_gnd00040_p19_s2	99.638949
AG-414-L04	AG-414-L04_a5_gnd00040_p19_s4	99.638949
AG-414-L04	AG-414-L04_a5_gnd00050	99.548336
AG-414-L04	AG-414-L04_a5_gnd00050_p11_s3	99.548336
AG-414-L04	AG-414-L04_a5_gnd00050_p12_s5	99.548336
AG-414-L04	AG-414-L04_a5_gnd00050_p18_s1	99.548336
AG-414-L04	AG-414-L04_a5_gnd00050_p6_s4	99.548336
AG-414-L04	AG-414-L04_a5_gnd00050_p8_s2	99.548336
AG-414-L04	AG-414-L04_a5_gnd00060	99.457228
AG-414-L04	AG-414-L04_a5_gnd00060_p10_s1	99.457228
AG-414-L04	AG-414-L04_a5_gnd00060_p10_s4	99.457228
AG-414-L04	AG-414-L04_a5_gnd00060_p11_s3	99.457228
AG-414-L04	AG-414-L04_a5_gnd00060_p15_s2	99.457228
AG-414-L04	AG-414-L04_a5_gnd00060_p8_s5	99.457228
AG-414-L04	AG-414-L04_a5_gnd00070	99.369006
AG-414-L04	AG-414-L04_a5_gnd00070_p11_s4	99.369006
AG-414-L04	AG-414-L04_a5_gnd00070_p14_s1	99.369006
AG-414-L04	AG-414-L04_a5_gnd00070_p17_s3	99.369006
AG-414-L04	AG-414-L04_a5_gnd00070_p18_s2	99.369006
AG-414-L04	AG-414-L04_a5_gnd00070_p20_s5	99.369006
AG-414-L04	AG-414-L04_a5_gnd00080	99.276826
AG-414-L04	AG-414-L04_a5_gnd00080_p13_s3	99.276826
AG-414-L04	AG-414-L04_a5_gnd00080_p13_s5	99.276826
AG-414-L04	AG-414-L04_a5_gnd00080_p4_s1	99.276826
AG-414-L04	AG-414-L04_a5_gnd00080_p8_s4	99.276826
AG-414-L04	AG-414-L04_a5_gnd00080_p9_s2	99.276826
AG-414-L04	AG-414-L04_a5_gnd00090	99.192314
AG-414-L04	AG-414-L04_a5_gnd00090_p11_s2	99.192314
AG-414-L04	AG-414-L04_a5_gnd00090_p11_s3	99.192314
AG-414-L04	AG-414-L04_a5_gnd00090_p12_s1	99.192314
AG-414-L04	AG-414-L04_a5_gnd00090_p13_s4	99.192314
AG-414-L04	AG-414-L04_a5_gnd00090_p19_s5	99.192314
AG-414-L04	AG-414-L04_a5_gnd001	99.094445
AG-414-L04	AG-414-L04_a5_gnd001_p12_s4	99.094445
AG-414-L04	AG-414-L04_a5_gnd001_p16_s5	99.094445
AG-414-L04	AG-414-L04_a5_gnd001_p18_s1	99.094445
AG-414-L04	AG-414-L04_a5_gnd001_p19_s2	99.094445
AG-414-L04	AG-414-L04_a5_gnd001_p6_s3	99.094445
AG-414-L04	AG-414-L04_a5_gnd002	98.190375
AG-414-L04	AG-414-L04_a5_gnd002_p10_s3	98.190375
AG-414-L04	AG-414-L04_a5_gnd002_p10_s5	98.190375
AG-414-L04	AG-414-L04_a5_gnd002_p12_s2	98.190375
AG-414-L04	AG-414-L04_a5_gnd002_p14_s1	98.190375
AG-414-L04	AG-414-L04_a5_gnd002_p20_s4	98.190375
AG-414-L04	AG-414-L04_a5_gnd003	97.293808
AG-414-L04	AG-414-L04_a5_gnd003_p10_s5	97.293808
AG-414-L04	AG-414-L04_a5_gnd003_p11_s3	97.293808
AG-414-L04	AG-414-L04_a5_gnd003_p15_s1	97.293808
AG-414-L04	AG-414-L04_a5_gnd003_p18_s2	97.293808
AG-414-L04	AG-414-L04_a5_gnd003_p3_s4	97.293808
AG-414-L04	AG-414-L04_a5_gnd004	96.390479
AG-414-L04	AG-414-L04_a5_gnd004_p11_s4	96.390479
AG-414-L04	AG-414-L04_a5_gnd004_p12_s1	96.390479
AG-414-L04	AG-414-L04_a5_gnd004_p15_s3	96.390479
AG-414-L04	AG-414-L04_a5_gnd004_p20_s5	96.390479
AG-414-L04	AG-414-L04_a5_gnd004_p7_s2	96.390479
AG-414-L04	AG-414-L04_a5_gnd005	95.477916
AG-414-L04	AG-414-L04_a5_gnd005_p11_s3	95.477916
AG-414-L04	AG-414-L04_a5_gnd005_p12_s5	95.477916
AG-414-L04	AG-414-L04_a5_gnd005_p15_s2	95.477916
AG-414-L04	AG-414-L04_a5_gnd005_p16_s4	95.477916
AG-414-L04	AG-414-L04_a5_gnd005_p8_s1	95.477916
AG-414-L04	AG-414-L04_a5_gnd006	94.571702
AG-414-L04	AG-414-L04_a5_gnd006_p10_s5	94.571702
AG-414-L04	AG-414-L04_a5_gnd006_p16_s3	94.571702
AG-414-L04	AG-414-L04_a5_gnd006_p19_s1	94.571702
AG-414-L04	AG-414-L04_a5_gnd006_p2_s2	94.571702
AG-414-L04	AG-414-L04_a5_gnd006_p4_s4	94.571702
AG-414-L04	AG-414-L04_a5_gnd007	93.680577
AG-414-L04	AG-414-L04_a5_gnd007_p10_s1	93.680577
AG-414-L04	AG-414-L04_a5_gnd007_p10_s2	93.680577
AG-414-L04	AG-414-L04_a5_gnd007_p13_s5	93.680577
AG-414-L04	AG-414-L04_a5_gnd007_p6_s3	93.680577
AG-414-L04	AG-414-L04_a5_gnd007_p6_s4	93.680577
AG-414-L04	AG-414-L04_a5_gnd008	92.760676
AG-414-L04	AG-414-L04_a5_gnd008_p11_s5	92.760676
AG-414-L04	AG-414-L04_a5_gnd008_p20_s2	92.760676
AG-414-L04	AG-414-L04_a5_gnd008_p8_s1	92.760676
AG-414-L04	AG-414-L04_a5_gnd008_p9_s3	92.760676
AG-414-L04	AG-414-L04_a5_gnd008_p9_s4	92.760676
AG-414-L04	AG-414-L04_a5_gnd009	91.859491
AG-414-L04	AG-414-L04_a5_gnd009_p10_s2	91.859491
AG-414-L04	AG-414-L04_a5_gnd009_p12_s4	91.859491
AG-414-L04	AG-414-L04_a5_gnd009_p13_s3	91.859491
AG-414-L04	AG-414-L04_a5_gnd009_p15_s5	91.859491
AG-414-L04	AG-414-L04_a5_gnd009_p5_s1	91.859491
AG-414-L04	AG-414-L04_a5_gnd010	90.954431
AG-414-L04	AG-414-L04_a5_gnd010_p11_s1	90.954431
AG-414-L04	AG-414-L04_a5_gnd010_p16_s4	90.954431
AG-414-L04	AG-414-L04_a5_gnd010_p17_s2	90.954431
AG-414-L04	AG-414-L04_a5_gnd010_p18_s5	90.954431
AG-414-L04	AG-414-L04_a5_gnd010_p20_s3	90.954431
AG-414-L04	AG-414-L04_a5_gnd011	90.048052
AG-414-L04	AG-414-L04_a5_gnd011_p10_s2	90.048052
AG-414-L04	AG-414-L04_a5_gnd011_p20_s5	90.048052
AG-414-L04	AG-414-L04_a5_gnd011_p7_s1	90.048052
AG-414-L04	AG-414-L04_a5_gnd011_p8_s3	90.048052
AG-414-L04	AG-414-L04_a5_gnd011_p9_s4	90.048052
AG-414-L04	AG-414-L04_a5_gnd012	89.143734
AG-414-L04	AG-414-L04_a5_gnd012_p0_s2	89.143734
AG-414-L04	AG-414-L04_a5_gnd012_p10_s4	89.143734
AG-414-L04	AG-414-L04_a5_gnd012_p16_s1	89.143734
AG-414-L04	AG-414-L04_a5_gnd012_p18_s5	89.143734
AG-414-L04	AG-414-L04_a5_gnd012_p7_s3	89.143734
AG-414-L04	AG-414-L04_a5_gnd013	88.244364
AG-414-L04	AG-414-L04_a5_gnd013_p11_s5	88.244364
AG-414-L04	AG-414-L04_a5_gnd013_p18_s2	88.244364
AG-414-L04	AG-414-L04_a5_gnd013_p18_s3	88.244364
AG-414-L04	AG-414-L04_a5_gnd013_p7_s1	88.244364
AG-414-L04	AG-414-L04_a5_gnd013_p8_s4	88.244364
AG-414-L04	AG-414-L04_a5_gnd014	87.316465
AG-414-L04	AG-414-L04_a5_gnd014_p11_s4	87.316465
AG-414-L04	AG-414-L04_a5_gnd014_p12_s3	87.316465
AG-414-L04	AG-414-L04_a5_gnd014_p18_s2	87.316465
AG-414-L04	AG-414-L04_a5_gnd014_p7_s1	87.316465
AG-414-L04	AG-414-L04_a5_gnd014_p7_s5	87.316465
AG-414-L04	AG-414-L04_a5_gnd015	86.441747
AG-414-L04	AG-414-L04_a5_gnd015_p0_s1	86.441747
AG-414-L04	AG-414-L04_a5_gnd015_p13_s2	86.441747
AG-414-L04	AG-414-L04_a5_gnd015_p15_s4	86.441747
AG-414-L04	AG-414-L04_a5_gnd015_p15_s5	86.441747
AG-414-L04	AG-414-L04_a5_gnd015_p1_s3	86.441747
AG-414-L04	AG-414-L04_a5_gnd016	85.520609
AG-414-L04	AG-414-L04_a5_gnd016_p10_s5	85.520609
AG-414-L04	AG-414-L04_a5_gnd016_p13_s1	85.520609
AG-414-L04	AG-414-L04_a5_gnd016_p13_s4	85.520609
AG-414-L04	AG-414-L04_a5_gnd016_p7_s2	85.520609
AG-414-L04	AG-414-L04_a5_gnd016_p9_s3	85.520609
AG-414-L04	AG-414-L04_a5_gnd017	84.626186
AG-414-L04	AG-414-L04_a5_gnd017_p11_s2	84.626186
AG-414-L04	AG-414-L04_a5_gnd017_p14_s5	84.626186
AG-414-L04	AG-414-L04_a5_gnd017_p20_s3	84.626186
AG-414-L04	AG-414-L04_a5_gnd017_p4_s1	84.626186
AG-414-L04	AG-414-L04_a5_gnd017_p6_s4	84.626186
AG-414-L04	AG-414-L04_a5_gnd018	83.703069
AG-414-L04	AG-414-L04_a5_gnd018_p12_s3	83.703069
AG-414-L04	AG-414-L04_a5_gnd018_p15_s1	83.703069
AG-414-L04	AG-414-L04_a5_gnd018_p18_s5	83.703069
AG-414-L04	AG-414-L04_a5_gnd018_p19_s2	83.703069
AG-414-L04	AG-414-L04_a5_gnd018_p8_s4	83.703069
AG-414-L04	AG-414-L04_a5_gnd019	82.813180
AG-414-L04	AG-414-L04_a5_gnd019_p10_s1	82.813180
AG-414-L04	AG-414-L04_a5_gnd019_p14_s4	82.813180
AG-414-L04	AG-414-L04_a5_gnd019_p15_s2	82.813180
AG-414-L04	AG-414-L04_a5_gnd019_p17_s5	82.813180
AG-414-L04	AG-414-L04_a5_gnd019_p18_s3	82.813180
AG-414-L04	AG-414-L04_a5_gnd020	81.914634
AG-414-L04	AG-414-L04_a5_gnd020_p10_s4	81.914634
AG-414-L04	AG-414-L04_a5_gnd020_p16_s2	81.914634
AG-414-L04	AG-414-L04_a5_gnd020_p17_s5	81.914634
AG-414-L04	AG-414-L04_a5_gnd020_p18_s3	81.914634
AG-414-L04	AG-414-L04_a5_gnd020_p20_s1	81.914634
AG-426-E17	AG-426-E17_a22_gnd00000	100.000000
AG-426-E17	AG-426-E17_a22_gnd00005	99.955172
AG-426-E17	AG-426-E17_a22_gnd00010	99.908954
AG-426-E17	AG-426-E17_a22_gnd00020	99.818169
AG-426-E17	AG-426-E17_a22_gnd00030	99.728426
AG-426-E17	AG-426-E17_a22_gnd00040	99.634774
AG-426-E17	AG-426-E17_a22_gnd00050	99.548246
AG-426-E17	AG-426-E17_a22_gnd00060	99.453291
AG-426-E17	AG-426-E17_a22_gnd00070	99.362332
AG-426-E17	AG-426-E17_a22_gnd00080	99.275804
AG-426-E17	AG-426-E17_a22_gnd00090	99.181457
AG-426-E17	AG-426-E17_a22_gnd001	99.089281
AG-426-E17	AG-426-E17_a22_gnd002	98.180821
AG-426-E17	AG-426-E17_a22_gnd003	97.266367
AG-426-E17	AG-426-E17_a22_gnd004	96.359297
AG-426-E17	AG-426-E17_a22_gnd005	95.453617
AG-426-E17	AG-426-E17_a22_gnd006	94.537513
AG-426-E17	AG-426-E17_a22_gnd007	93.620626
AG-426-E17	AG-426-E17_a22_gnd008	92.694009
AG-426-E17	AG-426-E17_a22_gnd009	91.805183
AG-426-E17	AG-426-E17_a22_gnd010	90.881607
AG-426-E17	AG-426-E17_a22_gnd011	89.974015
AG-426-E17	AG-426-E17_a22_gnd012	89.062602
AG-426-E17	AG-426-E17_a22_gnd013	88.149538
AG-426-E17	AG-426-E17_a22_gnd014	87.234214
AG-426-E17	AG-426-E17_a22_gnd015	86.323583
AG-426-E17	AG-426-E17_a22_gnd016	85.396271
AG-426-E17	AG-426-E17_a22_gnd017	84.498497
AG-426-E17	AG-426-E17_a22_gnd018	83.594467
AG-426-E17	AG-426-E17_a22_gnd019	82.649085
AG-426-E17	AG-426-E17_a22_gnd020	81.740799
AG-426-E17	AG-426-E17_a5_gnd00000	100.000000
AG-426-E17	AG-426-E17_a5_gnd00000_p10_s5	100.000000
AG-426-E17	AG-426-E17_a5_gnd00000_p3_s3	100.000000
AG-426-E17	AG-426-E17_a5_gnd00000_p5_s1	100.000000
AG-426-E17	AG-426-E17_a5_gnd00000_p7_s4	100.000000
AG-426-E17	AG-426-E17_a5_gnd00000_p9_s2	100.000000
AG-426-E17	AG-426-E17_a5_gnd00005	99.953435
AG-426-E17	AG-426-E17_a5_gnd00005_p10_s5	99.953435
AG-426-E17	AG-426-E17_a5_gnd00005_p11_s1	99.953435
AG-426-E17	AG-426-E17_a5_gnd00005_p18_s2	99.953435
AG-426-E17	AG-426-E17_a5_gnd00005_p19_s3	99.953435
AG-426-E17	AG-426-E17_a5_gnd00005_p6_s4	99.953435
AG-426-E17	AG-426-E17_a5_gnd00010	99.909562
AG-426-E17	AG-426-E17_a5_gnd00010_p0_s5	99.909562
AG-426-E17	AG-426-E17_a5_gnd00010_p10_s3	99.909562
AG-426-E17	AG-426-E17_a5_gnd00010_p13_s2	99.909562
AG-426-E17	AG-426-E17_a5_gnd00010_p1_s4	99.909562
AG-426-E17	AG-426-E17_a5_gnd00010_p6_s1	99.909562
AG-426-E17	AG-426-E17_a5_gnd00020	99.817995
AG-426-E17	AG-426-E17_a5_gnd00020_p10_s1	99.817995
AG-426-E17	AG-426-E17_a5_gnd00020_p13_s2	99.817995
AG-426-E17	AG-426-E17_a5_gnd00020_p13_s4	99.817995
AG-426-E17	AG-426-E17_a5_gnd00020_p18_s3	99.817995
AG-426-E17	AG-426-E17_a5_gnd00020_p7_s5	99.817995
AG-426-E17	AG-426-E17_a5_gnd00030	99.728166
AG-426-E17	AG-426-E17_a5_gnd00030_p0_s2	99.728166
AG-426-E17	AG-426-E17_a5_gnd00030_p14_s5	99.728166
AG-426-E17	AG-426-E17_a5_gnd00030_p15_s1	99.728166
AG-426-E17	AG-426-E17_a5_gnd00030_p15_s3	99.728166
AG-426-E17	AG-426-E17_a5_gnd00030_p20_s4	99.728166
AG-426-E17	AG-426-E17_a5_gnd00040	99.635817
AG-426-E17	AG-426-E17_a5_gnd00040_p11_s4	99.635817
AG-426-E17	AG-426-E17_a5_gnd00040_p13_s2	99.635817
AG-426-E17	AG-426-E17_a5_gnd00040_p14_s1	99.635817
AG-426-E17	AG-426-E17_a5_gnd00040_p15_s3	99.635817
AG-426-E17	AG-426-E17_a5_gnd00040_p19_s5	99.635817
AG-426-E17	AG-426-E17_a5_gnd00050	99.542338
AG-426-E17	AG-426-E17_a5_gnd00050_p12_s1	99.542338
AG-426-E17	AG-426-E17_a5_gnd00050_p13_s3	99.542338
AG-426-E17	AG-426-E17_a5_gnd00050_p17_s2	99.542338
AG-426-E17	AG-426-E17_a5_gnd00050_p19_s5	99.542338
AG-426-E17	AG-426-E17_a5_gnd00050_p6_s4	99.542338
AG-426-E17	AG-426-E17_a5_gnd00060	99.453465
AG-426-E17	AG-426-E17_a5_gnd00060_p0_s1	99.453465
AG-426-E17	AG-426-E17_a5_gnd00060_p13_s4	99.453465
AG-426-E17	AG-426-E17_a5_gnd00060_p18_s3	99.453465
AG-426-E17	AG-426-E17_a5_gnd00060_p19_s2	99.453465
AG-426-E17	AG-426-E17_a5_gnd00060_p8_s5	99.453465
AG-426-E17	AG-426-E17_a5_gnd00070	99.361724
AG-426-E17	AG-426-E17_a5_gnd00070_p11_s4	99.361724
AG-426-E17	AG-426-E17_a5_gnd00070_p13_s2	99.361724
AG-426-E17	AG-426-E17_a5_gnd00070_p16_s3	99.361724
AG-426-E17	AG-426-E17_a5_gnd00070_p5_s1	99.361724
AG-426-E17	AG-426-E17_a5_gnd00070_p6_s5	99.361724
AG-426-E17	AG-426-E17_a5_gnd00080	99.269027
AG-426-E17	AG-426-E17_a5_gnd00080_p10_s5	99.269027
AG-426-E17	AG-426-E17_a5_gnd00080_p17_s3	99.269027
AG-426-E17	AG-426-E17_a5_gnd00080_p19_s1	99.269027
AG-426-E17	AG-426-E17_a5_gnd00080_p6_s4	99.269027
AG-426-E17	AG-426-E17_a5_gnd00080_p8_s2	99.269027
AG-426-E17	AG-426-E17_a5_gnd00090	99.182847
AG-426-E17	AG-426-E17_a5_gnd00090_p10_s3	99.182847
AG-426-E17	AG-426-E17_a5_gnd00090_p11_s5	99.182847
AG-426-E17	AG-426-E17_a5_gnd00090_p12_s2	99.182847
AG-426-E17	AG-426-E17_a5_gnd00090_p17_s1	99.182847
AG-426-E17	AG-426-E17_a5_gnd00090_p7_s4	99.182847
AG-426-E17	AG-426-E17_a5_gnd001	99.091888
AG-426-E17	AG-426-E17_a5_gnd001_p0_s5	99.091888
AG-426-E17	AG-426-E17_a5_gnd001_p12_s3	99.091888
AG-426-E17	AG-426-E17_a5_gnd001_p14_s4	99.091888
AG-426-E17	AG-426-E17_a5_gnd001_p19_s2	99.091888
AG-426-E17	AG-426-E17_a5_gnd001_p8_s1	99.091888
AG-426-E17	AG-426-E17_a5_gnd002	98.180561
AG-426-E17	AG-426-E17_a5_gnd002_p14_s3	98.180561
AG-426-E17	AG-426-E17_a5_gnd002_p14_s4	98.180561
AG-426-E17	AG-426-E17_a5_gnd002_p1_s2	98.180561
AG-426-E17	AG-426-E17_a5_gnd002_p20_s5	98.180561
AG-426-E17	AG-426-E17_a5_gnd002_p9_s1	98.180561
AG-426-E17	AG-426-E17_a5_gnd003	97.267149
AG-426-E17	AG-426-E17_a5_gnd003_p13_s5	97.267149
AG-426-E17	AG-426-E17_a5_gnd003_p17_s2	97.267149
AG-426-E17	AG-426-E17_a5_gnd003_p19_s3	97.267149
AG-426-E17	AG-426-E17_a5_gnd003_p7_s1	97.267149
AG-426-E17	AG-426-E17_a5_gnd003_p7_s4	97.267149
AG-426-E17	AG-426-E17_a5_gnd004	96.359905
AG-426-E17	AG-426-E17_a5_gnd004_p17_s3	96.359905
AG-426-E17	AG-426-E17_a5_gnd004_p18_s5	96.359905
AG-426-E17	AG-426-E17_a5_gnd004_p19_s4	96.359905
AG-426-E17	AG-426-E17_a5_gnd004_p1_s2	96.359905
AG-426-E17	AG-426-E17_a5_gnd004_p8_s1	96.359905
AG-426-E17	AG-426-E17_a5_gnd005	95.443801
AG-426-E17	AG-426-E17_a5_gnd005_p14_s1	95.443801
AG-426-E17	AG-426-E17_a5_gnd005_p1_s4	95.443801
AG-426-E17	AG-426-E17_a5_gnd005_p7_s5	95.443801
AG-426-E17	AG-426-E17_a5_gnd005_p8_s2	95.443801
AG-426-E17	AG-426-E17_a5_gnd005_p9_s3	95.443801
AG-426-E17	AG-426-E17_a5_gnd006	94.537339
AG-426-E17	AG-426-E17_a5_gnd006_p10_s3	94.537339
AG-426-E17	AG-426-E17_a5_gnd006_p11_s1	94.537339
AG-426-E17	AG-426-E17_a5_gnd006_p13_s4	94.537339
AG-426-E17	AG-426-E17_a5_gnd006_p14_s5	94.537339
AG-426-E17	AG-426-E17_a5_gnd006_p15_s2	94.537339
AG-426-E17	AG-426-E17_a5_gnd007	93.621755
AG-426-E17	AG-426-E17_a5_gnd007_p13_s1	93.621755
AG-426-E17	AG-426-E17_a5_gnd007_p14_s5	93.621755
AG-426-E17	AG-426-E17_a5_gnd007_p16_s3	93.621755
AG-426-E17	AG-426-E17_a5_gnd007_p18_s2	93.621755
AG-426-E17	AG-426-E17_a5_gnd007_p6_s4	93.621755
AG-426-E17	AG-426-E17_a5_gnd008	92.708430
AG-426-E17	AG-426-E17_a5_gnd008_p10_s1	92.708430
AG-426-E17	AG-426-E17_a5_gnd008_p10_s2	92.708430
AG-426-E17	AG-426-E17_a5_gnd008_p17_s3	92.708430
AG-426-E17	AG-426-E17_a5_gnd008_p20_s5	92.708430
AG-426-E17	AG-426-E17_a5_gnd008_p8_s4	92.708430
AG-426-E17	AG-426-E17_a5_gnd009	91.811351
AG-426-E17	AG-426-E17_a5_gnd009_p0_s5	91.811351
AG-426-E17	AG-426-E17_a5_gnd009_p10_s3	91.811351
AG-426-E17	AG-426-E17_a5_gnd009_p14_s4	91.811351
AG-426-E17	AG-426-E17_a5_gnd009_p15_s1	91.811351
AG-426-E17	AG-426-E17_a5_gnd009_p20_s2	91.811351
AG-426-E17	AG-426-E17_a5_gnd010	90.893422
AG-426-E17	AG-426-E17_a5_gnd010_p19_s3	90.893422
AG-426-E17	AG-426-E17_a5_gnd010_p19_s5	90.893422
AG-426-E17	AG-426-E17_a5_gnd010_p20_s2	90.893422
AG-426-E17	AG-426-E17_a5_gnd010_p7_s4	90.893422
AG-426-E17	AG-426-E17_a5_gnd010_p8_s1	90.893422
AG-426-E17	AG-426-E17_a5_gnd011	89.978099
AG-426-E17	AG-426-E17_a5_gnd011_p0_s5	89.978099
AG-426-E17	AG-426-E17_a5_gnd011_p15_s4	89.978099
AG-426-E17	AG-426-E17_a5_gnd011_p16_s2	89.978099
AG-426-E17	AG-426-E17_a5_gnd011_p8_s3	89.978099
AG-426-E17	AG-426-E17_a5_gnd011_p9_s1	89.978099
AG-426-E17	AG-426-E17_a5_gnd012	89.067032
AG-426-E17	AG-426-E17_a5_gnd012_p0_s2	89.067032
AG-426-E17	AG-426-E17_a5_gnd012_p11_s3	89.067032
AG-426-E17	AG-426-E17_a5_gnd012_p17_s5	89.067032
AG-426-E17	AG-426-E17_a5_gnd012_p19_s4	89.067032
AG-426-E17	AG-426-E17_a5_gnd012_p6_s1	89.067032
AG-426-E17	AG-426-E17_a5_gnd013	88.149451
AG-426-E17	AG-426-E17_a5_gnd013_p10_s1	88.149451
AG-426-E17	AG-426-E17_a5_gnd013_p13_s3	88.149451
AG-426-E17	AG-426-E17_a5_gnd013_p17_s4	88.149451
AG-426-E17	AG-426-E17_a5_gnd013_p20_s2	88.149451
AG-426-E17	AG-426-E17_a5_gnd013_p7_s5	88.149451
AG-426-E17	AG-426-E17_a5_gnd014	87.242902
AG-426-E17	AG-426-E17_a5_gnd014_p0_s3	87.242902
AG-426-E17	AG-426-E17_a5_gnd014_p10_s2	87.242902
AG-426-E17	AG-426-E17_a5_gnd014_p11_s1	87.242902
AG-426-E17	AG-426-E17_a5_gnd014_p11_s4	87.242902
AG-426-E17	AG-426-E17_a5_gnd014_p19_s5	87.242902
AG-426-E17	AG-426-E17_a5_gnd015	86.314721
AG-426-E17	AG-426-E17_a5_gnd015_p13_s2	86.314721
AG-426-E17	AG-426-E17_a5_gnd015_p1_s5	86.314721
AG-426-E17	AG-426-E17_a5_gnd015_p6_s4	86.314721
AG-426-E17	AG-426-E17_a5_gnd015_p8_s3	86.314721
AG-426-E17	AG-426-E17_a5_gnd015_p9_s1	86.314721
AG-426-E17	AG-426-E17_a5_gnd016	85.412343
AG-426-E17	AG-426-E17_a5_gnd016_p10_s4	85.412343
AG-426-E17	AG-426-E17_a5_gnd016_p11_s3	85.412343
AG-426-E17	AG-426-E17_a5_gnd016_p17_s5	85.412343
AG-426-E17	AG-426-E17_a5_gnd016_p4_s1	85.412343
AG-426-E17	AG-426-E17_a5_gnd016_p7_s2	85.412343
AG-426-E17	AG-426-E17_a5_gnd017	84.488680
AG-426-E17	AG-426-E17_a5_gnd017_p11_s2	84.488680
AG-426-E17	AG-426-E17_a5_gnd017_p14_s3	84.488680
AG-426-E17	AG-426-E17_a5_gnd017_p18_s4	84.488680
AG-426-E17	AG-426-E17_a5_gnd017_p20_s1	84.488680
AG-426-E17	AG-426-E17_a5_gnd017_p7_s5	84.488680
AG-426-E17	AG-426-E17_a5_gnd018	83.575528
AG-426-E17	AG-426-E17_a5_gnd018_p13_s3	83.575528
AG-426-E17	AG-426-E17_a5_gnd018_p16_s5	83.575528
AG-426-E17	AG-426-E17_a5_gnd018_p19_s4	83.575528
AG-426-E17	AG-426-E17_a5_gnd018_p20_s1	83.575528
AG-426-E17	AG-426-E17_a5_gnd018_p7_s2	83.575528
AG-426-E17	AG-426-E17_a5_gnd019	82.668719
AG-426-E17	AG-426-E17_a5_gnd019_p0_s4	82.668719
AG-426-E17	AG-426-E17_a5_gnd019_p11_s2	82.668719
AG-426-E17	AG-426-E17_a5_gnd019_p11_s5	82.668719
AG-426-E17	AG-426-E17_a5_gnd019_p13_s1	82.668719
AG-426-E17	AG-426-E17_a5_gnd019_p17_s3	82.668719
AG-426-E17	AG-426-E17_a5_gnd020	81.747749
AG-426-E17	AG-426-E17_a5_gnd020_p0_s5	81.747749
AG-426-E17	AG-426-E17_a5_gnd020_p12_s3	81.747749
AG-426-E17	AG-426-E17_a5_gnd020_p13_s4	81.747749
AG-426-E17	AG-426-E17_a5_gnd020_p14_s1	81.747749
AG-426-E17	AG-426-E17_a5_gnd020_p20_s2	81.747749
AG-435-F03	AG-435-F03_a22_gnd00000	100.000000
AG-435-F03	AG-435-F03_a22_gnd00005	99.954710
AG-435-F03	AG-435-F03_a22_gnd00010	99.908451
AG-435-F03	AG-435-F03_a22_gnd00020	99.819742
AG-435-F03	AG-435-F03_a22_gnd00030	99.726324
AG-435-F03	AG-435-F03_a22_gnd00040	99.638238
AG-435-F03	AG-435-F03_a22_gnd00050	99.546966
AG-435-F03	AG-435-F03_a22_gnd00060	99.455764
AG-435-F03	AG-435-F03_a22_gnd00070	99.366639
AG-435-F03	AG-435-F03_a22_gnd00080	99.276684
AG-435-F03	AG-435-F03_a22_gnd00090	99.184927
AG-435-F03	AG-435-F03_a22_gnd001	99.093587
AG-435-F03	AG-435-F03_a22_gnd002	98.190843
AG-435-F03	AG-435-F03_a22_gnd003	97.279929
AG-435-F03	AG-435-F03_a22_gnd004	96.373861
AG-435-F03	AG-435-F03_a22_gnd005	95.477212
AG-435-F03	AG-435-F03_a22_gnd006	94.566436
AG-435-F03	AG-435-F03_a22_gnd007	93.659469
AG-435-F03	AG-435-F03_a22_gnd008	92.750631
AG-435-F03	AG-435-F03_a22_gnd009	91.844841
AG-435-F03	AG-435-F03_a22_gnd010	90.938982
AG-435-F03	AG-435-F03_a22_gnd011	90.025228
AG-435-F03	AG-435-F03_a22_gnd012	89.121238
AG-435-F03	AG-435-F03_a22_gnd013	88.220780
AG-435-F03	AG-435-F03_a22_gnd014	87.316998
AG-435-F03	AG-435-F03_a22_gnd015	86.406360
AG-435-F03	AG-435-F03_a22_gnd016	85.489560
AG-435-F03	AG-435-F03_a22_gnd017	84.597550
AG-435-F03	AG-435-F03_a22_gnd018	83.689198
AG-435-F03	AG-435-F03_a22_gnd019	82.773505
AG-435-F03	AG-435-F03_a22_gnd020	81.863282
AG-435-F03	AG-435-F03_a5_gnd00000	100.000000
AG-435-F03	AG-435-F03_a5_gnd00000_p0_s5	100.000000
AG-435-F03	AG-435-F03_a5_gnd00000_p10_s2	100.000000
AG-435-F03	AG-435-F03_a5_gnd00000_p15_s3	100.000000
AG-435-F03	AG-435-F03_a5_gnd00000_p17_s1	100.000000
AG-435-F03	AG-435-F03_a5_gnd00000_p20_s4	100.000000
AG-435-F03	AG-435-F03_a5_gnd00005	99.954780
AG-435-F03	AG-435-F03_a5_gnd00005_p13_s2	99.954780
AG-435-F03	AG-435-F03_a5_gnd00005_p16_s4	99.954780
AG-435-F03	AG-435-F03_a5_gnd00005_p17_s1	99.954780
AG-435-F03	AG-435-F03_a5_gnd00005_p2_s3	99.954780
AG-435-F03	AG-435-F03_a5_gnd00005_p8_s5	99.954780
AG-435-F03	AG-435-F03_a5_gnd00010	99.909213
AG-435-F03	AG-435-F03_a5_gnd00010_p15_s5	99.909213
AG-435-F03	AG-435-F03_a5_gnd00010_p18_s3	99.909213
AG-435-F03	AG-435-F03_a5_gnd00010_p19_s4	99.909213
AG-435-F03	AG-435-F03_a5_gnd00010_p5_s1	99.909213
AG-435-F03	AG-435-F03_a5_gnd00010_p7_s2	99.909213
AG-435-F03	AG-435-F03_a5_gnd00020	99.818842
AG-435-F03	AG-435-F03_a5_gnd00020_p13_s2	99.818842
AG-435-F03	AG-435-F03_a5_gnd00020_p17_s4	99.818842
AG-435-F03	AG-435-F03_a5_gnd00020_p17_s5	99.818842
AG-435-F03	AG-435-F03_a5_gnd00020_p2_s3	99.818842
AG-435-F03	AG-435-F03_a5_gnd00020_p7_s1	99.818842
AG-435-F03	AG-435-F03_a5_gnd00030	99.730063
AG-435-F03	AG-435-F03_a5_gnd00030_p11_s1	99.730063
AG-435-F03	AG-435-F03_a5_gnd00030_p13_s4	99.730063
AG-435-F03	AG-435-F03_a5_gnd00030_p14_s3	99.730063
AG-435-F03	AG-435-F03_a5_gnd00030_p18_s5	99.730063
AG-435-F03	AG-435-F03_a5_gnd00030_p7_s2	99.730063
AG-435-F03	AG-435-F03_a5_gnd00040	99.637545
AG-435-F03	AG-435-F03_a5_gnd00040_p10_s2	99.637545
AG-435-F03	AG-435-F03_a5_gnd00040_p18_s5	99.637545
AG-435-F03	AG-435-F03_a5_gnd00040_p20_s3	99.637545
AG-435-F03	AG-435-F03_a5_gnd00040_p3_s4	99.637545
AG-435-F03	AG-435-F03_a5_gnd00040_p7_s1	99.637545
AG-435-F03	AG-435-F03_a5_gnd00050	99.544404
AG-435-F03	AG-435-F03_a5_gnd00050_p11_s2	99.544404
AG-435-F03	AG-435-F03_a5_gnd00050_p16_s3	99.544404
AG-435-F03	AG-435-F03_a5_gnd00050_p18_s1	99.544404
AG-435-F03	AG-435-F03_a5_gnd00050_p18_s4	99.544404
AG-435-F03	AG-435-F03_a5_gnd00050_p4_s5	99.544404
AG-435-F03	AG-435-F03_a5_gnd00060	99.457634
AG-435-F03	AG-435-F03_a5_gnd00060_p14_s2	99.457634
AG-435-F03	AG-435-F03_a5_gnd00060_p19_s4	99.457634
AG-435-F03	AG-435-F03_a5_gnd00060_p20_s3	99.457634
AG-435-F03	AG-435-F03_a5_gnd00060_p6_s1	99.457634
AG-435-F03	AG-435-F03_a5_gnd00060_p7_s5	99.457634
AG-435-F03	AG-435-F03_a5_gnd00070	99.363731
AG-435-F03	AG-435-F03_a5_gnd00070_p10_s2	99.363731
AG-435-F03	AG-435-F03_a5_gnd00070_p14_s1	99.363731
AG-435-F03	AG-435-F03_a5_gnd00070_p18_s4	99.363731
AG-435-F03	AG-435-F03_a5_gnd00070_p20_s5	99.363731
AG-435-F03	AG-435-F03_a5_gnd00070_p4_s3	99.363731
AG-435-F03	AG-435-F03_a5_gnd00080	99.274329
AG-435-F03	AG-435-F03_a5_gnd00080_p0_s4	99.274329
AG-435-F03	AG-435-F03_a5_gnd00080_p11_s5	99.274329
AG-435-F03	AG-435-F03_a5_gnd00080_p20_s1	99.274329
AG-435-F03	AG-435-F03_a5_gnd00080_p7_s2	99.274329
AG-435-F03	AG-435-F03_a5_gnd00080_p7_s3	99.274329
AG-435-F03	AG-435-F03_a5_gnd00090	99.184096
AG-435-F03	AG-435-F03_a5_gnd00090_p17_s1	99.184096
AG-435-F03	AG-435-F03_a5_gnd00090_p17_s3	99.184096
AG-435-F03	AG-435-F03_a5_gnd00090_p20_s4	99.184096
AG-435-F03	AG-435-F03_a5_gnd00090_p5_s2	99.184096
AG-435-F03	AG-435-F03_a5_gnd00090_p8_s5	99.184096
AG-435-F03	AG-435-F03_a5_gnd001	99.096703
AG-435-F03	AG-435-F03_a5_gnd001_p13_s4	99.096703
AG-435-F03	AG-435-F03_a5_gnd001_p14_s3	99.096703
AG-435-F03	AG-435-F03_a5_gnd001_p19_s5	99.096703
AG-435-F03	AG-435-F03_a5_gnd001_p4_s1	99.096703
AG-435-F03	AG-435-F03_a5_gnd001_p9_s2	99.096703
AG-435-F03	AG-435-F03_a5_gnd002	98.191813
AG-435-F03	AG-435-F03_a5_gnd002_p10_s5	98.191813
AG-435-F03	AG-435-F03_a5_gnd002_p11_s2	98.191813
AG-435-F03	AG-435-F03_a5_gnd002_p13_s1	98.191813
AG-435-F03	AG-435-F03_a5_gnd002_p19_s3	98.191813
AG-435-F03	AG-435-F03_a5_gnd002_p9_s4	98.191813
AG-435-F03	AG-435-F03_a5_gnd003	97.287546
AG-435-F03	AG-435-F03_a5_gnd003_p10_s5	97.287546
AG-435-F03	AG-435-F03_a5_gnd003_p12_s1	97.287546
AG-435-F03	AG-435-F03_a5_gnd003_p19_s3	97.287546
AG-435-F03	AG-435-F03_a5_gnd003_p19_s4	97.287546
AG-435-F03	AG-435-F03_a5_gnd003_p4_s2	97.287546
AG-435-F03	AG-435-F03_a5_gnd004	96.380786
AG-435-F03	AG-435-F03_a5_gnd004_p10_s3	96.380786
AG-435-F03	AG-435-F03_a5_gnd004_p13_s4	96.380786
AG-435-F03	AG-435-F03_a5_gnd004_p17_s5	96.380786
AG-435-F03	AG-435-F03_a5_gnd004_p18_s1	96.380786
AG-435-F03	AG-435-F03_a5_gnd004_p20_s2	96.380786
AG-435-F03	AG-435-F03_a5_gnd005	95.475412
AG-435-F03	AG-435-F03_a5_gnd005_p19_s1	95.475412
AG-435-F03	AG-435-F03_a5_gnd005_p19_s5	95.475412
AG-435-F03	AG-435-F03_a5_gnd005_p20_s2	95.475412
AG-435-F03	AG-435-F03_a5_gnd005_p5_s4	95.475412
AG-435-F03	AG-435-F03_a5_gnd005_p9_s3	95.475412
AG-435-F03	AG-435-F03_a5_gnd006	94.568998
AG-435-F03	AG-435-F03_a5_gnd006_p10_s3	94.568998
AG-435-F03	AG-435-F03_a5_gnd006_p10_s5	94.568998
AG-435-F03	AG-435-F03_a5_gnd006_p16_s2	94.568998
AG-435-F03	AG-435-F03_a5_gnd006_p3_s4	94.568998
AG-435-F03	AG-435-F03_a5_gnd006_p6_s1	94.568998
AG-435-F03	AG-435-F03_a5_gnd007	93.654206
AG-435-F03	AG-435-F03_a5_gnd007_p11_s1	93.654206
AG-435-F03	AG-435-F03_a5_gnd007_p17_s5	93.654206
AG-435-F03	AG-435-F03_a5_gnd007_p18_s3	93.654206
AG-435-F03	AG-435-F03_a5_gnd007_p19_s4	93.654206
AG-435-F03	AG-435-F03_a5_gnd007_p6_s2	93.654206
AG-435-F03	AG-435-F03_a5_gnd008	92.742183
AG-435-F03	AG-435-F03_a5_gnd008_p14_s4	92.742183
AG-435-F03	AG-435-F03_a5_gnd008_p15_s5	92.742183
AG-435-F03	AG-435-F03_a5_gnd008_p16_s3	92.742183
AG-435-F03	AG-435-F03_a5_gnd008_p4_s1	92.742183
AG-435-F03	AG-435-F03_a5_gnd008_p9_s2	92.742183
AG-435-F03	AG-435-F03_a5_gnd009	91.854467
AG-435-F03	AG-435-F03_a5_gnd009_p11_s3	91.854467
AG-435-F03	AG-435-F03_a5_gnd009_p16_s1	91.854467
AG-435-F03	AG-435-F03_a5_gnd009_p7_s2	91.854467
AG-435-F03	AG-435-F03_a5_gnd009_p8_s4	91.854467
AG-435-F03	AG-435-F03_a5_gnd009_p8_s5	91.854467
AG-435-F03	AG-435-F03_a5_gnd010	90.938843
AG-435-F03	AG-435-F03_a5_gnd010_p16_s1	90.938843
AG-435-F03	AG-435-F03_a5_gnd010_p16_s4	90.938843
AG-435-F03	AG-435-F03_a5_gnd010_p20_s2	90.938843
AG-435-F03	AG-435-F03_a5_gnd010_p2_s3	90.938843
AG-435-F03	AG-435-F03_a5_gnd010_p7_s5	90.938843
AG-435-F03	AG-435-F03_a5_gnd011	90.037208
AG-435-F03	AG-435-F03_a5_gnd011_p10_s1	90.037208
AG-435-F03	AG-435-F03_a5_gnd011_p11_s5	90.037208
AG-435-F03	AG-435-F03_a5_gnd011_p14_s3	90.037208
AG-435-F03	AG-435-F03_a5_gnd011_p19_s4	90.037208
AG-435-F03	AG-435-F03_a5_gnd011_p4_s2	90.037208
AG-435-F03	AG-435-F03_a5_gnd012	89.129133
AG-435-F03	AG-435-F03_a5_gnd012_p10_s5	89.129133
AG-435-F03	AG-435-F03_a5_gnd012_p13_s4	89.129133
AG-435-F03	AG-435-F03_a5_gnd012_p16_s3	89.129133
AG-435-F03	AG-435-F03_a5_gnd012_p4_s1	89.129133
AG-435-F03	AG-435-F03_a5_gnd012_p8_s2	89.129133
AG-435-F03	AG-435-F03_a5_gnd013	88.203814
AG-435-F03	AG-435-F03_a5_gnd013_p13_s5	88.203814
AG-435-F03	AG-435-F03_a5_gnd013_p14_s2	88.203814
AG-435-F03	AG-435-F03_a5_gnd013_p18_s1	88.203814
AG-435-F03	AG-435-F03_a5_gnd013_p20_s3	88.203814
AG-435-F03	AG-435-F03_a5_gnd013_p20_s4	88.203814
AG-435-F03	AG-435-F03_a5_gnd014	87.307857
AG-435-F03	AG-435-F03_a5_gnd014_p10_s4	87.307857
AG-435-F03	AG-435-F03_a5_gnd014_p14_s2	87.307857
AG-435-F03	AG-435-F03_a5_gnd014_p16_s3	87.307857
AG-435-F03	AG-435-F03_a5_gnd014_p19_s1	87.307857
AG-435-F03	AG-435-F03_a5_gnd014_p19_s5	87.307857
AG-435-F03	AG-435-F03_a5_gnd015	86.393826
AG-435-F03	AG-435-F03_a5_gnd015_p0_s3	86.393826
AG-435-F03	AG-435-F03_a5_gnd015_p15_s4	86.393826
AG-435-F03	AG-435-F03_a5_gnd015_p16_s2	86.393826
AG-435-F03	AG-435-F03_a5_gnd015_p17_s1	86.393826
AG-435-F03	AG-435-F03_a5_gnd015_p18_s5	86.393826
AG-435-F03	AG-435-F03_a5_gnd016	85.503479
AG-435-F03	AG-435-F03_a5_gnd016_p10_s3	85.503479
AG-435-F03	AG-435-F03_a5_gnd016_p10_s4	85.503479
AG-435-F03	AG-435-F03_a5_gnd016_p13_s2	85.503479
AG-435-F03	AG-435-F03_a5_gnd016_p15_s1	85.503479
AG-435-F03	AG-435-F03_a5_gnd016_p17_s5	85.503479
AG-435-F03	AG-435-F03_a5_gnd017	84.582454
AG-435-F03	AG-435-F03_a5_gnd017_p10_s5	84.582454
AG-435-F03	AG-435-F03_a5_gnd017_p11_s4	84.582454
AG-435-F03	AG-435-F03_a5_gnd017_p13_s2	84.582454
AG-435-F03	AG-435-F03_a5_gnd017_p16_s3	84.582454
AG-435-F03	AG-435-F03_a5_gnd017_p20_s1	84.582454
AG-435-F03	AG-435-F03_a5_gnd018	83.666553
AG-435-F03	AG-435-F03_a5_gnd018_p10_s2	83.666553
AG-435-F03	AG-435-F03_a5_gnd018_p10_s4	83.666553
AG-435-F03	AG-435-F03_a5_gnd018_p19_s5	83.666553
AG-435-F03	AG-435-F03_a5_gnd018_p4_s3	83.666553
AG-435-F03	AG-435-F03_a5_gnd018_p9_s1	83.666553
AG-435-F03	AG-435-F03_a5_gnd019	82.753699
AG-435-F03	AG-435-F03_a5_gnd019_p13_s2	82.753699
AG-435-F03	AG-435-F03_a5_gnd019_p14_s3	82.753699
AG-435-F03	AG-435-F03_a5_gnd019_p5_s5	82.753699
AG-435-F03	AG-435-F03_a5_gnd019_p7_s4	82.753699
AG-435-F03	AG-435-F03_a5_gnd019_p8_s1	82.753699
AG-435-F03	AG-435-F03_a5_gnd020	81.852133
AG-435-F03	AG-435-F03_a5_gnd020_p18_s2	81.852133
AG-435-F03	AG-435-F03_a5_gnd020_p18_s5	81.852133
AG-435-F03	AG-435-F03_a5_gnd020_p19_s1	81.852133
AG-435-F03	AG-435-F03_a5_gnd020_p20_s3	81.852133
AG-435-F03	AG-435-F03_a5_gnd020_p20_s4	81.852133
AG-891-G05	AG-891-G05_a22_gnd00000	100.000000
AG-891-G05	AG-891-G05_a22_gnd00005	99.954510
AG-891-G05	AG-891-G05_a22_gnd00010	99.910228
AG-891-G05	AG-891-G05_a22_gnd00020	99.817960
AG-891-G05	AG-891-G05_a22_gnd00030	99.729557
AG-891-G05	AG-891-G05_a22_gnd00040	99.636886
AG-891-G05	AG-891-G05_a22_gnd00050	99.551784
AG-891-G05	AG-891-G05_a22_gnd00060	99.458066
AG-891-G05	AG-891-G05_a22_gnd00070	99.365557
AG-891-G05	AG-891-G05_a22_gnd00080	99.276026
AG-891-G05	AG-891-G05_a22_gnd00090	99.184241
AG-891-G05	AG-891-G05_a22_gnd001	99.096241
AG-891-G05	AG-891-G05_a22_gnd002	98.187248
AG-891-G05	AG-891-G05_a22_gnd003	97.290493
AG-891-G05	AG-891-G05_a22_gnd004	96.382225
AG-891-G05	AG-891-G05_a22_gnd005	95.483215
AG-891-G05	AG-891-G05_a22_gnd006	94.567460
AG-891-G05	AG-891-G05_a22_gnd007	93.668289
AG-891-G05	AG-891-G05_a22_gnd008	92.764852
AG-891-G05	AG-891-G05_a22_gnd009	91.856584
AG-891-G05	AG-891-G05_a22_gnd010	90.951133
AG-891-G05	AG-891-G05_a22_gnd011	90.048743
AG-891-G05	AG-891-G05_a22_gnd012	89.132906
AG-891-G05	AG-891-G05_a22_gnd013	88.227053
AG-891-G05	AG-891-G05_a22_gnd014	87.329896
AG-891-G05	AG-891-G05_a22_gnd015	86.424848
AG-891-G05	AG-891-G05_a22_gnd016	85.509173
AG-891-G05	AG-891-G05_a22_gnd017	84.604125
AG-891-G05	AG-891-G05_a22_gnd018	83.704713
AG-891-G05	AG-891-G05_a22_gnd019	82.788716
AG-891-G05	AG-891-G05_a22_gnd020	81.876503
AG-891-G05	AG-891-G05_a5_gnd00000	100.000000
AG-891-G05	AG-891-G05_a5_gnd00000_p10_s5	100.000000
AG-891-G05	AG-891-G05_a5_gnd00000_p13_s3	100.000000
AG-891-G05	AG-891-G05_a5_gnd00000_p15_s4	100.000000
AG-891-G05	AG-891-G05_a5_gnd00000_p16_s2	100.000000
AG-891-G05	AG-891-G05_a5_gnd00000_p19_s1	100.000000
AG-891-G05	AG-891-G05_a5_gnd00005	99.954510
AG-891-G05	AG-891-G05_a5_gnd00005_p12_s1	99.954510
AG-891-G05	AG-891-G05_a5_gnd00005_p12_s4	99.954510
AG-891-G05	AG-891-G05_a5_gnd00005_p13_s2	99.954510
AG-891-G05	AG-891-G05_a5_gnd00005_p20_s5	99.954510
AG-891-G05	AG-891-G05_a5_gnd00005_p7_s3	99.954510
AG-891-G05	AG-891-G05_a5_gnd00010	99.910550
AG-891-G05	AG-891-G05_a5_gnd00010_p12_s3	99.910550
AG-891-G05	AG-891-G05_a5_gnd00010_p13_s1	99.910550
AG-891-G05	AG-891-G05_a5_gnd00010_p13_s4	99.910550
AG-891-G05	AG-891-G05_a5_gnd00010_p14_s2	99.910550
AG-891-G05	AG-891-G05_a5_gnd00010_p16_s5	99.910550
AG-891-G05	AG-891-G05_a5_gnd00020	99.819409
AG-891-G05	AG-891-G05_a5_gnd00020_p10_s5	99.819409
AG-891-G05	AG-891-G05_a5_gnd00020_p11_s2	99.819409
AG-891-G05	AG-891-G05_a5_gnd00020_p15_s1	99.819409
AG-891-G05	AG-891-G05_a5_gnd00020_p18_s4	99.819409
AG-891-G05	AG-891-G05_a5_gnd00020_p5_s3	99.819409
AG-891-G05	AG-891-G05_a5_gnd00030	99.728510
AG-891-G05	AG-891-G05_a5_gnd00030_p11_s4	99.728510
AG-891-G05	AG-891-G05_a5_gnd00030_p15_s2	99.728510
AG-891-G05	AG-891-G05_a5_gnd00030_p17_s5	99.728510
AG-891-G05	AG-891-G05_a5_gnd00030_p18_s3	99.728510
AG-891-G05	AG-891-G05_a5_gnd00030_p20_s1	99.728510
AG-891-G05	AG-891-G05_a5_gnd00040	99.638174
AG-891-G05	AG-891-G05_a5_gnd00040_p15_s5	99.638174
AG-891-G05	AG-891-G05_a5_gnd00040_p17_s2	99.638174
AG-891-G05	AG-891-G05_a5_gnd00040_p18_s1	99.638174
AG-891-G05	AG-891-G05_a5_gnd00040_p19_s3	99.638174
AG-891-G05	AG-891-G05_a5_gnd00040_p9_s4	99.638174
AG-891-G05	AG-891-G05_a5_gnd00050	99.549368
AG-891-G05	AG-891-G05_a5_gnd00050_p0_s3	99.549368
AG-891-G05	AG-891-G05_a5_gnd00050_p2_s5	99.549368
AG-891-G05	AG-891-G05_a5_gnd00050_p4_s2	99.549368
AG-891-G05	AG-891-G05_a5_gnd00050_p7_s1	99.549368
AG-891-G05	AG-891-G05_a5_gnd00050_p7_s4	99.549368
AG-891-G05	AG-891-G05_a5_gnd00060	99.457422
AG-891-G05	AG-891-G05_a5_gnd00060_p14_s2	99.457422
AG-891-G05	AG-891-G05_a5_gnd00060_p16_s4	99.457422
AG-891-G05	AG-891-G05_a5_gnd00060_p18_s3	99.457422
AG-891-G05	AG-891-G05_a5_gnd00060_p18_s5	99.457422
AG-891-G05	AG-891-G05_a5_gnd00060_p7_s1	99.457422
AG-891-G05	AG-891-G05_a5_gnd00070	99.366684
AG-891-G05	AG-891-G05_a5_gnd00070_p12_s1	99.366684
AG-891-G05	AG-891-G05_a5_gnd00070_p13_s4	99.366684
AG-891-G05	AG-891-G05_a5_gnd00070_p13_s5	99.366684
AG-891-G05	AG-891-G05_a5_gnd00070_p14_s3	99.366684
AG-891-G05	AG-891-G05_a5_gnd00070_p20_s2	99.366684
AG-891-G05	AG-891-G05_a5_gnd00080	99.275221
AG-891-G05	AG-891-G05_a5_gnd00080_p0_s3	99.275221
AG-891-G05	AG-891-G05_a5_gnd00080_p13_s1	99.275221
AG-891-G05	AG-891-G05_a5_gnd00080_p18_s4	99.275221
AG-891-G05	AG-891-G05_a5_gnd00080_p19_s5	99.275221
AG-891-G05	AG-891-G05_a5_gnd00080_p6_s2	99.275221
AG-891-G05	AG-891-G05_a5_gnd00090	99.186335
AG-891-G05	AG-891-G05_a5_gnd00090_p10_s4	99.186335
AG-891-G05	AG-891-G05_a5_gnd00090_p10_s5	99.186335
AG-891-G05	AG-891-G05_a5_gnd00090_p11_s2	99.186335
AG-891-G05	AG-891-G05_a5_gnd00090_p7_s3	99.186335
AG-891-G05	AG-891-G05_a5_gnd00090_p9_s1	99.186335
AG-891-G05	AG-891-G05_a5_gnd001	99.096965
AG-891-G05	AG-891-G05_a5_gnd001_p0_s1	99.096965
AG-891-G05	AG-891-G05_a5_gnd001_p0_s3	99.096965
AG-891-G05	AG-891-G05_a5_gnd001_p14_s5	99.096965
AG-891-G05	AG-891-G05_a5_gnd001_p18_s2	99.096965
AG-891-G05	AG-891-G05_a5_gnd001_p9_s4	99.096965
AG-891-G05	AG-891-G05_a5_gnd002	98.193930
AG-891-G05	AG-891-G05_a5_gnd002_p12_s3	98.193930
AG-891-G05	AG-891-G05_a5_gnd002_p14_s1	98.193930
AG-891-G05	AG-891-G05_a5_gnd002_p19_s4	98.193930
AG-891-G05	AG-891-G05_a5_gnd002_p20_s5	98.193930
AG-891-G05	AG-891-G05_a5_gnd002_p3_s2	98.193930
AG-891-G05	AG-891-G05_a5_gnd003	97.296370
AG-891-G05	AG-891-G05_a5_gnd003_p14_s4	97.296370
AG-891-G05	AG-891-G05_a5_gnd003_p15_s1	97.296370
AG-891-G05	AG-891-G05_a5_gnd003_p17_s3	97.296370
AG-891-G05	AG-891-G05_a5_gnd003_p20_s5	97.296370
AG-891-G05	AG-891-G05_a5_gnd003_p5_s2	97.296370
AG-891-G05	AG-891-G05_a5_gnd004	96.378602
AG-891-G05	AG-891-G05_a5_gnd004_p0_s5	96.378602
AG-891-G05	AG-891-G05_a5_gnd004_p12_s3	96.378602
AG-891-G05	AG-891-G05_a5_gnd004_p18_s1	96.378602
AG-891-G05	AG-891-G05_a5_gnd004_p4_s4	96.378602
AG-891-G05	AG-891-G05_a5_gnd004_p8_s2	96.378602
AG-891-G05	AG-891-G05_a5_gnd005	95.481203
AG-891-G05	AG-891-G05_a5_gnd005_p13_s1	95.481203
AG-891-G05	AG-891-G05_a5_gnd005_p15_s5	95.481203
AG-891-G05	AG-891-G05_a5_gnd005_p4_s3	95.481203
AG-891-G05	AG-891-G05_a5_gnd005_p5_s4	95.481203
AG-891-G05	AG-891-G05_a5_gnd005_p7_s2	95.481203
AG-891-G05	AG-891-G05_a5_gnd006	94.563997
AG-891-G05	AG-891-G05_a5_gnd006_p15_s4	94.563997
AG-891-G05	AG-891-G05_a5_gnd006_p18_s3	94.563997
AG-891-G05	AG-891-G05_a5_gnd006_p7_s1	94.563997
AG-891-G05	AG-891-G05_a5_gnd006_p7_s2	94.563997
AG-891-G05	AG-891-G05_a5_gnd006_p8_s5	94.563997
AG-891-G05	AG-891-G05_a5_gnd007	93.664747
AG-891-G05	AG-891-G05_a5_gnd007_p0_s1	93.664747
AG-891-G05	AG-891-G05_a5_gnd007_p18_s3	93.664747
AG-891-G05	AG-891-G05_a5_gnd007_p19_s2	93.664747
AG-891-G05	AG-891-G05_a5_gnd007_p19_s5	93.664747
AG-891-G05	AG-891-G05_a5_gnd007_p6_s4	93.664747
AG-891-G05	AG-891-G05_a5_gnd008	92.753258
AG-891-G05	AG-891-G05_a5_gnd008_p0_s1	92.753258
AG-891-G05	AG-891-G05_a5_gnd008_p10_s3	92.753258
AG-891-G05	AG-891-G05_a5_gnd008_p12_s4	92.753258
AG-891-G05	AG-891-G05_a5_gnd008_p14_s2	92.753258
AG-891-G05	AG-891-G05_a5_gnd008_p17_s5	92.753258
AG-891-G05	AG-891-G05_a5_gnd009	91.855617
AG-891-G05	AG-891-G05_a5_gnd009_p0_s5	91.855617
AG-891-G05	AG-891-G05_a5_gnd009_p13_s2	91.855617
AG-891-G05	AG-891-G05_a5_gnd009_p15_s1	91.855617
AG-891-G05	AG-891-G05_a5_gnd009_p18_s3	91.855617
AG-891-G05	AG-891-G05_a5_gnd009_p8_s4	91.855617
AG-891-G05	AG-891-G05_a5_gnd010	90.955562
AG-891-G05	AG-891-G05_a5_gnd010_p14_s3	90.955562
AG-891-G05	AG-891-G05_a5_gnd010_p16_s2	90.955562
AG-891-G05	AG-891-G05_a5_gnd010_p17_s5	90.955562
AG-891-G05	AG-891-G05_a5_gnd010_p20_s4	90.955562
AG-891-G05	AG-891-G05_a5_gnd010_p9_s1	90.955562
AG-891-G05	AG-891-G05_a5_gnd011	90.042060
AG-891-G05	AG-891-G05_a5_gnd011_p12_s1	90.042060
AG-891-G05	AG-891-G05_a5_gnd011_p12_s4	90.042060
AG-891-G05	AG-891-G05_a5_gnd011_p16_s5	90.042060
AG-891-G05	AG-891-G05_a5_gnd011_p20_s2	90.042060
AG-891-G05	AG-891-G05_a5_gnd011_p9_s3	90.042060
AG-891-G05	AG-891-G05_a5_gnd012	89.135322
AG-891-G05	AG-891-G05_a5_gnd012_p10_s1	89.135322
AG-891-G05	AG-891-G05_a5_gnd012_p14_s2	89.135322
AG-891-G05	AG-891-G05_a5_gnd012_p18_s5	89.135322
AG-891-G05	AG-891-G05_a5_gnd012_p4_s3	89.135322
AG-891-G05	AG-891-G05_a5_gnd012_p7_s4	89.135322
AG-891-G05	AG-891-G05_a5_gnd013	88.227134
AG-891-G05	AG-891-G05_a5_gnd013_p0_s3	88.227134
AG-891-G05	AG-891-G05_a5_gnd013_p10_s1	88.227134
AG-891-G05	AG-891-G05_a5_gnd013_p11_s5	88.227134
AG-891-G05	AG-891-G05_a5_gnd013_p17_s4	88.227134
AG-891-G05	AG-891-G05_a5_gnd013_p18_s2	88.227134
AG-891-G05	AG-891-G05_a5_gnd014	87.329976
AG-891-G05	AG-891-G05_a5_gnd014_p11_s5	87.329976
AG-891-G05	AG-891-G05_a5_gnd014_p16_s1	87.329976
AG-891-G05	AG-891-G05_a5_gnd014_p17_s2	87.329976
AG-891-G05	AG-891-G05_a5_gnd014_p17_s3	87.329976
AG-891-G05	AG-891-G05_a5_gnd014_p7_s4	87.329976
AG-891-G05	AG-891-G05_a5_gnd015	86.436684
AG-891-G05	AG-891-G05_a5_gnd015_p0_s3	86.436684
AG-891-G05	AG-891-G05_a5_gnd015_p19_s1	86.436684
AG-891-G05	AG-891-G05_a5_gnd015_p8_s2	86.436684
AG-891-G05	AG-891-G05_a5_gnd015_p8_s4	86.436684
AG-891-G05	AG-891-G05_a5_gnd015_p8_s5	86.436684
AG-891-G05	AG-891-G05_a5_gnd016	85.506435
AG-891-G05	AG-891-G05_a5_gnd016_p11_s3	85.506435
AG-891-G05	AG-891-G05_a5_gnd016_p11_s5	85.506435
AG-891-G05	AG-891-G05_a5_gnd016_p13_s2	85.506435
AG-891-G05	AG-891-G05_a5_gnd016_p15_s4	85.506435
AG-891-G05	AG-891-G05_a5_gnd016_p16_s1	85.506435
AG-891-G05	AG-891-G05_a5_gnd017	84.626105
AG-891-G05	AG-891-G05_a5_gnd017_p11_s5	84.626105
AG-891-G05	AG-891-G05_a5_gnd017_p14_s3	84.626105
AG-891-G05	AG-891-G05_a5_gnd017_p20_s1	84.626105
AG-891-G05	AG-891-G05_a5_gnd017_p7_s2	84.626105
AG-891-G05	AG-891-G05_a5_gnd017_p9_s4	84.626105
AG-891-G05	AG-891-G05_a5_gnd018	83.688611
AG-891-G05	AG-891-G05_a5_gnd018_p10_s4	83.688611
AG-891-G05	AG-891-G05_a5_gnd018_p17_s2	83.688611
AG-891-G05	AG-891-G05_a5_gnd018_p18_s3	83.688611
AG-891-G05	AG-891-G05_a5_gnd018_p7_s1	83.688611
AG-891-G05	AG-891-G05_a5_gnd018_p7_s5	83.688611
AG-891-G05	AG-891-G05_a5_gnd019	82.776961
AG-891-G05	AG-891-G05_a5_gnd019_p11_s2	82.776961
AG-891-G05	AG-891-G05_a5_gnd019_p19_s3	82.776961
AG-891-G05	AG-891-G05_a5_gnd019_p19_s5	82.776961
AG-891-G05	AG-891-G05_a5_gnd019_p7_s4	82.776961
AG-891-G05	AG-891-G05_a5_gnd019_p8_s1	82.776961
AG-891-G05	AG-891-G05_a5_gnd020	81.868129
AG-891-G05	AG-891-G05_a5_gnd020_p13_s4	81.868129
AG-891-G05	AG-891-G05_a5_gnd020_p18_s2	81.868129
AG-891-G05	AG-891-G05_a5_gnd020_p8_s1	81.868129
AG-891-G05	AG-891-G05_a5_gnd020_p8_s3	81.868129
AG-891-G05	AG-891-G05_a5_gnd020_p9_s5	81.868129
AG-891-I18	AG-891-I18_a22_gnd00000	100.000000
AG-891-I18	AG-891-I18_a22_gnd00005	99.954691
AG-891-I18	AG-891-I18_a22_gnd00010	99.910829
AG-891-I18	AG-891-I18_a22_gnd00020	99.820137
AG-891-I18	AG-891-I18_a22_gnd00030	99.726696
AG-891-I18	AG-891-I18_a22_gnd00040	99.640564
AG-891-I18	AG-891-I18_a22_gnd00050	99.549656
AG-891-I18	AG-891-I18_a22_gnd00060	99.456359
AG-891-I18	AG-891-I18_a22_gnd00070	99.365378
AG-891-I18	AG-891-I18_a22_gnd00080	99.274108
AG-891-I18	AG-891-I18_a22_gnd00090	99.181824
AG-891-I18	AG-891-I18_a22_gnd001	99.094897
AG-891-I18	AG-891-I18_a22_gnd002	98.188056
AG-891-I18	AG-891-I18_a22_gnd003	97.282301
AG-891-I18	AG-891-I18_a22_gnd004	96.378862
AG-891-I18	AG-891-I18_a22_gnd005	95.460007
AG-891-I18	AG-891-I18_a22_gnd006	94.555917
AG-891-I18	AG-891-I18_a22_gnd007	93.646181
AG-891-I18	AG-891-I18_a22_gnd008	92.744335
AG-891-I18	AG-891-I18_a22_gnd009	91.837783
AG-891-I18	AG-891-I18_a22_gnd010	90.914658
AG-891-I18	AG-891-I18_a22_gnd011	90.018167
AG-891-I18	AG-891-I18_a22_gnd012	89.099674
AG-891-I18	AG-891-I18_a22_gnd013	88.186102
AG-891-I18	AG-891-I18_a22_gnd014	87.291783
AG-891-I18	AG-891-I18_a22_gnd015	86.386824
AG-891-I18	AG-891-I18_a22_gnd016	85.478391
AG-891-I18	AG-891-I18_a22_gnd017	84.552515
AG-891-I18	AG-891-I18_a22_gnd018	83.639232
AG-891-I18	AG-891-I18_a22_gnd019	82.732175
AG-891-I18	AG-891-I18_a22_gnd020	81.845021
AG-891-I18	AG-891-I18_a5_gnd00000	100.000000
AG-891-I18	AG-891-I18_a5_gnd00000_p13_s1	100.000000
AG-891-I18	AG-891-I18_a5_gnd00000_p18_s2	100.000000
AG-891-I18	AG-891-I18_a5_gnd00000_p18_s4	100.000000
AG-891-I18	AG-891-I18_a5_gnd00000_p19_s3	100.000000
AG-891-I18	AG-891-I18_a5_gnd00000_p2_s5	100.000000
AG-891-I18	AG-891-I18_a5_gnd00005	99.955052
AG-891-I18	AG-891-I18_a5_gnd00005_p12_s3	99.955052
AG-891-I18	AG-891-I18_a5_gnd00005_p12_s5	99.955052
AG-891-I18	AG-891-I18_a5_gnd00005_p13_s2	99.955052
AG-891-I18	AG-891-I18_a5_gnd00005_p8_s1	99.955052
AG-891-I18	AG-891-I18_a5_gnd00005_p9_s4	99.955052
AG-891-I18	AG-891-I18_a5_gnd00010	99.909815
AG-891-I18	AG-891-I18_a5_gnd00010_p10_s5	99.909815
AG-891-I18	AG-891-I18_a5_gnd00010_p13_s2	99.909815
AG-891-I18	AG-891-I18_a5_gnd00010_p13_s3	99.909815
AG-891-I18	AG-891-I18_a5_gnd00010_p14_s4	99.909815
AG-891-I18	AG-891-I18_a5_gnd00010_p15_s1	99.909815
AG-891-I18	AG-891-I18_a5_gnd00020	99.819124
AG-891-I18	AG-891-I18_a5_gnd00020_p18_s1	99.819124
AG-891-I18	AG-891-I18_a5_gnd00020_p5_s2	99.819124
AG-891-I18	AG-891-I18_a5_gnd00020_p5_s4	99.819124
AG-891-I18	AG-891-I18_a5_gnd00020_p7_s5	99.819124
AG-891-I18	AG-891-I18_a5_gnd00020_p8_s3	99.819124
AG-891-I18	AG-891-I18_a5_gnd00030	99.728867
AG-891-I18	AG-891-I18_a5_gnd00030_p13_s3	99.728867
AG-891-I18	AG-891-I18_a5_gnd00030_p14_s1	99.728867
AG-891-I18	AG-891-I18_a5_gnd00030_p18_s4	99.728867
AG-891-I18	AG-891-I18_a5_gnd00030_p4_s5	99.728867
AG-891-I18	AG-891-I18_a5_gnd00030_p7_s2	99.728867
AG-891-I18	AG-891-I18_a5_gnd00040	99.635425
AG-891-I18	AG-891-I18_a5_gnd00040_p0_s1	99.635425
AG-891-I18	AG-891-I18_a5_gnd00040_p11_s2	99.635425
AG-891-I18	AG-891-I18_a5_gnd00040_p13_s3	99.635425
AG-891-I18	AG-891-I18_a5_gnd00040_p13_s5	99.635425
AG-891-I18	AG-891-I18_a5_gnd00040_p20_s4	99.635425
AG-891-I18	AG-891-I18_a5_gnd00050	99.547774
AG-891-I18	AG-891-I18_a5_gnd00050_p11_s4	99.547774
AG-891-I18	AG-891-I18_a5_gnd00050_p13_s1	99.547774
AG-891-I18	AG-891-I18_a5_gnd00050_p16_s3	99.547774
AG-891-I18	AG-891-I18_a5_gnd00050_p7_s2	99.547774
AG-891-I18	AG-891-I18_a5_gnd00050_p7_s5	99.547774
AG-891-I18	AG-891-I18_a5_gnd00060	99.457372
AG-891-I18	AG-891-I18_a5_gnd00060_p10_s4	99.457372
AG-891-I18	AG-891-I18_a5_gnd00060_p10_s5	99.457372
AG-891-I18	AG-891-I18_a5_gnd00060_p15_s1	99.457372
AG-891-I18	AG-891-I18_a5_gnd00060_p19_s2	99.457372
AG-891-I18	AG-891-I18_a5_gnd00060_p7_s3	99.457372
AG-891-I18	AG-891-I18_a5_gnd00070	99.365306
AG-891-I18	AG-891-I18_a5_gnd00070_p0_s5	99.365306
AG-891-I18	AG-891-I18_a5_gnd00070_p12_s3	99.365306
AG-891-I18	AG-891-I18_a5_gnd00070_p14_s4	99.365306
AG-891-I18	AG-891-I18_a5_gnd00070_p20_s1	99.365306
AG-891-I18	AG-891-I18_a5_gnd00070_p2_s2	99.365306
AG-891-I18	AG-891-I18_a5_gnd00080	99.274976
AG-891-I18	AG-891-I18_a5_gnd00080_p10_s3	99.274976
AG-891-I18	AG-891-I18_a5_gnd00080_p13_s1	99.274976
AG-891-I18	AG-891-I18_a5_gnd00080_p13_s2	99.274976
AG-891-I18	AG-891-I18_a5_gnd00080_p14_s4	99.274976
AG-891-I18	AG-891-I18_a5_gnd00080_p18_s5	99.274976
AG-891-I18	AG-891-I18_a5_gnd00090	99.186529
AG-891-I18	AG-891-I18_a5_gnd00090_p10_s4	99.186529
AG-891-I18	AG-891-I18_a5_gnd00090_p12_s1	99.186529
AG-891-I18	AG-891-I18_a5_gnd00090_p19_s2	99.186529
AG-891-I18	AG-891-I18_a5_gnd00090_p4_s5	99.186529
AG-891-I18	AG-891-I18_a5_gnd00090_p6_s3	99.186529
AG-891-I18	AG-891-I18_a5_gnd001	99.094897
AG-891-I18	AG-891-I18_a5_gnd001_p13_s5	99.094897
AG-891-I18	AG-891-I18_a5_gnd001_p18_s4	99.094897
AG-891-I18	AG-891-I18_a5_gnd001_p19_s1	99.094897
AG-891-I18	AG-891-I18_a5_gnd001_p6_s3	99.094897
AG-891-I18	AG-891-I18_a5_gnd001_p7_s2	99.094897
AG-891-I18	AG-891-I18_a5_gnd002	98.191458
AG-891-I18	AG-891-I18_a5_gnd002_p14_s2	98.191458
AG-891-I18	AG-891-I18_a5_gnd002_p15_s1	98.191458
AG-891-I18	AG-891-I18_a5_gnd002_p4_s4	98.191458
AG-891-I18	AG-891-I18_a5_gnd002_p4_s5	98.191458
AG-891-I18	AG-891-I18_a5_gnd002_p7_s3	98.191458
AG-891-I18	AG-891-I18_a5_gnd003	97.284545
AG-891-I18	AG-891-I18_a5_gnd003_p0_s5	97.284545
AG-891-I18	AG-891-I18_a5_gnd003_p14_s1	97.284545
AG-891-I18	AG-891-I18_a5_gnd003_p19_s2	97.284545
AG-891-I18	AG-891-I18_a5_gnd003_p19_s3	97.284545
AG-891-I18	AG-891-I18_a5_gnd003_p4_s4	97.284545
AG-891-I18	AG-891-I18_a5_gnd004	96.365327
AG-891-I18	AG-891-I18_a5_gnd004_p12_s3	96.365327
AG-891-I18	AG-891-I18_a5_gnd004_p4_s1	96.365327
AG-891-I18	AG-891-I18_a5_gnd004_p4_s2	96.365327
AG-891-I18	AG-891-I18_a5_gnd004_p6_s4	96.365327
AG-891-I18	AG-891-I18_a5_gnd004_p6_s5	96.365327
AG-891-I18	AG-891-I18_a5_gnd005	95.468258
AG-891-I18	AG-891-I18_a5_gnd005_p0_s2	95.468258
AG-891-I18	AG-891-I18_a5_gnd005_p12_s1	95.468258
AG-891-I18	AG-891-I18_a5_gnd005_p18_s3	95.468258
AG-891-I18	AG-891-I18_a5_gnd005_p18_s4	95.468258
AG-891-I18	AG-891-I18_a5_gnd005_p7_s5	95.468258
AG-891-I18	AG-891-I18_a5_gnd006	94.559970
AG-891-I18	AG-891-I18_a5_gnd006_p10_s1	94.559970
AG-891-I18	AG-891-I18_a5_gnd006_p11_s4	94.559970
AG-891-I18	AG-891-I18_a5_gnd006_p12_s5	94.559970
AG-891-I18	AG-891-I18_a5_gnd006_p15_s2	94.559970
AG-891-I18	AG-891-I18_a5_gnd006_p18_s3	94.559970
AG-891-I18	AG-891-I18_a5_gnd007	93.649583
AG-891-I18	AG-891-I18_a5_gnd007_p14_s5	93.649583
AG-891-I18	AG-891-I18_a5_gnd007_p17_s3	93.649583
AG-891-I18	AG-891-I18_a5_gnd007_p18_s4	93.649583
AG-891-I18	AG-891-I18_a5_gnd007_p4_s2	93.649583
AG-891-I18	AG-891-I18_a5_gnd007_p7_s1	93.649583
AG-891-I18	AG-891-I18_a5_gnd008	92.734057
AG-891-I18	AG-891-I18_a5_gnd008_p14_s3	92.734057
AG-891-I18	AG-891-I18_a5_gnd008_p18_s1	92.734057
AG-891-I18	AG-891-I18_a5_gnd008_p19_s2	92.734057
AG-891-I18	AG-891-I18_a5_gnd008_p7_s4	92.734057
AG-891-I18	AG-891-I18_a5_gnd008_p8_s5	92.734057
AG-891-I18	AG-891-I18_a5_gnd009	91.834599
AG-891-I18	AG-891-I18_a5_gnd009_p10_s2	91.834599
AG-891-I18	AG-891-I18_a5_gnd009_p15_s5	91.834599
AG-891-I18	AG-891-I18_a5_gnd009_p16_s4	91.834599
AG-891-I18	AG-891-I18_a5_gnd009_p18_s3	91.834599
AG-891-I18	AG-891-I18_a5_gnd009_p20_s1	91.834599
AG-891-I18	AG-891-I18_a5_gnd010	90.933331
AG-891-I18	AG-891-I18_a5_gnd010_p13_s4	90.933331
AG-891-I18	AG-891-I18_a5_gnd010_p14_s3	90.933331
AG-891-I18	AG-891-I18_a5_gnd010_p14_s5	90.933331
AG-891-I18	AG-891-I18_a5_gnd010_p20_s2	90.933331
AG-891-I18	AG-891-I18_a5_gnd010_p2_s1	90.933331
AG-891-I18	AG-891-I18_a5_gnd011	90.022872
AG-891-I18	AG-891-I18_a5_gnd011_p12_s2	90.022872
AG-891-I18	AG-891-I18_a5_gnd011_p14_s1	90.022872
AG-891-I18	AG-891-I18_a5_gnd011_p19_s3	90.022872
AG-891-I18	AG-891-I18_a5_gnd011_p19_s4	90.022872
AG-891-I18	AG-891-I18_a5_gnd011_p19_s5	90.022872
AG-891-I18	AG-891-I18_a5_gnd012	89.111471
AG-891-I18	AG-891-I18_a5_gnd012_p13_s1	89.111471
AG-891-I18	AG-891-I18_a5_gnd012_p13_s5	89.111471
AG-891-I18	AG-891-I18_a5_gnd012_p17_s4	89.111471
AG-891-I18	AG-891-I18_a5_gnd012_p5_s2	89.111471
AG-891-I18	AG-891-I18_a5_gnd012_p9_s3	89.111471
AG-891-I18	AG-891-I18_a5_gnd013	88.204124
AG-891-I18	AG-891-I18_a5_gnd013_p15_s2	88.204124
AG-891-I18	AG-891-I18_a5_gnd013_p17_s5	88.204124
AG-891-I18	AG-891-I18_a5_gnd013_p19_s3	88.204124
AG-891-I18	AG-891-I18_a5_gnd013_p20_s4	88.204124
AG-891-I18	AG-891-I18_a5_gnd013_p7_s1	88.204124
AG-891-I18	AG-891-I18_a5_gnd014	87.287368
AG-891-I18	AG-891-I18_a5_gnd014_p10_s3	87.287368
AG-891-I18	AG-891-I18_a5_gnd014_p18_s2	87.287368
AG-891-I18	AG-891-I18_a5_gnd014_p19_s4	87.287368
AG-891-I18	AG-891-I18_a5_gnd014_p19_s5	87.287368
AG-891-I18	AG-891-I18_a5_gnd014_p20_s1	87.287368
AG-891-I18	AG-891-I18_a5_gnd015	86.393049
AG-891-I18	AG-891-I18_a5_gnd015_p10_s1	86.393049
AG-891-I18	AG-891-I18_a5_gnd015_p10_s5	86.393049
AG-891-I18	AG-891-I18_a5_gnd015_p13_s3	86.393049
AG-891-I18	AG-891-I18_a5_gnd015_p19_s2	86.393049
AG-891-I18	AG-891-I18_a5_gnd015_p7_s4	86.393049
AG-891-I18	AG-891-I18_a5_gnd016	85.470936
AG-891-I18	AG-891-I18_a5_gnd016_p18_s4	85.470936
AG-891-I18	AG-891-I18_a5_gnd016_p20_s2	85.470936
AG-891-I18	AG-891-I18_a5_gnd016_p20_s3	85.470936
AG-891-I18	AG-891-I18_a5_gnd016_p3_s5	85.470936
AG-891-I18	AG-891-I18_a5_gnd016_p9_s1	85.470936
AG-891-I18	AG-891-I18_a5_gnd017	84.548896
AG-891-I18	AG-891-I18_a5_gnd017_p13_s2	84.548896
AG-891-I18	AG-891-I18_a5_gnd017_p16_s3	84.548896
AG-891-I18	AG-891-I18_a5_gnd017_p17_s1	84.548896
AG-891-I18	AG-891-I18_a5_gnd017_p19_s4	84.548896
AG-891-I18	AG-891-I18_a5_gnd017_p5_s5	84.548896
AG-891-I18	AG-891-I18_a5_gnd018	83.653636
AG-891-I18	AG-891-I18_a5_gnd018_p11_s1	83.653636
AG-891-I18	AG-891-I18_a5_gnd018_p11_s4	83.653636
AG-891-I18	AG-891-I18_a5_gnd018_p14_s2	83.653636
AG-891-I18	AG-891-I18_a5_gnd018_p17_s3	83.653636
AG-891-I18	AG-891-I18_a5_gnd018_p7_s5	83.653636
AG-891-I18	AG-891-I18_a5_gnd019	82.710533
AG-891-I18	AG-891-I18_a5_gnd019_p10_s2	82.710533
AG-891-I18	AG-891-I18_a5_gnd019_p11_s1	82.710533
AG-891-I18	AG-891-I18_a5_gnd019_p16_s5	82.710533
AG-891-I18	AG-891-I18_a5_gnd019_p20_s3	82.710533
AG-891-I18	AG-891-I18_a5_gnd019_p8_s4	82.710533
AG-891-I18	AG-891-I18_a5_gnd020	81.815129
AG-891-I18	AG-891-I18_a5_gnd020_p14_s3	81.815129
AG-891-I18	AG-891-I18_a5_gnd020_p16_s1	81.815129
AG-891-I18	AG-891-I18_a5_gnd020_p18_s4	81.815129
AG-891-I18	AG-891-I18_a5_gnd020_p19_s2	81.815129
AG-891-I18	AG-891-I18_a5_gnd020_p3_s5	81.815129
AG-891-J04	AG-891-J04_a22_gnd00000	100.000000
AG-891-J04	AG-891-J04_a22_gnd00005	99.955055
AG-891-J04	AG-891-J04_a22_gnd00010	99.908701
AG-891-J04	AG-891-J04_a22_gnd00020	99.816661
AG-891-J04	AG-891-J04_a22_gnd00030	99.724844
AG-891-J04	AG-891-J04_a22_gnd00040	99.636215
AG-891-J04	AG-891-J04_a22_gnd00050	99.546029
AG-891-J04	AG-891-J04_a22_gnd00060	99.454508
AG-891-J04	AG-891-J04_a22_gnd00070	99.362468
AG-891-J04	AG-891-J04_a22_gnd00080	99.272801
AG-891-J04	AG-891-J04_a22_gnd00090	99.181502
AG-891-J04	AG-891-J04_a22_gnd001	99.091316
AG-891-J04	AG-891-J04_a22_gnd002	98.182262
AG-891-J04	AG-891-J04_a22_gnd003	97.272466
AG-891-J04	AG-891-J04_a22_gnd004	96.364524
AG-891-J04	AG-891-J04_a22_gnd005	95.456730
AG-891-J04	AG-891-J04_a22_gnd006	94.548565
AG-891-J04	AG-891-J04_a22_gnd007	93.632169
AG-891-J04	AG-891-J04_a22_gnd008	92.730011
AG-891-J04	AG-891-J04_a22_gnd009	91.818806
AG-891-J04	AG-891-J04_a22_gnd010	90.919616
AG-891-J04	AG-891-J04_a22_gnd011	90.003590
AG-891-J04	AG-891-J04_a22_gnd012	89.094609
AG-891-J04	AG-891-J04_a22_gnd013	88.190746
AG-891-J04	AG-891-J04_a22_gnd014	87.264337
AG-891-J04	AG-891-J04_a22_gnd015	86.367520
AG-891-J04	AG-891-J04_a22_gnd016	85.457056
AG-891-J04	AG-891-J04_a22_gnd017	84.547112
AG-891-J04	AG-891-J04_a22_gnd018	83.646809
AG-891-J04	AG-891-J04_a22_gnd019	82.728484
AG-891-J04	AG-891-J04_a22_gnd020	81.798069
AG-891-J04	AG-891-J04_a5_gnd00000	100.000000
AG-891-J04	AG-891-J04_a5_gnd00000_p11_s5	100.000000
AG-891-J04	AG-891-J04_a5_gnd00000_p14_s2	100.000000
AG-891-J04	AG-891-J04_a5_gnd00000_p1_s4	100.000000
AG-891-J04	AG-891-J04_a5_gnd00000_p20_s3	100.000000
AG-891-J04	AG-891-J04_a5_gnd00000_p4_s1	100.000000
AG-891-J04	AG-891-J04_a5_gnd00005	99.953646
AG-891-J04	AG-891-J04_a5_gnd00005_p10_s1	99.953646
AG-891-J04	AG-891-J04_a5_gnd00005_p11_s4	99.953646
AG-891-J04	AG-891-J04_a5_gnd00005_p14_s3	99.953646
AG-891-J04	AG-891-J04_a5_gnd00005_p17_s5	99.953646
AG-891-J04	AG-891-J04_a5_gnd00005_p5_s2	99.953646
AG-891-J04	AG-891-J04_a5_gnd00010	99.909072
AG-891-J04	AG-891-J04_a5_gnd00010_p12_s5	99.909072
AG-891-J04	AG-891-J04_a5_gnd00010_p13_s3	99.909072
AG-891-J04	AG-891-J04_a5_gnd00010_p18_s2	99.909072
AG-891-J04	AG-891-J04_a5_gnd00010_p19_s1	99.909072
AG-891-J04	AG-891-J04_a5_gnd00010_p7_s4	99.909072
AG-891-J04	AG-891-J04_a5_gnd00020	99.819628
AG-891-J04	AG-891-J04_a5_gnd00020_p18_s3	99.819628
AG-891-J04	AG-891-J04_a5_gnd00020_p20_s1	99.819628
AG-891-J04	AG-891-J04_a5_gnd00020_p20_s5	99.819628
AG-891-J04	AG-891-J04_a5_gnd00020_p7_s4	99.819628
AG-891-J04	AG-891-J04_a5_gnd00020_p8_s2	99.819628
AG-891-J04	AG-891-J04_a5_gnd00030	99.728700
AG-891-J04	AG-891-J04_a5_gnd00030_p10_s5	99.728700
AG-891-J04	AG-891-J04_a5_gnd00030_p19_s2	99.728700
AG-891-J04	AG-891-J04_a5_gnd00030_p5_s1	99.728700
AG-891-J04	AG-891-J04_a5_gnd00030_p7_s3	99.728700
AG-891-J04	AG-891-J04_a5_gnd00030_p8_s4	99.728700
AG-891-J04	AG-891-J04_a5_gnd00040	99.637773
AG-891-J04	AG-891-J04_a5_gnd00040_p15_s3	99.637773
AG-891-J04	AG-891-J04_a5_gnd00040_p19_s2	99.637773
AG-891-J04	AG-891-J04_a5_gnd00040_p19_s4	99.637773
AG-891-J04	AG-891-J04_a5_gnd00040_p20_s5	99.637773
AG-891-J04	AG-891-J04_a5_gnd00040_p7_s1	99.637773
AG-891-J04	AG-891-J04_a5_gnd00050	99.546474
AG-891-J04	AG-891-J04_a5_gnd00050_p17_s4	99.546474
AG-891-J04	AG-891-J04_a5_gnd00050_p19_s1	99.546474
AG-891-J04	AG-891-J04_a5_gnd00050_p3_s3	99.546474
AG-891-J04	AG-891-J04_a5_gnd00050_p7_s5	99.546474
AG-891-J04	AG-891-J04_a5_gnd00050_p8_s2	99.546474
AG-891-J04	AG-891-J04_a5_gnd00060	99.456288
AG-891-J04	AG-891-J04_a5_gnd00060_p10_s2	99.456288
AG-891-J04	AG-891-J04_a5_gnd00060_p13_s4	99.456288
AG-891-J04	AG-891-J04_a5_gnd00060_p14_s1	99.456288
AG-891-J04	AG-891-J04_a5_gnd00060_p14_s3	99.456288
AG-891-J04	AG-891-J04_a5_gnd00060_p8_s5	99.456288
AG-891-J04	AG-891-J04_a5_gnd00070	99.364025
AG-891-J04	AG-891-J04_a5_gnd00070_p0_s1	99.364025
AG-891-J04	AG-891-J04_a5_gnd00070_p0_s2	99.364025
AG-891-J04	AG-891-J04_a5_gnd00070_p18_s3	99.364025
AG-891-J04	AG-891-J04_a5_gnd00070_p7_s4	99.364025
AG-891-J04	AG-891-J04_a5_gnd00070_p8_s5	99.364025
AG-891-J04	AG-891-J04_a5_gnd00080	99.272727
AG-891-J04	AG-891-J04_a5_gnd00080_p10_s5	99.272727
AG-891-J04	AG-891-J04_a5_gnd00080_p16_s1	99.272727
AG-891-J04	AG-891-J04_a5_gnd00080_p17_s2	99.272727
AG-891-J04	AG-891-J04_a5_gnd00080_p17_s3	99.272727
AG-891-J04	AG-891-J04_a5_gnd00080_p19_s4	99.272727
AG-891-J04	AG-891-J04_a5_gnd00090	99.183727
AG-891-J04	AG-891-J04_a5_gnd00090_p10_s3	99.183727
AG-891-J04	AG-891-J04_a5_gnd00090_p15_s5	99.183727
AG-891-J04	AG-891-J04_a5_gnd00090_p16_s2	99.183727
AG-891-J04	AG-891-J04_a5_gnd00090_p17_s4	99.183727
AG-891-J04	AG-891-J04_a5_gnd00090_p7_s1	99.183727
AG-891-J04	AG-891-J04_a5_gnd001	99.093986
AG-891-J04	AG-891-J04_a5_gnd001_p10_s2	99.093986
AG-891-J04	AG-891-J04_a5_gnd001_p13_s1	99.093986
AG-891-J04	AG-891-J04_a5_gnd001_p13_s5	99.093986
AG-891-J04	AG-891-J04_a5_gnd001_p17_s4	99.093986
AG-891-J04	AG-891-J04_a5_gnd001_p20_s3	99.093986
AG-891-J04	AG-891-J04_a5_gnd002	98.177960
AG-891-J04	AG-891-J04_a5_gnd002_p10_s3	98.177960
AG-891-J04	AG-891-J04_a5_gnd002_p14_s5	98.177960
AG-891-J04	AG-891-J04_a5_gnd002_p15_s1	98.177960
AG-891-J04	AG-891-J04_a5_gnd002_p15_s4	98.177960
AG-891-J04	AG-891-J04_a5_gnd002_p7_s2	98.177960
AG-891-J04	AG-891-J04_a5_gnd003	97.271205
AG-891-J04	AG-891-J04_a5_gnd003_p10_s3	97.271205
AG-891-J04	AG-891-J04_a5_gnd003_p14_s5	97.271205
AG-891-J04	AG-891-J04_a5_gnd003_p19_s4	97.271205
AG-891-J04	AG-891-J04_a5_gnd003_p8_s1	97.271205
AG-891-J04	AG-891-J04_a5_gnd003_p8_s2	97.271205
AG-891-J04	AG-891-J04_a5_gnd004	96.360445
AG-891-J04	AG-891-J04_a5_gnd004_p12_s4	96.360445
AG-891-J04	AG-891-J04_a5_gnd004_p16_s3	96.360445
AG-891-J04	AG-891-J04_a5_gnd004_p17_s5	96.360445
AG-891-J04	AG-891-J04_a5_gnd004_p19_s2	96.360445
AG-891-J04	AG-891-J04_a5_gnd004_p20_s1	96.360445
AG-891-J04	AG-891-J04_a5_gnd005	95.452280
AG-891-J04	AG-891-J04_a5_gnd005_p11_s1	95.452280
AG-891-J04	AG-891-J04_a5_gnd005_p15_s3	95.452280
AG-891-J04	AG-891-J04_a5_gnd005_p19_s5	95.452280
AG-891-J04	AG-891-J04_a5_gnd005_p20_s2	95.452280
AG-891-J04	AG-891-J04_a5_gnd005_p8_s4	95.452280
AG-891-J04	AG-891-J04_a5_gnd006	94.553757
AG-891-J04	AG-891-J04_a5_gnd006_p13_s1	94.553757
AG-891-J04	AG-891-J04_a5_gnd006_p14_s2	94.553757
AG-891-J04	AG-891-J04_a5_gnd006_p16_s4	94.553757
AG-891-J04	AG-891-J04_a5_gnd006_p20_s3	94.553757
AG-891-J04	AG-891-J04_a5_gnd006_p9_s5	94.553757
AG-891-J04	AG-891-J04_a5_gnd007	93.640994
AG-891-J04	AG-891-J04_a5_gnd007_p19_s4	93.640994
AG-891-J04	AG-891-J04_a5_gnd007_p1_s2	93.640994
AG-891-J04	AG-891-J04_a5_gnd007_p7_s1	93.640994
AG-891-J04	AG-891-J04_a5_gnd007_p7_s3	93.640994
AG-891-J04	AG-891-J04_a5_gnd007_p8_s5	93.640994
AG-891-J04	AG-891-J04_a5_gnd008	92.736761
AG-891-J04	AG-891-J04_a5_gnd008_p11_s4	92.736761
AG-891-J04	AG-891-J04_a5_gnd008_p12_s2	92.736761
AG-891-J04	AG-891-J04_a5_gnd008_p13_s5	92.736761
AG-891-J04	AG-891-J04_a5_gnd008_p16_s1	92.736761
AG-891-J04	AG-891-J04_a5_gnd008_p19_s3	92.736761
AG-891-J04	AG-891-J04_a5_gnd009	91.818509
AG-891-J04	AG-891-J04_a5_gnd009_p13_s4	91.818509
AG-891-J04	AG-891-J04_a5_gnd009_p13_s5	91.818509
AG-891-J04	AG-891-J04_a5_gnd009_p15_s1	91.818509
AG-891-J04	AG-891-J04_a5_gnd009_p17_s3	91.818509
AG-891-J04	AG-891-J04_a5_gnd009_p20_s2	91.818509
AG-891-J04	AG-891-J04_a5_gnd010	90.905821
AG-891-J04	AG-891-J04_a5_gnd010_p0_s1	90.905821
AG-891-J04	AG-891-J04_a5_gnd010_p15_s4	90.905821
AG-891-J04	AG-891-J04_a5_gnd010_p19_s3	90.905821
AG-891-J04	AG-891-J04_a5_gnd010_p20_s5	90.905821
AG-891-J04	AG-891-J04_a5_gnd010_p9_s2	90.905821
AG-891-J04	AG-891-J04_a5_gnd011	90.000549
AG-891-J04	AG-891-J04_a5_gnd011_p10_s1	90.000549
AG-891-J04	AG-891-J04_a5_gnd011_p15_s3	90.000549
AG-891-J04	AG-891-J04_a5_gnd011_p19_s2	90.000549
AG-891-J04	AG-891-J04_a5_gnd011_p3_s5	90.000549
AG-891-J04	AG-891-J04_a5_gnd011_p6_s4	90.000549
AG-891-J04	AG-891-J04_a5_gnd012	89.100691
AG-891-J04	AG-891-J04_a5_gnd012_p12_s5	89.100691
AG-891-J04	AG-891-J04_a5_gnd012_p14_s1	89.100691
AG-891-J04	AG-891-J04_a5_gnd012_p18_s4	89.100691
AG-891-J04	AG-891-J04_a5_gnd012_p19_s3	89.100691
AG-891-J04	AG-891-J04_a5_gnd012_p7_s2	89.100691
AG-891-J04	AG-891-J04_a5_gnd013	88.184665
AG-891-J04	AG-891-J04_a5_gnd013_p0_s1	88.184665
AG-891-J04	AG-891-J04_a5_gnd013_p11_s2	88.184665
AG-891-J04	AG-891-J04_a5_gnd013_p17_s3	88.184665
AG-891-J04	AG-891-J04_a5_gnd013_p19_s5	88.184665
AG-891-J04	AG-891-J04_a5_gnd013_p1_s4	88.184665
AG-891-J04	AG-891-J04_a5_gnd014	87.275165
AG-891-J04	AG-891-J04_a5_gnd014_p12_s5	87.275165
AG-891-J04	AG-891-J04_a5_gnd014_p17_s1	87.275165
AG-891-J04	AG-891-J04_a5_gnd014_p5_s2	87.275165
AG-891-J04	AG-891-J04_a5_gnd014_p7_s4	87.275165
AG-891-J04	AG-891-J04_a5_gnd014_p9_s3	87.275165
AG-891-J04	AG-891-J04_a5_gnd015	86.362848
AG-891-J04	AG-891-J04_a5_gnd015_p11_s2	86.362848
AG-891-J04	AG-891-J04_a5_gnd015_p16_s4	86.362848
AG-891-J04	AG-891-J04_a5_gnd015_p18_s3	86.362848
AG-891-J04	AG-891-J04_a5_gnd015_p18_s5	86.362848
AG-891-J04	AG-891-J04_a5_gnd015_p7_s1	86.362848
AG-891-J04	AG-891-J04_a5_gnd016	85.449269
AG-891-J04	AG-891-J04_a5_gnd016_p18_s3	85.449269
AG-891-J04	AG-891-J04_a5_gnd016_p4_s4	85.449269
AG-891-J04	AG-891-J04_a5_gnd016_p6_s5	85.449269
AG-891-J04	AG-891-J04_a5_gnd016_p8_s2	85.449269
AG-891-J04	AG-891-J04_a5_gnd016_p9_s1	85.449269
AG-891-J04	AG-891-J04_a5_gnd017	84.537989
AG-891-J04	AG-891-J04_a5_gnd017_p12_s3	84.537989
AG-891-J04	AG-891-J04_a5_gnd017_p13_s2	84.537989
AG-891-J04	AG-891-J04_a5_gnd017_p14_s4	84.537989
AG-891-J04	AG-891-J04_a5_gnd017_p20_s1	84.537989
AG-891-J04	AG-891-J04_a5_gnd017_p20_s5	84.537989
AG-891-J04	AG-891-J04_a5_gnd018	83.620628
AG-891-J04	AG-891-J04_a5_gnd018_p10_s4	83.620628
AG-891-J04	AG-891-J04_a5_gnd018_p17_s2	83.620628
AG-891-J04	AG-891-J04_a5_gnd018_p20_s5	83.620628
AG-891-J04	AG-891-J04_a5_gnd018_p6_s3	83.620628
AG-891-J04	AG-891-J04_a5_gnd018_p8_s1	83.620628
AG-891-J04	AG-891-J04_a5_gnd019	82.729522
AG-891-J04	AG-891-J04_a5_gnd019_p0_s1	82.729522
AG-891-J04	AG-891-J04_a5_gnd019_p16_s3	82.729522
AG-891-J04	AG-891-J04_a5_gnd019_p16_s4	82.729522
AG-891-J04	AG-891-J04_a5_gnd019_p17_s2	82.729522
AG-891-J04	AG-891-J04_a5_gnd019_p18_s5	82.729522
AG-891-J04	AG-891-J04_a5_gnd020	81.795696
AG-891-J04	AG-891-J04_a5_gnd020_p0_s5	81.795696
AG-891-J04	AG-891-J04_a5_gnd020_p10_s1	81.795696
AG-891-J04	AG-891-J04_a5_gnd020_p19_s4	81.795696
AG-891-J04	AG-891-J04_a5_gnd020_p20_s3	81.795696
AG-891-J04	AG-891-J04_a5_gnd020_p9_s2	81.795696
AG-891-J07	AG-891-J07_a22_gnd00000	100.000000
AG-891-J07	AG-891-J07_a22_gnd00005	99.955265
AG-891-J07	AG-891-J07_a22_gnd00010	99.910366
AG-891-J07	AG-891-J07_a22_gnd00020	99.819411
AG-891-J07	AG-891-J07_a22_gnd00030	99.728951
AG-891-J07	AG-891-J07_a22_gnd00040	99.636510
AG-891-J07	AG-891-J07_a22_gnd00050	99.547701
AG-891-J07	AG-891-J07_a22_gnd00060	99.456912
AG-891-J07	AG-891-J07_a22_gnd00070	99.367772
AG-891-J07	AG-891-J07_a22_gnd00080	99.279211
AG-891-J07	AG-891-J07_a22_gnd00090	99.188008
AG-891-J07	AG-891-J07_a22_gnd001	99.099447
AG-891-J07	AG-891-J07_a22_gnd002	98.191631
AG-891-J07	AG-891-J07_a22_gnd003	97.283732
AG-891-J07	AG-891-J07_a22_gnd004	96.382024
AG-891-J07	AG-891-J07_a22_gnd005	95.478417
AG-891-J07	AG-891-J07_a22_gnd006	94.589832
AG-891-J07	AG-891-J07_a22_gnd007	93.668975
AG-891-J07	AG-891-J07_a22_gnd008	92.761737
AG-891-J07	AG-891-J07_a22_gnd009	91.870015
AG-891-J07	AG-891-J07_a22_gnd010	90.953533
AG-891-J07	AG-891-J07_a22_gnd011	90.050174
AG-891-J07	AG-891-J07_a22_gnd012	89.158535
AG-891-J07	AG-891-J07_a22_gnd013	88.246592
AG-891-J07	AG-891-J07_a22_gnd014	87.346947
AG-891-J07	AG-891-J07_a22_gnd015	86.433271
AG-891-J07	AG-891-J07_a22_gnd016	85.525620
AG-891-J07	AG-891-J07_a22_gnd017	84.608972
AG-891-J07	AG-891-J07_a22_gnd018	83.690096
AG-891-J07	AG-891-J07_a22_gnd019	82.796889
AG-891-J07	AG-891-J07_a22_gnd020	81.902444
AG-891-J07	AG-891-J07_a5_gnd00000	100.000000
AG-891-J07	AG-891-J07_a5_gnd00000_p10_s1	100.000000
AG-891-J07	AG-891-J07_a5_gnd00000_p13_s5	100.000000
AG-891-J07	AG-891-J07_a5_gnd00000_p16_s4	100.000000
AG-891-J07	AG-891-J07_a5_gnd00000_p1_s2	100.000000
AG-891-J07	AG-891-J07_a5_gnd00000_p3_s3	100.000000
AG-891-J07	AG-891-J07_a5_gnd00005	99.954935
AG-891-J07	AG-891-J07_a5_gnd00005_p11_s3	99.954935
AG-891-J07	AG-891-J07_a5_gnd00005_p11_s4	99.954935
AG-891-J07	AG-891-J07_a5_gnd00005_p14_s2	99.954935
AG-891-J07	AG-891-J07_a5_gnd00005_p14_s5	99.954935
AG-891-J07	AG-891-J07_a5_gnd00005_p17_s1	99.954935
AG-891-J07	AG-891-J07_a5_gnd00010	99.909705
AG-891-J07	AG-891-J07_a5_gnd00010_p0_s1	99.909705
AG-891-J07	AG-891-J07_a5_gnd00010_p11_s3	99.909705
AG-891-J07	AG-891-J07_a5_gnd00010_p13_s5	99.909705
AG-891-J07	AG-891-J07_a5_gnd00010_p14_s4	99.909705
AG-891-J07	AG-891-J07_a5_gnd00010_p8_s2	99.909705
AG-891-J07	AG-891-J07_a5_gnd00020	99.817430
AG-891-J07	AG-891-J07_a5_gnd00020_p17_s2	99.817430
AG-891-J07	AG-891-J07_a5_gnd00020_p18_s1	99.817430
AG-891-J07	AG-891-J07_a5_gnd00020_p18_s5	99.817430
AG-891-J07	AG-891-J07_a5_gnd00020_p20_s3	99.817430
AG-891-J07	AG-891-J07_a5_gnd00020_p20_s4	99.817430
AG-891-J07	AG-891-J07_a5_gnd00030	99.726723
AG-891-J07	AG-891-J07_a5_gnd00030_p12_s1	99.726723
AG-891-J07	AG-891-J07_a5_gnd00030_p18_s3	99.726723
AG-891-J07	AG-891-J07_a5_gnd00030_p18_s4	99.726723
AG-891-J07	AG-891-J07_a5_gnd00030_p18_s5	99.726723
AG-891-J07	AG-891-J07_a5_gnd00030_p8_s2	99.726723
AG-891-J07	AG-891-J07_a5_gnd00040	99.639729
AG-891-J07	AG-891-J07_a5_gnd00040_p10_s3	99.639729
AG-891-J07	AG-891-J07_a5_gnd00040_p11_s5	99.639729
AG-891-J07	AG-891-J07_a5_gnd00040_p13_s2	99.639729
AG-891-J07	AG-891-J07_a5_gnd00040_p20_s4	99.639729
AG-891-J07	AG-891-J07_a5_gnd00040_p9_s1	99.639729
AG-891-J07	AG-891-J07_a5_gnd00050	99.550177
AG-891-J07	AG-891-J07_a5_gnd00050_p11_s4	99.550177
AG-891-J07	AG-891-J07_a5_gnd00050_p11_s5	99.550177
AG-891-J07	AG-891-J07_a5_gnd00050_p12_s1	99.550177
AG-891-J07	AG-891-J07_a5_gnd00050_p19_s3	99.550177
AG-891-J07	AG-891-J07_a5_gnd00050_p4_s2	99.550177
AG-891-J07	AG-891-J07_a5_gnd00060	99.456004
AG-891-J07	AG-891-J07_a5_gnd00060_p0_s2	99.456004
AG-891-J07	AG-891-J07_a5_gnd00060_p11_s5	99.456004
AG-891-J07	AG-891-J07_a5_gnd00060_p14_s1	99.456004
AG-891-J07	AG-891-J07_a5_gnd00060_p18_s3	99.456004
AG-891-J07	AG-891-J07_a5_gnd00060_p20_s4	99.456004
AG-891-J07	AG-891-J07_a5_gnd00070	99.367360
AG-891-J07	AG-891-J07_a5_gnd00070_p11_s3	99.367360
AG-891-J07	AG-891-J07_a5_gnd00070_p15_s1	99.367360
AG-891-J07	AG-891-J07_a5_gnd00070_p18_s2	99.367360
AG-891-J07	AG-891-J07_a5_gnd00070_p5_s4	99.367360
AG-891-J07	AG-891-J07_a5_gnd00070_p8_s5	99.367360
AG-891-J07	AG-891-J07_a5_gnd00080	99.275084
AG-891-J07	AG-891-J07_a5_gnd00080_p0_s5	99.275084
AG-891-J07	AG-891-J07_a5_gnd00080_p15_s2	99.275084
AG-891-J07	AG-891-J07_a5_gnd00080_p15_s4	99.275084
AG-891-J07	AG-891-J07_a5_gnd00080_p17_s1	99.275084
AG-891-J07	AG-891-J07_a5_gnd00080_p6_s3	99.275084
AG-891-J07	AG-891-J07_a5_gnd00090	99.185863
AG-891-J07	AG-891-J07_a5_gnd00090_p11_s4	99.185863
AG-891-J07	AG-891-J07_a5_gnd00090_p14_s1	99.185863
AG-891-J07	AG-891-J07_a5_gnd00090_p17_s2	99.185863
AG-891-J07	AG-891-J07_a5_gnd00090_p17_s3	99.185863
AG-891-J07	AG-891-J07_a5_gnd00090_p9_s5	99.185863
AG-891-J07	AG-891-J07_a5_gnd001	99.092679
AG-891-J07	AG-891-J07_a5_gnd001_p11_s5	99.092679
AG-891-J07	AG-891-J07_a5_gnd001_p15_s1	99.092679
AG-891-J07	AG-891-J07_a5_gnd001_p16_s2	99.092679
AG-891-J07	AG-891-J07_a5_gnd001_p4_s4	99.092679
AG-891-J07	AG-891-J07_a5_gnd001_p7_s3	99.092679
AG-891-J07	AG-891-J07_a5_gnd002	98.194190
AG-891-J07	AG-891-J07_a5_gnd002_p14_s1	98.194190
AG-891-J07	AG-891-J07_a5_gnd002_p14_s2	98.194190
AG-891-J07	AG-891-J07_a5_gnd002_p15_s3	98.194190
AG-891-J07	AG-891-J07_a5_gnd002_p17_s5	98.194190
AG-891-J07	AG-891-J07_a5_gnd002_p18_s4	98.194190
AG-891-J07	AG-891-J07_a5_gnd003	97.292481
AG-891-J07	AG-891-J07_a5_gnd003_p11_s4	97.292481
AG-891-J07	AG-891-J07_a5_gnd003_p17_s2	97.292481
AG-891-J07	AG-891-J07_a5_gnd003_p18_s5	97.292481
AG-891-J07	AG-891-J07_a5_gnd003_p5_s1	97.292481
AG-891-J07	AG-891-J07_a5_gnd003_p6_s3	97.292481
AG-891-J07	AG-891-J07_a5_gnd004	96.383427
AG-891-J07	AG-891-J07_a5_gnd004_p17_s1	96.383427
AG-891-J07	AG-891-J07_a5_gnd004_p3_s5	96.383427
AG-891-J07	AG-891-J07_a5_gnd004_p5_s4	96.383427
AG-891-J07	AG-891-J07_a5_gnd004_p7_s2	96.383427
AG-891-J07	AG-891-J07_a5_gnd004_p7_s3	96.383427
AG-891-J07	AG-891-J07_a5_gnd005	95.488982
AG-891-J07	AG-891-J07_a5_gnd005_p14_s1	95.488982
AG-891-J07	AG-891-J07_a5_gnd005_p14_s5	95.488982
AG-891-J07	AG-891-J07_a5_gnd005_p16_s2	95.488982
AG-891-J07	AG-891-J07_a5_gnd005_p18_s3	95.488982
AG-891-J07	AG-891-J07_a5_gnd005_p5_s4	95.488982
AG-891-J07	AG-891-J07_a5_gnd006	94.571014
AG-891-J07	AG-891-J07_a5_gnd006_p0_s3	94.571014
AG-891-J07	AG-891-J07_a5_gnd006_p10_s2	94.571014
AG-891-J07	AG-891-J07_a5_gnd006_p16_s1	94.571014
AG-891-J07	AG-891-J07_a5_gnd006_p19_s4	94.571014
AG-891-J07	AG-891-J07_a5_gnd006_p20_s5	94.571014
AG-891-J07	AG-891-J07_a5_gnd007	93.669801
AG-891-J07	AG-891-J07_a5_gnd007_p0_s3	93.669801
AG-891-J07	AG-891-J07_a5_gnd007_p13_s4	93.669801
AG-891-J07	AG-891-J07_a5_gnd007_p17_s5	93.669801
AG-891-J07	AG-891-J07_a5_gnd007_p19_s2	93.669801
AG-891-J07	AG-891-J07_a5_gnd007_p3_s1	93.669801
AG-891-J07	AG-891-J07_a5_gnd008	92.762892
AG-891-J07	AG-891-J07_a5_gnd008_p10_s3	92.762892
AG-891-J07	AG-891-J07_a5_gnd008_p11_s1	92.762892
AG-891-J07	AG-891-J07_a5_gnd008_p12_s5	92.762892
AG-891-J07	AG-891-J07_a5_gnd008_p16_s2	92.762892
AG-891-J07	AG-891-J07_a5_gnd008_p5_s4	92.762892
AG-891-J07	AG-891-J07_a5_gnd009	91.873812
AG-891-J07	AG-891-J07_a5_gnd009_p11_s1	91.873812
AG-891-J07	AG-891-J07_a5_gnd009_p14_s4	91.873812
AG-891-J07	AG-891-J07_a5_gnd009_p15_s2	91.873812
AG-891-J07	AG-891-J07_a5_gnd009_p16_s3	91.873812
AG-891-J07	AG-891-J07_a5_gnd009_p5_s5	91.873812
AG-891-J07	AG-891-J07_a5_gnd010	90.961374
AG-891-J07	AG-891-J07_a5_gnd010_p0_s5	90.961374
AG-891-J07	AG-891-J07_a5_gnd010_p10_s3	90.961374
AG-891-J07	AG-891-J07_a5_gnd010_p11_s1	90.961374
AG-891-J07	AG-891-J07_a5_gnd010_p16_s4	90.961374
AG-891-J07	AG-891-J07_a5_gnd010_p7_s2	90.961374
AG-891-J07	AG-891-J07_a5_gnd011	90.045057
AG-891-J07	AG-891-J07_a5_gnd011_p12_s2	90.045057
AG-891-J07	AG-891-J07_a5_gnd011_p12_s4	90.045057
AG-891-J07	AG-891-J07_a5_gnd011_p15_s5	90.045057
AG-891-J07	AG-891-J07_a5_gnd011_p18_s3	90.045057
AG-891-J07	AG-891-J07_a5_gnd011_p20_s1	90.045057
AG-891-J07	AG-891-J07_a5_gnd012	89.147145
AG-891-J07	AG-891-J07_a5_gnd012_p0_s4	89.147145
AG-891-J07	AG-891-J07_a5_gnd012_p11_s3	89.147145
AG-891-J07	AG-891-J07_a5_gnd012_p11_s5	89.147145
AG-891-J07	AG-891-J07_a5_gnd012_p12_s2	89.147145
AG-891-J07	AG-891-J07_a5_gnd012_p17_s1	89.147145
AG-891-J07	AG-891-J07_a5_gnd013	88.239906
AG-891-J07	AG-891-J07_a5_gnd013_p10_s2	88.239906
AG-891-J07	AG-891-J07_a5_gnd013_p14_s1	88.239906
AG-891-J07	AG-891-J07_a5_gnd013_p18_s4	88.239906
AG-891-J07	AG-891-J07_a5_gnd013_p19_s3	88.239906
AG-891-J07	AG-891-J07_a5_gnd013_p8_s5	88.239906
AG-891-J07	AG-891-J07_a5_gnd014	87.340674
AG-891-J07	AG-891-J07_a5_gnd014_p20_s4	87.340674
AG-891-J07	AG-891-J07_a5_gnd014_p8_s2	87.340674
AG-891-J07	AG-891-J07_a5_gnd014_p8_s3	87.340674
AG-891-J07	AG-891-J07_a5_gnd014_p8_s5	87.340674
AG-891-J07	AG-891-J07_a5_gnd014_p9_s1	87.340674
AG-891-J07	AG-891-J07_a5_gnd015	86.424109
AG-891-J07	AG-891-J07_a5_gnd015_p0_s1	86.424109
AG-891-J07	AG-891-J07_a5_gnd015_p10_s5	86.424109
AG-891-J07	AG-891-J07_a5_gnd015_p15_s3	86.424109
AG-891-J07	AG-891-J07_a5_gnd015_p2_s4	86.424109
AG-891-J07	AG-891-J07_a5_gnd015_p7_s2	86.424109
AG-891-J07	AG-891-J07_a5_gnd016	85.506471
AG-891-J07	AG-891-J07_a5_gnd016_p10_s2	85.506471
AG-891-J07	AG-891-J07_a5_gnd016_p11_s3	85.506471
AG-891-J07	AG-891-J07_a5_gnd016_p12_s1	85.506471
AG-891-J07	AG-891-J07_a5_gnd016_p12_s4	85.506471
AG-891-J07	AG-891-J07_a5_gnd016_p12_s5	85.506471
AG-891-J07	AG-891-J07_a5_gnd017	84.596509
AG-891-J07	AG-891-J07_a5_gnd017_p0_s2	84.596509
AG-891-J07	AG-891-J07_a5_gnd017_p16_s1	84.596509
AG-891-J07	AG-891-J07_a5_gnd017_p19_s3	84.596509
AG-891-J07	AG-891-J07_a5_gnd017_p7_s5	84.596509
AG-891-J07	AG-891-J07_a5_gnd017_p8_s4	84.596509
AG-891-J07	AG-891-J07_a5_gnd018	83.702559
AG-891-J07	AG-891-J07_a5_gnd018_p13_s1	83.702559
AG-891-J07	AG-891-J07_a5_gnd018_p13_s5	83.702559
AG-891-J07	AG-891-J07_a5_gnd018_p16_s3	83.702559
AG-891-J07	AG-891-J07_a5_gnd018_p20_s2	83.702559
AG-891-J07	AG-891-J07_a5_gnd018_p5_s4	83.702559
AG-891-J07	AG-891-J07_a5_gnd019	82.794661
AG-891-J07	AG-891-J07_a5_gnd019_p10_s2	82.794661
AG-891-J07	AG-891-J07_a5_gnd019_p19_s3	82.794661
AG-891-J07	AG-891-J07_a5_gnd019_p1_s1	82.794661
AG-891-J07	AG-891-J07_a5_gnd019_p20_s4	82.794661
AG-891-J07	AG-891-J07_a5_gnd019_p9_s5	82.794661
AG-891-J07	AG-891-J07_a5_gnd020	81.898234
AG-891-J07	AG-891-J07_a5_gnd020_p11_s4	81.898234
AG-891-J07	AG-891-J07_a5_gnd020_p15_s5	81.898234
AG-891-J07	AG-891-J07_a5_gnd020_p17_s3	81.898234
AG-891-J07	AG-891-J07_a5_gnd020_p19_s1	81.898234
AG-891-J07	AG-891-J07_a5_gnd020_p19_s2	81.898234
AG-891-K05	AG-891-K05_a22_gnd00000	100.000000
AG-891-K05	AG-891-K05_a22_gnd00005	99.953944
AG-891-K05	AG-891-K05_a22_gnd00010	99.909527
AG-891-K05	AG-891-K05_a22_gnd00020	99.817841
AG-891-K05	AG-891-K05_a22_gnd00030	99.725790
AG-891-K05	AG-891-K05_a22_gnd00040	99.636470
AG-891-K05	AG-891-K05_a22_gnd00050	99.546422
AG-891-K05	AG-891-K05_a22_gnd00060	99.451398
AG-891-K05	AG-891-K05_a22_gnd00070	99.362199
AG-891-K05	AG-891-K05_a22_gnd00080	99.271302
AG-891-K05	AG-891-K05_a22_gnd00090	99.180101
AG-891-K05	AG-891-K05_a22_gnd001	99.091084
AG-891-K05	AG-891-K05_a22_gnd002	98.179498
AG-891-K05	AG-891-K05_a22_gnd003	97.264635
AG-891-K05	AG-891-K05_a22_gnd004	96.354991
AG-891-K05	AG-891-K05_a22_gnd005	95.444983
AG-891-K05	AG-891-K05_a22_gnd006	94.530242
AG-891-K05	AG-891-K05_a22_gnd007	93.614469
AG-891-K05	AG-891-K05_a22_gnd008	92.710346
AG-891-K05	AG-891-K05_a22_gnd009	91.787596
AG-891-K05	AG-891-K05_a22_gnd010	90.873643
AG-891-K05	AG-891-K05_a22_gnd011	89.974193
AG-891-K05	AG-891-K05_a22_gnd012	89.046831
AG-891-K05	AG-891-K05_a22_gnd013	88.149201
AG-891-K05	AG-891-K05_a22_gnd014	87.225297
AG-891-K05	AG-891-K05_a22_gnd015	86.324269
AG-891-K05	AG-891-K05_a22_gnd016	85.413776
AG-891-K05	AG-891-K05_a22_gnd017	84.486959
AG-891-K05	AG-891-K05_a22_gnd018	83.573128
AG-891-K05	AG-891-K05_a22_gnd019	82.647282
AG-891-K05	AG-891-K05_a22_gnd020	81.754871
AG-891-K05	AG-891-K05_a5_gnd00000	100.000000
AG-891-K05	AG-891-K05_a5_gnd00000_p13_s5	100.000000
AG-891-K05	AG-891-K05_a5_gnd00000_p18_s3	100.000000
AG-891-K05	AG-891-K05_a5_gnd00000_p18_s4	100.000000
AG-891-K05	AG-891-K05_a5_gnd00000_p20_s1	100.000000
AG-891-K05	AG-891-K05_a5_gnd00000_p20_s2	100.000000
AG-891-K05	AG-891-K05_a5_gnd00005	99.953398
AG-891-K05	AG-891-K05_a5_gnd00005_p0_s2	99.953398
AG-891-K05	AG-891-K05_a5_gnd00005_p13_s4	99.953398
AG-891-K05	AG-891-K05_a5_gnd00005_p15_s5	99.953398
AG-891-K05	AG-891-K05_a5_gnd00005_p4_s3	99.953398
AG-891-K05	AG-891-K05_a5_gnd00005_p9_s1	99.953398
AG-891-K05	AG-891-K05_a5_gnd00010	99.909224
AG-891-K05	AG-891-K05_a5_gnd00010_p0_s5	99.909224
AG-891-K05	AG-891-K05_a5_gnd00010_p11_s4	99.909224
AG-891-K05	AG-891-K05_a5_gnd00010_p13_s2	99.909224
AG-891-K05	AG-891-K05_a5_gnd00010_p16_s3	99.909224
AG-891-K05	AG-891-K05_a5_gnd00010_p20_s1	99.909224
AG-891-K05	AG-891-K05_a5_gnd00020	99.818811
AG-891-K05	AG-891-K05_a5_gnd00020_p11_s1	99.818811
AG-891-K05	AG-891-K05_a5_gnd00020_p20_s4	99.818811
AG-891-K05	AG-891-K05_a5_gnd00020_p4_s5	99.818811
AG-891-K05	AG-891-K05_a5_gnd00020_p5_s2	99.818811
AG-891-K05	AG-891-K05_a5_gnd00020_p8_s3	99.818811
AG-891-K05	AG-891-K05_a5_gnd00030	99.725729
AG-891-K05	AG-891-K05_a5_gnd00030_p10_s2	99.725729
AG-891-K05	AG-891-K05_a5_gnd00030_p11_s5	99.725729
AG-891-K05	AG-891-K05_a5_gnd00030_p19_s4	99.725729
AG-891-K05	AG-891-K05_a5_gnd00030_p8_s1	99.725729
AG-891-K05	AG-891-K05_a5_gnd00030_p8_s3	99.725729
AG-891-K05	AG-891-K05_a5_gnd00040	99.636773
AG-891-K05	AG-891-K05_a5_gnd00040_p16_s1	99.636773
AG-891-K05	AG-891-K05_a5_gnd00040_p19_s5	99.636773
AG-891-K05	AG-891-K05_a5_gnd00040_p4_s2	99.636773
AG-891-K05	AG-891-K05_a5_gnd00040_p7_s4	99.636773
AG-891-K05	AG-891-K05_a5_gnd00040_p8_s3	99.636773
AG-891-K05	AG-891-K05_a5_gnd00050	99.543570
AG-891-K05	AG-891-K05_a5_gnd00050_p0_s1	99.543570
AG-891-K05	AG-891-K05_a5_gnd00050_p16_s4	99.543570
AG-891-K05	AG-891-K05_a5_gnd00050_p20_s2	99.543570
AG-891-K05	AG-891-K05_a5_gnd00050_p6_s5	99.543570
AG-891-K05	AG-891-K05_a5_gnd00050_p7_s3	99.543570
AG-891-K05	AG-891-K05_a5_gnd00060	99.451641
AG-891-K05	AG-891-K05_a5_gnd00060_p10_s5	99.451641
AG-891-K05	AG-891-K05_a5_gnd00060_p11_s4	99.451641
AG-891-K05	AG-891-K05_a5_gnd00060_p16_s3	99.451641
AG-891-K05	AG-891-K05_a5_gnd00060_p18_s2	99.451641
AG-891-K05	AG-891-K05_a5_gnd00060_p9_s1	99.451641
AG-891-K05	AG-891-K05_a5_gnd00070	99.361289
AG-891-K05	AG-891-K05_a5_gnd00070_p12_s4	99.361289
AG-891-K05	AG-891-K05_a5_gnd00070_p15_s3	99.361289
AG-891-K05	AG-891-K05_a5_gnd00070_p17_s1	99.361289
AG-891-K05	AG-891-K05_a5_gnd00070_p19_s2	99.361289
AG-891-K05	AG-891-K05_a5_gnd00070_p19_s5	99.361289
AG-891-K05	AG-891-K05_a5_gnd00080	99.268510
AG-891-K05	AG-891-K05_a5_gnd00080_p16_s4	99.268510
AG-891-K05	AG-891-K05_a5_gnd00080_p19_s5	99.268510
AG-891-K05	AG-891-K05_a5_gnd00080_p20_s2	99.268510
AG-891-K05	AG-891-K05_a5_gnd00080_p4_s3	99.268510
AG-891-K05	AG-891-K05_a5_gnd00080_p8_s1	99.268510
AG-891-K05	AG-891-K05_a5_gnd00090	99.183013
AG-891-K05	AG-891-K05_a5_gnd00090_p10_s3	99.183013
AG-891-K05	AG-891-K05_a5_gnd00090_p12_s2	99.183013
AG-891-K05	AG-891-K05_a5_gnd00090_p17_s1	99.183013
AG-891-K05	AG-891-K05_a5_gnd00090_p19_s5	99.183013
AG-891-K05	AG-891-K05_a5_gnd00090_p20_s4	99.183013
AG-891-K05	AG-891-K05_a5_gnd001	99.089749
AG-891-K05	AG-891-K05_a5_gnd001_p16_s5	99.089749
AG-891-K05	AG-891-K05_a5_gnd001_p18_s2	99.089749
AG-891-K05	AG-891-K05_a5_gnd001_p19_s4	99.089749
AG-891-K05	AG-891-K05_a5_gnd001_p4_s1	99.089749
AG-891-K05	AG-891-K05_a5_gnd001_p8_s3	99.089749
AG-891-K05	AG-891-K05_a5_gnd002	98.179680
AG-891-K05	AG-891-K05_a5_gnd002_p16_s2	98.179680
AG-891-K05	AG-891-K05_a5_gnd002_p18_s1	98.179680
AG-891-K05	AG-891-K05_a5_gnd002_p18_s5	98.179680
AG-891-K05	AG-891-K05_a5_gnd002_p19_s3	98.179680
AG-891-K05	AG-891-K05_a5_gnd002_p8_s4	98.179680
AG-891-K05	AG-891-K05_a5_gnd003	97.270461
AG-891-K05	AG-891-K05_a5_gnd003_p12_s1	97.270461
AG-891-K05	AG-891-K05_a5_gnd003_p13_s3	97.270461
AG-891-K05	AG-891-K05_a5_gnd003_p19_s2	97.270461
AG-891-K05	AG-891-K05_a5_gnd003_p19_s4	97.270461
AG-891-K05	AG-891-K05_a5_gnd003_p9_s5	97.270461
AG-891-K05	AG-891-K05_a5_gnd004	96.359785
AG-891-K05	AG-891-K05_a5_gnd004_p10_s1	96.359785
AG-891-K05	AG-891-K05_a5_gnd004_p14_s3	96.359785
AG-891-K05	AG-891-K05_a5_gnd004_p19_s4	96.359785
AG-891-K05	AG-891-K05_a5_gnd004_p20_s5	96.359785
AG-891-K05	AG-891-K05_a5_gnd004_p8_s2	96.359785
AG-891-K05	AG-891-K05_a5_gnd005	95.442131
AG-891-K05	AG-891-K05_a5_gnd005_p17_s3	95.442131
AG-891-K05	AG-891-K05_a5_gnd005_p20_s1	95.442131
AG-891-K05	AG-891-K05_a5_gnd005_p8_s2	95.442131
AG-891-K05	AG-891-K05_a5_gnd005_p8_s4	95.442131
AG-891-K05	AG-891-K05_a5_gnd005_p9_s5	95.442131
AG-891-K05	AG-891-K05_a5_gnd006	94.527329
AG-891-K05	AG-891-K05_a5_gnd006_p0_s5	94.527329
AG-891-K05	AG-891-K05_a5_gnd006_p11_s1	94.527329
AG-891-K05	AG-891-K05_a5_gnd006_p12_s2	94.527329
AG-891-K05	AG-891-K05_a5_gnd006_p4_s4	94.527329
AG-891-K05	AG-891-K05_a5_gnd006_p8_s3	94.527329
AG-891-K05	AG-891-K05_a5_gnd007	93.607187
AG-891-K05	AG-891-K05_a5_gnd007_p11_s3	93.607187
AG-891-K05	AG-891-K05_a5_gnd007_p19_s5	93.607187
AG-891-K05	AG-891-K05_a5_gnd007_p20_s1	93.607187
AG-891-K05	AG-891-K05_a5_gnd007_p20_s4	93.607187
AG-891-K05	AG-891-K05_a5_gnd007_p2_s2	93.607187
AG-891-K05	AG-891-K05_a5_gnd008	92.719327
AG-891-K05	AG-891-K05_a5_gnd008_p10_s5	92.719327
AG-891-K05	AG-891-K05_a5_gnd008_p11_s1	92.719327
AG-891-K05	AG-891-K05_a5_gnd008_p16_s2	92.719327
AG-891-K05	AG-891-K05_a5_gnd008_p5_s3	92.719327
AG-891-K05	AG-891-K05_a5_gnd008_p7_s4	92.719327
AG-891-K05	AG-891-K05_a5_gnd009	91.795241
AG-891-K05	AG-891-K05_a5_gnd009_p10_s4	91.795241
AG-891-K05	AG-891-K05_a5_gnd009_p11_s1	91.795241
AG-891-K05	AG-891-K05_a5_gnd009_p16_s3	91.795241
AG-891-K05	AG-891-K05_a5_gnd009_p16_s5	91.795241
AG-891-K05	AG-891-K05_a5_gnd009_p9_s2	91.795241
AG-891-K05	AG-891-K05_a5_gnd010	90.874311
AG-891-K05	AG-891-K05_a5_gnd010_p10_s1	90.874311
AG-891-K05	AG-891-K05_a5_gnd010_p10_s5	90.874311
AG-891-K05	AG-891-K05_a5_gnd010_p19_s4	90.874311
AG-891-K05	AG-891-K05_a5_gnd010_p20_s2	90.874311
AG-891-K05	AG-891-K05_a5_gnd010_p7_s3	90.874311
AG-891-K05	AG-891-K05_a5_gnd011	89.968064
AG-891-K05	AG-891-K05_a5_gnd011_p11_s3	89.968064
AG-891-K05	AG-891-K05_a5_gnd011_p13_s2	89.968064
AG-891-K05	AG-891-K05_a5_gnd011_p13_s4	89.968064
AG-891-K05	AG-891-K05_a5_gnd011_p16_s5	89.968064
AG-891-K05	AG-891-K05_a5_gnd011_p4_s1	89.968064
AG-891-K05	AG-891-K05_a5_gnd012	89.047377
AG-891-K05	AG-891-K05_a5_gnd012_p12_s5	89.047377
AG-891-K05	AG-891-K05_a5_gnd012_p15_s3	89.047377
AG-891-K05	AG-891-K05_a5_gnd012_p18_s1	89.047377
AG-891-K05	AG-891-K05_a5_gnd012_p1_s2	89.047377
AG-891-K05	AG-891-K05_a5_gnd012_p20_s4	89.047377
AG-891-K05	AG-891-K05_a5_gnd013	88.132635
AG-891-K05	AG-891-K05_a5_gnd013_p10_s2	88.132635
AG-891-K05	AG-891-K05_a5_gnd013_p10_s3	88.132635
AG-891-K05	AG-891-K05_a5_gnd013_p13_s1	88.132635
AG-891-K05	AG-891-K05_a5_gnd013_p14_s4	88.132635
AG-891-K05	AG-891-K05_a5_gnd013_p20_s5	88.132635
AG-891-K05	AG-891-K05_a5_gnd014	87.229241
AG-891-K05	AG-891-K05_a5_gnd014_p12_s1	87.229241
AG-891-K05	AG-891-K05_a5_gnd014_p13_s3	87.229241
AG-891-K05	AG-891-K05_a5_gnd014_p18_s5	87.229241
AG-891-K05	AG-891-K05_a5_gnd014_p19_s4	87.229241
AG-891-K05	AG-891-K05_a5_gnd014_p8_s2	87.229241
AG-891-K05	AG-891-K05_a5_gnd015	86.320082
AG-891-K05	AG-891-K05_a5_gnd015_p10_s3	86.320082
AG-891-K05	AG-891-K05_a5_gnd015_p12_s4	86.320082
AG-891-K05	AG-891-K05_a5_gnd015_p15_s1	86.320082
AG-891-K05	AG-891-K05_a5_gnd015_p8_s2	86.320082
AG-891-K05	AG-891-K05_a5_gnd015_p9_s5	86.320082
AG-891-K05	AG-891-K05_a5_gnd016	85.402793
AG-891-K05	AG-891-K05_a5_gnd016_p11_s4	85.402793
AG-891-K05	AG-891-K05_a5_gnd016_p16_s2	85.402793
AG-891-K05	AG-891-K05_a5_gnd016_p17_s1	85.402793
AG-891-K05	AG-891-K05_a5_gnd016_p7_s3	85.402793
AG-891-K05	AG-891-K05_a5_gnd016_p7_s5	85.402793
AG-891-K05	AG-891-K05_a5_gnd017	84.490843
AG-891-K05	AG-891-K05_a5_gnd017_p11_s5	84.490843
AG-891-K05	AG-891-K05_a5_gnd017_p13_s3	84.490843
AG-891-K05	AG-891-K05_a5_gnd017_p16_s4	84.490843
AG-891-K05	AG-891-K05_a5_gnd017_p4_s2	84.490843
AG-891-K05	AG-891-K05_a5_gnd017_p9_s1	84.490843
AG-891-K05	AG-891-K05_a5_gnd018	83.558747
AG-891-K05	AG-891-K05_a5_gnd018_p15_s1	83.558747
AG-891-K05	AG-891-K05_a5_gnd018_p18_s3	83.558747
AG-891-K05	AG-891-K05_a5_gnd018_p19_s5	83.558747
AG-891-K05	AG-891-K05_a5_gnd018_p4_s4	83.558747
AG-891-K05	AG-891-K05_a5_gnd018_p5_s2	83.558747
AG-891-K05	AG-891-K05_a5_gnd019	82.670341
AG-891-K05	AG-891-K05_a5_gnd019_p0_s5	82.670341
AG-891-K05	AG-891-K05_a5_gnd019_p14_s2	82.670341
AG-891-K05	AG-891-K05_a5_gnd019_p19_s4	82.670341
AG-891-K05	AG-891-K05_a5_gnd019_p6_s3	82.670341
AG-891-K05	AG-891-K05_a5_gnd019_p9_s1	82.670341
AG-891-K05	AG-891-K05_a5_gnd020	81.731752
AG-891-K05	AG-891-K05_a5_gnd020_p13_s5	81.731752
AG-891-K05	AG-891-K05_a5_gnd020_p14_s2	81.731752
AG-891-K05	AG-891-K05_a5_gnd020_p17_s3	81.731752
AG-891-K05	AG-891-K05_a5_gnd020_p18_s1	81.731752
AG-891-K05	AG-891-K05_a5_gnd020_p19_s4	81.731752
AG-892-F15	AG-892-F15_a22_gnd00000	100.000000
AG-892-F15	AG-892-F15_a22_gnd00005	99.953837
AG-892-F15	AG-892-F15_a22_gnd00010	99.908891
AG-892-F15	AG-892-F15_a22_gnd00020	99.817496
AG-892-F15	AG-892-F15_a22_gnd00030	99.728892
AG-892-F15	AG-892-F15_a22_gnd00040	99.635635
AG-892-F15	AG-892-F15_a22_gnd00050	99.543954
AG-892-F15	AG-892-F15_a22_gnd00060	99.449409
AG-892-F15	AG-892-F15_a22_gnd00070	99.360734
AG-892-F15	AG-892-F15_a22_gnd00080	99.272416
AG-892-F15	AG-892-F15_a22_gnd00090	99.181808
AG-892-F15	AG-892-F15_a22_gnd001	99.093419
AG-892-F15	AG-892-F15_a22_gnd002	98.180754
AG-892-F15	AG-892-F15_a22_gnd003	97.272813
AG-892-F15	AG-892-F15_a22_gnd004	96.360004
AG-892-F15	AG-892-F15_a22_gnd005	95.455212
AG-892-F15	AG-892-F15_a22_gnd006	94.545625
AG-892-F15	AG-892-F15_a22_gnd007	93.637684
AG-892-F15	AG-892-F15_a22_gnd008	92.730029
AG-892-F15	AG-892-F15_a22_gnd009	91.819869
AG-892-F15	AG-892-F15_a22_gnd010	90.897542
AG-892-F15	AG-892-F15_a22_gnd011	89.998476
AG-892-F15	AG-892-F15_a22_gnd012	89.080872
AG-892-F15	AG-892-F15_a22_gnd013	88.179444
AG-892-F15	AG-892-F15_a22_gnd014	87.257189
AG-892-F15	AG-892-F15_a22_gnd015	86.339013
AG-892-F15	AG-892-F15_a22_gnd016	85.424058
AG-892-F15	AG-892-F15_a22_gnd017	84.521842
AG-892-F15	AG-892-F15_a22_gnd018	83.603523
AG-892-F15	AG-892-F15_a22_gnd019	82.692290
AG-892-F15	AG-892-F15_a22_gnd020	81.782273
AG-892-F15	AG-892-F15_a5_gnd00000	100.000000
AG-892-F15	AG-892-F15_a5_gnd00000_p0_s2	100.000000
AG-892-F15	AG-892-F15_a5_gnd00000_p20_s1	100.000000
AG-892-F15	AG-892-F15_a5_gnd00000_p20_s3	100.000000
AG-892-F15	AG-892-F15_a5_gnd00000_p8_s4	100.000000
AG-892-F15	AG-892-F15_a5_gnd00000_p9_s5	100.000000
AG-892-F15	AG-892-F15_a5_gnd00005	99.954696
AG-892-F15	AG-892-F15_a5_gnd00005_p11_s4	99.954696
AG-892-F15	AG-892-F15_a5_gnd00005_p16_s5	99.954696
AG-892-F15	AG-892-F15_a5_gnd00005_p19_s1	99.954696
AG-892-F15	AG-892-F15_a5_gnd00005_p19_s2	99.954696
AG-892-F15	AG-892-F15_a5_gnd00005_p19_s3	99.954696
AG-892-F15	AG-892-F15_a5_gnd00010	99.909177
AG-892-F15	AG-892-F15_a5_gnd00010_p14_s5	99.909177
AG-892-F15	AG-892-F15_a5_gnd00010_p18_s1	99.909177
AG-892-F15	AG-892-F15_a5_gnd00010_p18_s4	99.909177
AG-892-F15	AG-892-F15_a5_gnd00010_p19_s2	99.909177
AG-892-F15	AG-892-F15_a5_gnd00010_p4_s3	99.909177
AG-892-F15	AG-892-F15_a5_gnd00020	99.817138
AG-892-F15	AG-892-F15_a5_gnd00020_p10_s2	99.817138
AG-892-F15	AG-892-F15_a5_gnd00020_p12_s3	99.817138
AG-892-F15	AG-892-F15_a5_gnd00020_p14_s4	99.817138
AG-892-F15	AG-892-F15_a5_gnd00020_p15_s5	99.817138
AG-892-F15	AG-892-F15_a5_gnd00020_p16_s1	99.817138
AG-892-F15	AG-892-F15_a5_gnd00030	99.727961
AG-892-F15	AG-892-F15_a5_gnd00030_p13_s5	99.727961
AG-892-F15	AG-892-F15_a5_gnd00030_p14_s1	99.727961
AG-892-F15	AG-892-F15_a5_gnd00030_p14_s3	99.727961
AG-892-F15	AG-892-F15_a5_gnd00030_p19_s4	99.727961
AG-892-F15	AG-892-F15_a5_gnd00030_p1_s2	99.727961
AG-892-F15	AG-892-F15_a5_gnd00040	99.635278
AG-892-F15	AG-892-F15_a5_gnd00040_p10_s5	99.635278
AG-892-F15	AG-892-F15_a5_gnd00040_p12_s2	99.635278
AG-892-F15	AG-892-F15_a5_gnd00040_p12_s3	99.635278
AG-892-F15	AG-892-F15_a5_gnd00040_p15_s4	99.635278
AG-892-F15	AG-892-F15_a5_gnd00040_p1_s1	99.635278
AG-892-F15	AG-892-F15_a5_gnd00050	99.549823
AG-892-F15	AG-892-F15_a5_gnd00050_p13_s1	99.549823
AG-892-F15	AG-892-F15_a5_gnd00050_p16_s2	99.549823
AG-892-F15	AG-892-F15_a5_gnd00050_p20_s3	99.549823
AG-892-F15	AG-892-F15_a5_gnd00050_p20_s4	99.549823
AG-892-F15	AG-892-F15_a5_gnd00050_p9_s5	99.549823
AG-892-F15	AG-892-F15_a5_gnd00060	99.454563
AG-892-F15	AG-892-F15_a5_gnd00060_p10_s2	99.454563
AG-892-F15	AG-892-F15_a5_gnd00060_p14_s1	99.454563
AG-892-F15	AG-892-F15_a5_gnd00060_p18_s4	99.454563
AG-892-F15	AG-892-F15_a5_gnd00060_p20_s3	99.454563
AG-892-F15	AG-892-F15_a5_gnd00060_p7_s5	99.454563
AG-892-F15	AG-892-F15_a5_gnd00070	99.365100
AG-892-F15	AG-892-F15_a5_gnd00070_p11_s1	99.365100
AG-892-F15	AG-892-F15_a5_gnd00070_p16_s2	99.365100
AG-892-F15	AG-892-F15_a5_gnd00070_p18_s4	99.365100
AG-892-F15	AG-892-F15_a5_gnd00070_p20_s5	99.365100
AG-892-F15	AG-892-F15_a5_gnd00070_p4_s3	99.365100
AG-892-F15	AG-892-F15_a5_gnd00080	99.271915
AG-892-F15	AG-892-F15_a5_gnd00080_p0_s5	99.271915
AG-892-F15	AG-892-F15_a5_gnd00080_p6_s2	99.271915
AG-892-F15	AG-892-F15_a5_gnd00080_p7_s3	99.271915
AG-892-F15	AG-892-F15_a5_gnd00080_p7_s4	99.271915
AG-892-F15	AG-892-F15_a5_gnd00080_p8_s1	99.271915
AG-892-F15	AG-892-F15_a5_gnd00090	99.186388
AG-892-F15	AG-892-F15_a5_gnd00090_p14_s1	99.186388
AG-892-F15	AG-892-F15_a5_gnd00090_p14_s3	99.186388
AG-892-F15	AG-892-F15_a5_gnd00090_p18_s4	99.186388
AG-892-F15	AG-892-F15_a5_gnd00090_p1_s5	99.186388
AG-892-F15	AG-892-F15_a5_gnd00090_p7_s2	99.186388
AG-892-F15	AG-892-F15_a5_gnd001	99.090341
AG-892-F15	AG-892-F15_a5_gnd001_p14_s4	99.090341
AG-892-F15	AG-892-F15_a5_gnd001_p15_s1	99.090341
AG-892-F15	AG-892-F15_a5_gnd001_p19_s5	99.090341
AG-892-F15	AG-892-F15_a5_gnd001_p7_s2	99.090341
AG-892-F15	AG-892-F15_a5_gnd001_p8_s3	99.090341
AG-892-F15	AG-892-F15_a5_gnd002	98.185048
AG-892-F15	AG-892-F15_a5_gnd002_p0_s5	98.185048
AG-892-F15	AG-892-F15_a5_gnd002_p10_s3	98.185048
AG-892-F15	AG-892-F15_a5_gnd002_p13_s1	98.185048
AG-892-F15	AG-892-F15_a5_gnd002_p6_s2	98.185048
AG-892-F15	AG-892-F15_a5_gnd002_p7_s4	98.185048
AG-892-F15	AG-892-F15_a5_gnd003	97.268876
AG-892-F15	AG-892-F15_a5_gnd003_p10_s3	97.268876
AG-892-F15	AG-892-F15_a5_gnd003_p14_s1	97.268876
AG-892-F15	AG-892-F15_a5_gnd003_p18_s2	97.268876
AG-892-F15	AG-892-F15_a5_gnd003_p20_s5	97.268876
AG-892-F15	AG-892-F15_a5_gnd003_p6_s4	97.268876
AG-892-F15	AG-892-F15_a5_gnd004	96.359289
AG-892-F15	AG-892-F15_a5_gnd004_p13_s2	96.359289
AG-892-F15	AG-892-F15_a5_gnd004_p16_s1	96.359289
AG-892-F15	AG-892-F15_a5_gnd004_p18_s3	96.359289
AG-892-F15	AG-892-F15_a5_gnd004_p19_s5	96.359289
AG-892-F15	AG-892-F15_a5_gnd004_p3_s4	96.359289
AG-892-F15	AG-892-F15_a5_gnd005	95.451419
AG-892-F15	AG-892-F15_a5_gnd005_p10_s1	95.451419
AG-892-F15	AG-892-F15_a5_gnd005_p13_s3	95.451419
AG-892-F15	AG-892-F15_a5_gnd005_p15_s4	95.451419
AG-892-F15	AG-892-F15_a5_gnd005_p20_s2	95.451419
AG-892-F15	AG-892-F15_a5_gnd005_p7_s5	95.451419
AG-892-F15	AG-892-F15_a5_gnd006	94.535963
AG-892-F15	AG-892-F15_a5_gnd006_p13_s2	94.535963
AG-892-F15	AG-892-F15_a5_gnd006_p15_s4	94.535963
AG-892-F15	AG-892-F15_a5_gnd006_p1_s1	94.535963
AG-892-F15	AG-892-F15_a5_gnd006_p20_s3	94.535963
AG-892-F15	AG-892-F15_a5_gnd006_p6_s5	94.535963
AG-892-F15	AG-892-F15_a5_gnd007	93.626662
AG-892-F15	AG-892-F15_a5_gnd007_p20_s2	93.626662
AG-892-F15	AG-892-F15_a5_gnd007_p20_s4	93.626662
AG-892-F15	AG-892-F15_a5_gnd007_p4_s5	93.626662
AG-892-F15	AG-892-F15_a5_gnd007_p8_s1	93.626662
AG-892-F15	AG-892-F15_a5_gnd007_p8_s3	93.626662
AG-892-F15	AG-892-F15_a5_gnd008	92.721798
AG-892-F15	AG-892-F15_a5_gnd008_p10_s3	92.721798
AG-892-F15	AG-892-F15_a5_gnd008_p13_s2	92.721798
AG-892-F15	AG-892-F15_a5_gnd008_p14_s1	92.721798
AG-892-F15	AG-892-F15_a5_gnd008_p14_s4	92.721798
AG-892-F15	AG-892-F15_a5_gnd008_p17_s5	92.721798
AG-892-F15	AG-892-F15_a5_gnd009	91.808489
AG-892-F15	AG-892-F15_a5_gnd009_p10_s4	91.808489
AG-892-F15	AG-892-F15_a5_gnd009_p14_s5	91.808489
AG-892-F15	AG-892-F15_a5_gnd009_p18_s1	91.808489
AG-892-F15	AG-892-F15_a5_gnd009_p20_s3	91.808489
AG-892-F15	AG-892-F15_a5_gnd009_p9_s2	91.808489
AG-892-F15	AG-892-F15_a5_gnd010	90.900906
AG-892-F15	AG-892-F15_a5_gnd010_p13_s2	90.900906
AG-892-F15	AG-892-F15_a5_gnd010_p15_s5	90.900906
AG-892-F15	AG-892-F15_a5_gnd010_p17_s3	90.900906
AG-892-F15	AG-892-F15_a5_gnd010_p19_s1	90.900906
AG-892-F15	AG-892-F15_a5_gnd010_p6_s4	90.900906
AG-892-F15	AG-892-F15_a5_gnd011	89.991533
AG-892-F15	AG-892-F15_a5_gnd011_p12_s5	89.991533
AG-892-F15	AG-892-F15_a5_gnd011_p16_s4	89.991533
AG-892-F15	AG-892-F15_a5_gnd011_p17_s3	89.991533
AG-892-F15	AG-892-F15_a5_gnd011_p5_s2	89.991533
AG-892-F15	AG-892-F15_a5_gnd011_p8_s1	89.991533
AG-892-F15	AG-892-F15_a5_gnd012	89.074431
AG-892-F15	AG-892-F15_a5_gnd012_p0_s4	89.074431
AG-892-F15	AG-892-F15_a5_gnd012_p14_s2	89.074431
AG-892-F15	AG-892-F15_a5_gnd012_p17_s3	89.074431
AG-892-F15	AG-892-F15_a5_gnd012_p7_s5	89.074431
AG-892-F15	AG-892-F15_a5_gnd012_p9_s1	89.074431
AG-892-F15	AG-892-F15_a5_gnd013	88.161695
AG-892-F15	AG-892-F15_a5_gnd013_p12_s3	88.161695
AG-892-F15	AG-892-F15_a5_gnd013_p12_s5	88.161695
AG-892-F15	AG-892-F15_a5_gnd013_p13_s4	88.161695
AG-892-F15	AG-892-F15_a5_gnd013_p19_s2	88.161695
AG-892-F15	AG-892-F15_a5_gnd013_p8_s1	88.161695
AG-892-F15	AG-892-F15_a5_gnd014	87.278230
AG-892-F15	AG-892-F15_a5_gnd014_p11_s2	87.278230
AG-892-F15	AG-892-F15_a5_gnd014_p14_s3	87.278230
AG-892-F15	AG-892-F15_a5_gnd014_p14_s5	87.278230
AG-892-F15	AG-892-F15_a5_gnd014_p16_s1	87.278230
AG-892-F15	AG-892-F15_a5_gnd014_p19_s4	87.278230
AG-892-F15	AG-892-F15_a5_gnd015	86.340587
AG-892-F15	AG-892-F15_a5_gnd015_p15_s5	86.340587
AG-892-F15	AG-892-F15_a5_gnd015_p18_s2	86.340587
AG-892-F15	AG-892-F15_a5_gnd015_p19_s4	86.340587
AG-892-F15	AG-892-F15_a5_gnd015_p20_s1	86.340587
AG-892-F15	AG-892-F15_a5_gnd015_p4_s3	86.340587
AG-892-F15	AG-892-F15_a5_gnd016	85.441163
AG-892-F15	AG-892-F15_a5_gnd016_p10_s2	85.441163
AG-892-F15	AG-892-F15_a5_gnd016_p13_s3	85.441163
AG-892-F15	AG-892-F15_a5_gnd016_p15_s5	85.441163
AG-892-F15	AG-892-F15_a5_gnd016_p20_s4	85.441163
AG-892-F15	AG-892-F15_a5_gnd016_p9_s1	85.441163
AG-892-F15	AG-892-F15_a5_gnd017	84.529572
AG-892-F15	AG-892-F15_a5_gnd017_p10_s3	84.529572
AG-892-F15	AG-892-F15_a5_gnd017_p14_s2	84.529572
AG-892-F15	AG-892-F15_a5_gnd017_p18_s5	84.529572
AG-892-F15	AG-892-F15_a5_gnd017_p19_s4	84.529572
AG-892-F15	AG-892-F15_a5_gnd017_p7_s1	84.529572
AG-892-F15	AG-892-F15_a5_gnd018	83.598227
AG-892-F15	AG-892-F15_a5_gnd018_p1_s3	83.598227
AG-892-F15	AG-892-F15_a5_gnd018_p20_s2	83.598227
AG-892-F15	AG-892-F15_a5_gnd018_p5_s1	83.598227
AG-892-F15	AG-892-F15_a5_gnd018_p8_s4	83.598227
AG-892-F15	AG-892-F15_a5_gnd018_p9_s5	83.598227
AG-892-F15	AG-892-F15_a5_gnd019	82.697085
AG-892-F15	AG-892-F15_a5_gnd019_p15_s5	82.697085
AG-892-F15	AG-892-F15_a5_gnd019_p16_s1	82.697085
AG-892-F15	AG-892-F15_a5_gnd019_p17_s3	82.697085
AG-892-F15	AG-892-F15_a5_gnd019_p6_s2	82.697085
AG-892-F15	AG-892-F15_a5_gnd019_p7_s4	82.697085
AG-892-F15	AG-892-F15_a5_gnd020	81.776404
AG-892-F15	AG-892-F15_a5_gnd020_p0_s4	81.776404
AG-892-F15	AG-892-F15_a5_gnd020_p19_s1	81.776404
AG-892-F15	AG-892-F15_a5_gnd020_p5_s3	81.776404
AG-892-F15	AG-892-F15_a5_gnd020_p6_s5	81.776404
AG-892-F15	AG-892-F15_a5_gnd020_p9_s2	81.776404
AG-893-E23	AG-893-E23_a22_gnd00000	100.000000
AG-893-E23	AG-893-E23_a22_gnd00005	99.954007
AG-893-E23	AG-893-E23_a22_gnd00010	99.909307
AG-893-E23	AG-893-E23_a22_gnd00020	99.819332
AG-893-E23	AG-893-E23_a22_gnd00030	99.726483
AG-893-E23	AG-893-E23_a22_gnd00040	99.636077
AG-893-E23	AG-893-E23_a22_gnd00050	99.546677
AG-893-E23	AG-893-E23_a22_gnd00060	99.455193
AG-893-E23	AG-893-E23_a22_gnd00070	99.364859
AG-893-E23	AG-893-E23_a22_gnd00080	99.271076
AG-893-E23	AG-893-E23_a22_gnd00090	99.182467
AG-893-E23	AG-893-E23_a22_gnd001	99.094648
AG-893-E23	AG-893-E23_a22_gnd002	98.175426
AG-893-E23	AG-893-E23_a22_gnd003	97.275177
AG-893-E23	AG-893-E23_a22_gnd004	96.371765
AG-893-E23	AG-893-E23_a22_gnd005	95.470437
AG-893-E23	AG-893-E23_a22_gnd006	94.544029
AG-893-E23	AG-893-E23_a22_gnd007	93.637887
AG-893-E23	AG-893-E23_a22_gnd008	92.724198
AG-893-E23	AG-893-E23_a22_gnd009	91.814750
AG-893-E23	AG-893-E23_a22_gnd010	90.913279
AG-893-E23	AG-893-E23_a22_gnd011	89.996572
AG-893-E23	AG-893-E23_a22_gnd012	89.089136
AG-893-E23	AG-893-E23_a22_gnd013	88.158847
AG-893-E23	AG-893-E23_a22_gnd014	87.266071
AG-893-E23	AG-893-E23_a22_gnd015	86.349149
AG-893-E23	AG-893-E23_a22_gnd016	85.448828
AG-893-E23	AG-893-E23_a22_gnd017	84.529821
AG-893-E23	AG-893-E23_a22_gnd018	83.625691
AG-893-E23	AG-893-E23_a22_gnd019	82.723214
AG-893-E23	AG-893-E23_a22_gnd020	81.792422
AG-893-E23	AG-893-E23_a5_gnd00000	100.000000
AG-893-E23	AG-893-E23_a5_gnd00000_p0_s2	100.000000
AG-893-E23	AG-893-E23_a5_gnd00000_p14_s1	100.000000
AG-893-E23	AG-893-E23_a5_gnd00000_p14_s4	100.000000
AG-893-E23	AG-893-E23_a5_gnd00000_p15_s3	100.000000
AG-893-E23	AG-893-E23_a5_gnd00000_p18_s5	100.000000
AG-893-E23	AG-893-E23_a5_gnd00005	99.954941
AG-893-E23	AG-893-E23_a5_gnd00005_p11_s3	99.954941
AG-893-E23	AG-893-E23_a5_gnd00005_p13_s4	99.954941
AG-893-E23	AG-893-E23_a5_gnd00005_p15_s1	99.954941
AG-893-E23	AG-893-E23_a5_gnd00005_p7_s5	99.954941
AG-893-E23	AG-893-E23_a5_gnd00005_p9_s2	99.954941
AG-893-E23	AG-893-E23_a5_gnd00010	99.910025
AG-893-E23	AG-893-E23_a5_gnd00010_p10_s2	99.910025
AG-893-E23	AG-893-E23_a5_gnd00010_p16_s1	99.910025
AG-893-E23	AG-893-E23_a5_gnd00010_p19_s3	99.910025
AG-893-E23	AG-893-E23_a5_gnd00010_p20_s4	99.910025
AG-893-E23	AG-893-E23_a5_gnd00010_p20_s5	99.910025
AG-893-E23	AG-893-E23_a5_gnd00020	99.819404
AG-893-E23	AG-893-E23_a5_gnd00020_p0_s5	99.819404
AG-893-E23	AG-893-E23_a5_gnd00020_p12_s1	99.819404
AG-893-E23	AG-893-E23_a5_gnd00020_p15_s2	99.819404
AG-893-E23	AG-893-E23_a5_gnd00020_p3_s3	99.819404
AG-893-E23	AG-893-E23_a5_gnd00020_p5_s4	99.819404
AG-893-E23	AG-893-E23_a5_gnd00030	99.727561
AG-893-E23	AG-893-E23_a5_gnd00030_p11_s2	99.727561
AG-893-E23	AG-893-E23_a5_gnd00030_p11_s3	99.727561
AG-893-E23	AG-893-E23_a5_gnd00030_p15_s1	99.727561
AG-893-E23	AG-893-E23_a5_gnd00030_p15_s5	99.727561
AG-893-E23	AG-893-E23_a5_gnd00030_p4_s4	99.727561
AG-893-E23	AG-893-E23_a5_gnd00040	99.635933
AG-893-E23	AG-893-E23_a5_gnd00040_p0_s2	99.635933
AG-893-E23	AG-893-E23_a5_gnd00040_p10_s1	99.635933
AG-893-E23	AG-893-E23_a5_gnd00040_p19_s4	99.635933
AG-893-E23	AG-893-E23_a5_gnd00040_p5_s5	99.635933
AG-893-E23	AG-893-E23_a5_gnd00040_p7_s3	99.635933
AG-893-E23	AG-893-E23_a5_gnd00050	99.544018
AG-893-E23	AG-893-E23_a5_gnd00050_p0_s2	99.544018
AG-893-E23	AG-893-E23_a5_gnd00050_p14_s4	99.544018
AG-893-E23	AG-893-E23_a5_gnd00050_p16_s1	99.544018
AG-893-E23	AG-893-E23_a5_gnd00050_p20_s3	99.544018
AG-893-E23	AG-893-E23_a5_gnd00050_p20_s5	99.544018
AG-893-E23	AG-893-E23_a5_gnd00060	99.454690
AG-893-E23	AG-893-E23_a5_gnd00060_p0_s2	99.454690
AG-893-E23	AG-893-E23_a5_gnd00060_p10_s3	99.454690
AG-893-E23	AG-893-E23_a5_gnd00060_p13_s4	99.454690
AG-893-E23	AG-893-E23_a5_gnd00060_p17_s5	99.454690
AG-893-E23	AG-893-E23_a5_gnd00060_p7_s1	99.454690
AG-893-E23	AG-893-E23_a5_gnd00070	99.364859
AG-893-E23	AG-893-E23_a5_gnd00070_p12_s2	99.364859
AG-893-E23	AG-893-E23_a5_gnd00070_p13_s1	99.364859
AG-893-E23	AG-893-E23_a5_gnd00070_p17_s5	99.364859
AG-893-E23	AG-893-E23_a5_gnd00070_p2_s3	99.364859
AG-893-E23	AG-893-E23_a5_gnd00070_p3_s4	99.364859
AG-893-E23	AG-893-E23_a5_gnd00080	99.274885
AG-893-E23	AG-893-E23_a5_gnd00080_p0_s1	99.274885
AG-893-E23	AG-893-E23_a5_gnd00080_p11_s3	99.274885
AG-893-E23	AG-893-E23_a5_gnd00080_p16_s2	99.274885
AG-893-E23	AG-893-E23_a5_gnd00080_p17_s4	99.274885
AG-893-E23	AG-893-E23_a5_gnd00080_p6_s5	99.274885
AG-893-E23	AG-893-E23_a5_gnd00090	99.179664
AG-893-E23	AG-893-E23_a5_gnd00090_p13_s4	99.179664
AG-893-E23	AG-893-E23_a5_gnd00090_p14_s2	99.179664
AG-893-E23	AG-893-E23_a5_gnd00090_p20_s1	99.179664
AG-893-E23	AG-893-E23_a5_gnd00090_p20_s5	99.179664
AG-893-E23	AG-893-E23_a5_gnd00090_p9_s3	99.179664
AG-893-E23	AG-893-E23_a5_gnd001	99.090336
AG-893-E23	AG-893-E23_a5_gnd001_p10_s4	99.090336
AG-893-E23	AG-893-E23_a5_gnd001_p10_s5	99.090336
AG-893-E23	AG-893-E23_a5_gnd001_p13_s1	99.090336
AG-893-E23	AG-893-E23_a5_gnd001_p19_s2	99.090336
AG-893-E23	AG-893-E23_a5_gnd001_p7_s3	99.090336
AG-893-E23	AG-893-E23_a5_gnd002	98.186853
AG-893-E23	AG-893-E23_a5_gnd002_p16_s4	98.186853
AG-893-E23	AG-893-E23_a5_gnd002_p18_s1	98.186853
AG-893-E23	AG-893-E23_a5_gnd002_p18_s3	98.186853
AG-893-E23	AG-893-E23_a5_gnd002_p1_s2	98.186853
AG-893-E23	AG-893-E23_a5_gnd002_p8_s5	98.186853
AG-893-E23	AG-893-E23_a5_gnd003	97.276111
AG-893-E23	AG-893-E23_a5_gnd003_p10_s4	97.276111
AG-893-E23	AG-893-E23_a5_gnd003_p19_s3	97.276111
AG-893-E23	AG-893-E23_a5_gnd003_p7_s5	97.276111
AG-893-E23	AG-893-E23_a5_gnd003_p8_s1	97.276111
AG-893-E23	AG-893-E23_a5_gnd003_p9_s2	97.276111
AG-893-E23	AG-893-E23_a5_gnd004	96.366231
AG-893-E23	AG-893-E23_a5_gnd004_p12_s5	96.366231
AG-893-E23	AG-893-E23_a5_gnd004_p13_s4	96.366231
AG-893-E23	AG-893-E23_a5_gnd004_p16_s2	96.366231
AG-893-E23	AG-893-E23_a5_gnd004_p19_s3	96.366231
AG-893-E23	AG-893-E23_a5_gnd004_p4_s1	96.366231
AG-893-E23	AG-893-E23_a5_gnd005	95.456567
AG-893-E23	AG-893-E23_a5_gnd005_p0_s3	95.456567
AG-893-E23	AG-893-E23_a5_gnd005_p15_s1	95.456567
AG-893-E23	AG-893-E23_a5_gnd005_p15_s2	95.456567
AG-893-E23	AG-893-E23_a5_gnd005_p17_s4	95.456567
AG-893-E23	AG-893-E23_a5_gnd005_p20_s5	95.456567
AG-893-E23	AG-893-E23_a5_gnd006	94.551719
AG-893-E23	AG-893-E23_a5_gnd006_p10_s3	94.551719
AG-893-E23	AG-893-E23_a5_gnd006_p17_s5	94.551719
AG-893-E23	AG-893-E23_a5_gnd006_p4_s2	94.551719
AG-893-E23	AG-893-E23_a5_gnd006_p7_s1	94.551719
AG-893-E23	AG-893-E23_a5_gnd006_p8_s4	94.551719
AG-893-E23	AG-893-E23_a5_gnd007	93.629694
AG-893-E23	AG-893-E23_a5_gnd007_p12_s1	93.629694
AG-893-E23	AG-893-E23_a5_gnd007_p16_s3	93.629694
AG-893-E23	AG-893-E23_a5_gnd007_p18_s4	93.629694
AG-893-E23	AG-893-E23_a5_gnd007_p7_s2	93.629694
AG-893-E23	AG-893-E23_a5_gnd007_p8_s5	93.629694
AG-893-E23	AG-893-E23_a5_gnd008	92.720964
AG-893-E23	AG-893-E23_a5_gnd008_p0_s4	92.720964
AG-893-E23	AG-893-E23_a5_gnd008_p15_s2	92.720964
AG-893-E23	AG-893-E23_a5_gnd008_p15_s3	92.720964
AG-893-E23	AG-893-E23_a5_gnd008_p16_s5	92.720964
AG-893-E23	AG-893-E23_a5_gnd008_p7_s1	92.720964
AG-893-E23	AG-893-E23_a5_gnd009	91.819493
AG-893-E23	AG-893-E23_a5_gnd009_p11_s4	91.819493
AG-893-E23	AG-893-E23_a5_gnd009_p12_s2	91.819493
AG-893-E23	AG-893-E23_a5_gnd009_p13_s5	91.819493
AG-893-E23	AG-893-E23_a5_gnd009_p8_s1	91.819493
AG-893-E23	AG-893-E23_a5_gnd009_p8_s3	91.819493
AG-893-E23	AG-893-E23_a5_gnd010	90.903433
AG-893-E23	AG-893-E23_a5_gnd010_p10_s1	90.903433
AG-893-E23	AG-893-E23_a5_gnd010_p13_s4	90.903433
AG-893-E23	AG-893-E23_a5_gnd010_p15_s2	90.903433
AG-893-E23	AG-893-E23_a5_gnd010_p3_s5	90.903433
AG-893-E23	AG-893-E23_a5_gnd010_p8_s3	90.903433
AG-893-E23	AG-893-E23_a5_gnd011	89.993697
AG-893-E23	AG-893-E23_a5_gnd011_p13_s1	89.993697
AG-893-E23	AG-893-E23_a5_gnd011_p15_s4	89.993697
AG-893-E23	AG-893-E23_a5_gnd011_p20_s2	89.993697
AG-893-E23	AG-893-E23_a5_gnd011_p20_s5	89.993697
AG-893-E23	AG-893-E23_a5_gnd011_p6_s3	89.993697
AG-893-E23	AG-893-E23_a5_gnd012	89.076703
AG-893-E23	AG-893-E23_a5_gnd012_p0_s4	89.076703
AG-893-E23	AG-893-E23_a5_gnd012_p13_s3	89.076703
AG-893-E23	AG-893-E23_a5_gnd012_p16_s1	89.076703
AG-893-E23	AG-893-E23_a5_gnd012_p18_s5	89.076703
AG-893-E23	AG-893-E23_a5_gnd012_p9_s2	89.076703
AG-893-E23	AG-893-E23_a5_gnd013	88.171280
AG-893-E23	AG-893-E23_a5_gnd013_p12_s2	88.171280
AG-893-E23	AG-893-E23_a5_gnd013_p14_s3	88.171280
AG-893-E23	AG-893-E23_a5_gnd013_p19_s4	88.171280
AG-893-E23	AG-893-E23_a5_gnd013_p20_s5	88.171280
AG-893-E23	AG-893-E23_a5_gnd013_p7_s1	88.171280
AG-893-E23	AG-893-E23_a5_gnd014	87.270527
AG-893-E23	AG-893-E23_a5_gnd014_p11_s1	87.270527
AG-893-E23	AG-893-E23_a5_gnd014_p11_s5	87.270527
AG-893-E23	AG-893-E23_a5_gnd014_p19_s2	87.270527
AG-893-E23	AG-893-E23_a5_gnd014_p1_s3	87.270527
AG-893-E23	AG-893-E23_a5_gnd014_p7_s4	87.270527
AG-893-E23	AG-893-E23_a5_gnd015	86.344981
AG-893-E23	AG-893-E23_a5_gnd015_p13_s2	86.344981
AG-893-E23	AG-893-E23_a5_gnd015_p13_s4	86.344981
AG-893-E23	AG-893-E23_a5_gnd015_p14_s5	86.344981
AG-893-E23	AG-893-E23_a5_gnd015_p18_s1	86.344981
AG-893-E23	AG-893-E23_a5_gnd015_p8_s3	86.344981
AG-893-E23	AG-893-E23_a5_gnd016	85.425543
AG-893-E23	AG-893-E23_a5_gnd016_p0_s1	85.425543
AG-893-E23	AG-893-E23_a5_gnd016_p13_s5	85.425543
AG-893-E23	AG-893-E23_a5_gnd016_p18_s2	85.425543
AG-893-E23	AG-893-E23_a5_gnd016_p6_s3	85.425543
AG-893-E23	AG-893-E23_a5_gnd016_p9_s4	85.425543
AG-893-E23	AG-893-E23_a5_gnd017	84.539954
AG-893-E23	AG-893-E23_a5_gnd017_p12_s2	84.539954
AG-893-E23	AG-893-E23_a5_gnd017_p13_s1	84.539954
AG-893-E23	AG-893-E23_a5_gnd017_p13_s4	84.539954
AG-893-E23	AG-893-E23_a5_gnd017_p16_s5	84.539954
AG-893-E23	AG-893-E23_a5_gnd017_p19_s3	84.539954
AG-893-E23	AG-893-E23_a5_gnd018	83.626122
AG-893-E23	AG-893-E23_a5_gnd018_p20_s5	83.626122
AG-893-E23	AG-893-E23_a5_gnd018_p2_s3	83.626122
AG-893-E23	AG-893-E23_a5_gnd018_p6_s1	83.626122
AG-893-E23	AG-893-E23_a5_gnd018_p6_s2	83.626122
AG-893-E23	AG-893-E23_a5_gnd018_p6_s4	83.626122
AG-893-E23	AG-893-E23_a5_gnd019	82.700936
AG-893-E23	AG-893-E23_a5_gnd019_p11_s3	82.700936
AG-893-E23	AG-893-E23_a5_gnd019_p11_s4	82.700936
AG-893-E23	AG-893-E23_a5_gnd019_p14_s5	82.700936
AG-893-E23	AG-893-E23_a5_gnd019_p16_s2	82.700936
AG-893-E23	AG-893-E23_a5_gnd019_p19_s1	82.700936
AG-893-E23	AG-893-E23_a5_gnd020	81.796590
AG-893-E23	AG-893-E23_a5_gnd020_p10_s1	81.796590
AG-893-E23	AG-893-E23_a5_gnd020_p11_s3	81.796590
AG-893-E23	AG-893-E23_a5_gnd020_p17_s2	81.796590
AG-893-E23	AG-893-E23_a5_gnd020_p17_s4	81.796590
AG-893-E23	AG-893-E23_a5_gnd020_p9_s5	81.796590
AG-893-F11	AG-893-F11_a22_gnd00000	100.000000
AG-893-F11	AG-893-F11_a22_gnd00005	99.954959
AG-893-F11	AG-893-F11_a22_gnd00010	99.908909
AG-893-F11	AG-893-F11_a22_gnd00020	99.818910
AG-893-F11	AG-893-F11_a22_gnd00030	99.726222
AG-893-F11	AG-893-F11_a22_gnd00040	99.635803
AG-893-F11	AG-893-F11_a22_gnd00050	99.543704
AG-893-F11	AG-893-F11_a22_gnd00060	99.450848
AG-893-F11	AG-893-F11_a22_gnd00070	99.360597
AG-893-F11	AG-893-F11_a22_gnd00080	99.272111
AG-893-F11	AG-893-F11_a22_gnd00090	99.180935
AG-893-F11	AG-893-F11_a22_gnd001	99.089424
AG-893-F11	AG-893-F11_a22_gnd002	98.174898
AG-893-F11	AG-893-F11_a22_gnd003	97.265499
AG-893-F11	AG-893-F11_a22_gnd004	96.351982
AG-893-F11	AG-893-F11_a22_gnd005	95.449641
AG-893-F11	AG-893-F11_a22_gnd006	94.537721
AG-893-F11	AG-893-F11_a22_gnd007	93.612187
AG-893-F11	AG-893-F11_a22_gnd008	92.723459
AG-893-F11	AG-893-F11_a22_gnd009	91.805236
AG-893-F11	AG-893-F11_a22_gnd010	90.892139
AG-893-F11	AG-893-F11_a22_gnd011	89.978286
AG-893-F11	AG-893-F11_a22_gnd012	89.070567
AG-893-F11	AG-893-F11_a22_gnd013	88.143521
AG-893-F11	AG-893-F11_a22_gnd014	87.243953
AG-893-F11	AG-893-F11_a22_gnd015	86.324638
AG-893-F11	AG-893-F11_a22_gnd016	85.404482
AG-893-F11	AG-893-F11_a22_gnd017	84.500545
AG-893-F11	AG-893-F11_a22_gnd018	83.568960
AG-893-F11	AG-893-F11_a22_gnd019	82.688552
AG-893-F11	AG-893-F11_a22_gnd020	81.756296
AG-893-F11	AG-893-F11_a5_gnd00000	100.000000
AG-893-F11	AG-893-F11_a5_gnd00000_p16_s3	100.000000
AG-893-F11	AG-893-F11_a5_gnd00000_p19_s2	100.000000
AG-893-F11	AG-893-F11_a5_gnd00000_p3_s1	100.000000
AG-893-F11	AG-893-F11_a5_gnd00000_p6_s5	100.000000
AG-893-F11	AG-893-F11_a5_gnd00000_p8_s4	100.000000
AG-893-F11	AG-893-F11_a5_gnd00005	99.954034
AG-893-F11	AG-893-F11_a5_gnd00005_p12_s2	99.954034
AG-893-F11	AG-893-F11_a5_gnd00005_p15_s5	99.954034
AG-893-F11	AG-893-F11_a5_gnd00005_p16_s4	99.954034
AG-893-F11	AG-893-F11_a5_gnd00005_p18_s3	99.954034
AG-893-F11	AG-893-F11_a5_gnd00005_p9_s1	99.954034
AG-893-F11	AG-893-F11_a5_gnd00010	99.908993
AG-893-F11	AG-893-F11_a5_gnd00010_p14_s4	99.908993
AG-893-F11	AG-893-F11_a5_gnd00010_p16_s2	99.908993
AG-893-F11	AG-893-F11_a5_gnd00010_p20_s1	99.908993
AG-893-F11	AG-893-F11_a5_gnd00010_p5_s5	99.908993
AG-893-F11	AG-893-F11_a5_gnd00010_p8_s3	99.908993
AG-893-F11	AG-893-F11_a5_gnd00020	99.816641
AG-893-F11	AG-893-F11_a5_gnd00020_p10_s5	99.816641
AG-893-F11	AG-893-F11_a5_gnd00020_p13_s2	99.816641
AG-893-F11	AG-893-F11_a5_gnd00020_p18_s4	99.816641
AG-893-F11	AG-893-F11_a5_gnd00020_p2_s1	99.816641
AG-893-F11	AG-893-F11_a5_gnd00020_p9_s3	99.816641
AG-893-F11	AG-893-F11_a5_gnd00030	99.726726
AG-893-F11	AG-893-F11_a5_gnd00030_p12_s4	99.726726
AG-893-F11	AG-893-F11_a5_gnd00030_p13_s3	99.726726
AG-893-F11	AG-893-F11_a5_gnd00030_p14_s2	99.726726
AG-893-F11	AG-893-F11_a5_gnd00030_p14_s5	99.726726
AG-893-F11	AG-893-F11_a5_gnd00030_p7_s1	99.726726
AG-893-F11	AG-893-F11_a5_gnd00040	99.636307
AG-893-F11	AG-893-F11_a5_gnd00040_p0_s4	99.636307
AG-893-F11	AG-893-F11_a5_gnd00040_p13_s1	99.636307
AG-893-F11	AG-893-F11_a5_gnd00040_p18_s3	99.636307
AG-893-F11	AG-893-F11_a5_gnd00040_p20_s2	99.636307
AG-893-F11	AG-893-F11_a5_gnd00040_p3_s5	99.636307
AG-893-F11	AG-893-F11_a5_gnd00050	99.546561
AG-893-F11	AG-893-F11_a5_gnd00050_p13_s2	99.546561
AG-893-F11	AG-893-F11_a5_gnd00050_p15_s4	99.546561
AG-893-F11	AG-893-F11_a5_gnd00050_p16_s3	99.546561
AG-893-F11	AG-893-F11_a5_gnd00050_p18_s1	99.546561
AG-893-F11	AG-893-F11_a5_gnd00050_p18_s5	99.546561
AG-893-F11	AG-893-F11_a5_gnd00060	99.452612
AG-893-F11	AG-893-F11_a5_gnd00060_p11_s1	99.452612
AG-893-F11	AG-893-F11_a5_gnd00060_p12_s4	99.452612
AG-893-F11	AG-893-F11_a5_gnd00060_p15_s2	99.452612
AG-893-F11	AG-893-F11_a5_gnd00060_p20_s3	99.452612
AG-893-F11	AG-893-F11_a5_gnd00060_p8_s5	99.452612
AG-893-F11	AG-893-F11_a5_gnd00070	99.362866
AG-893-F11	AG-893-F11_a5_gnd00070_p12_s1	99.362866
AG-893-F11	AG-893-F11_a5_gnd00070_p13_s2	99.362866
AG-893-F11	AG-893-F11_a5_gnd00070_p13_s3	99.362866
AG-893-F11	AG-893-F11_a5_gnd00070_p19_s5	99.362866
AG-893-F11	AG-893-F11_a5_gnd00070_p5_s4	99.362866
AG-893-F11	AG-893-F11_a5_gnd00080	99.272195
AG-893-F11	AG-893-F11_a5_gnd00080_p0_s3	99.272195
AG-893-F11	AG-893-F11_a5_gnd00080_p11_s1	99.272195
AG-893-F11	AG-893-F11_a5_gnd00080_p14_s2	99.272195
AG-893-F11	AG-893-F11_a5_gnd00080_p14_s4	99.272195
AG-893-F11	AG-893-F11_a5_gnd00080_p5_s5	99.272195
AG-893-F11	AG-893-F11_a5_gnd00090	99.180347
AG-893-F11	AG-893-F11_a5_gnd00090_p0_s4	99.180347
AG-893-F11	AG-893-F11_a5_gnd00090_p11_s5	99.180347
AG-893-F11	AG-893-F11_a5_gnd00090_p14_s1	99.180347
AG-893-F11	AG-893-F11_a5_gnd00090_p18_s3	99.180347
AG-893-F11	AG-893-F11_a5_gnd00090_p8_s2	99.180347
AG-893-F11	AG-893-F11_a5_gnd001	99.087995
AG-893-F11	AG-893-F11_a5_gnd001_p10_s4	99.087995
AG-893-F11	AG-893-F11_a5_gnd001_p15_s2	99.087995
AG-893-F11	AG-893-F11_a5_gnd001_p5_s5	99.087995
AG-893-F11	AG-893-F11_a5_gnd001_p8_s3	99.087995
AG-893-F11	AG-893-F11_a5_gnd001_p9_s1	99.087995
AG-893-F11	AG-893-F11_a5_gnd002	98.178512
AG-893-F11	AG-893-F11_a5_gnd002_p10_s5	98.178512
AG-893-F11	AG-893-F11_a5_gnd002_p12_s2	98.178512
AG-893-F11	AG-893-F11_a5_gnd002_p15_s1	98.178512
AG-893-F11	AG-893-F11_a5_gnd002_p19_s3	98.178512
AG-893-F11	AG-893-F11_a5_gnd002_p2_s4	98.178512
AG-893-F11	AG-893-F11_a5_gnd003	97.267516
AG-893-F11	AG-893-F11_a5_gnd003_p11_s4	97.267516
AG-893-F11	AG-893-F11_a5_gnd003_p12_s3	97.267516
AG-893-F11	AG-893-F11_a5_gnd003_p14_s5	97.267516
AG-893-F11	AG-893-F11_a5_gnd003_p19_s1	97.267516
AG-893-F11	AG-893-F11_a5_gnd003_p1_s2	97.267516
AG-893-F11	AG-893-F11_a5_gnd004	96.352486
AG-893-F11	AG-893-F11_a5_gnd004_p10_s2	96.352486
AG-893-F11	AG-893-F11_a5_gnd004_p10_s3	96.352486
AG-893-F11	AG-893-F11_a5_gnd004_p8_s1	96.352486
AG-893-F11	AG-893-F11_a5_gnd004_p9_s4	96.352486
AG-893-F11	AG-893-F11_a5_gnd004_p9_s5	96.352486
AG-893-F11	AG-893-F11_a5_gnd005	95.453170
AG-893-F11	AG-893-F11_a5_gnd005_p11_s4	95.453170
AG-893-F11	AG-893-F11_a5_gnd005_p12_s5	95.453170
AG-893-F11	AG-893-F11_a5_gnd005_p14_s1	95.453170
AG-893-F11	AG-893-F11_a5_gnd005_p14_s2	95.453170
AG-893-F11	AG-893-F11_a5_gnd005_p8_s3	95.453170
AG-893-F11	AG-893-F11_a5_gnd006	94.530998
AG-893-F11	AG-893-F11_a5_gnd006_p15_s4	94.530998
AG-893-F11	AG-893-F11_a5_gnd006_p18_s1	94.530998
AG-893-F11	AG-893-F11_a5_gnd006_p18_s2	94.530998
AG-893-F11	AG-893-F11_a5_gnd006_p8_s3	94.530998
AG-893-F11	AG-893-F11_a5_gnd006_p8_s5	94.530998
AG-893-F11	AG-893-F11_a5_gnd007	93.628657
AG-893-F11	AG-893-F11_a5_gnd007_p11_s4	93.628657
AG-893-F11	AG-893-F11_a5_gnd007_p14_s3	93.628657
AG-893-F11	AG-893-F11_a5_gnd007_p14_s5	93.628657
AG-893-F11	AG-893-F11_a5_gnd007_p20_s1	93.628657
AG-893-F11	AG-893-F11_a5_gnd007_p8_s2	93.628657
AG-893-F11	AG-893-F11_a5_gnd008	92.696065
AG-893-F11	AG-893-F11_a5_gnd008_p14_s2	92.696065
AG-893-F11	AG-893-F11_a5_gnd008_p14_s3	92.696065
AG-893-F11	AG-893-F11_a5_gnd008_p16_s4	92.696065
AG-893-F11	AG-893-F11_a5_gnd008_p4_s1	92.696065
AG-893-F11	AG-893-F11_a5_gnd008_p9_s5	92.696065
AG-893-F11	AG-893-F11_a5_gnd009	91.800278
AG-893-F11	AG-893-F11_a5_gnd009_p11_s5	91.800278
AG-893-F11	AG-893-F11_a5_gnd009_p15_s2	91.800278
AG-893-F11	AG-893-F11_a5_gnd009_p18_s3	91.800278
AG-893-F11	AG-893-F11_a5_gnd009_p18_s4	91.800278
AG-893-F11	AG-893-F11_a5_gnd009_p19_s1	91.800278
AG-893-F11	AG-893-F11_a5_gnd010	90.883988
AG-893-F11	AG-893-F11_a5_gnd010_p11_s5	90.883988
AG-893-F11	AG-893-F11_a5_gnd010_p13_s2	90.883988
AG-893-F11	AG-893-F11_a5_gnd010_p13_s3	90.883988
AG-893-F11	AG-893-F11_a5_gnd010_p16_s4	90.883988
AG-893-F11	AG-893-F11_a5_gnd010_p4_s1	90.883988
AG-893-F11	AG-893-F11_a5_gnd011	89.964337
AG-893-F11	AG-893-F11_a5_gnd011_p11_s4	89.964337
AG-893-F11	AG-893-F11_a5_gnd011_p13_s2	89.964337
AG-893-F11	AG-893-F11_a5_gnd011_p18_s3	89.964337
AG-893-F11	AG-893-F11_a5_gnd011_p19_s5	89.964337
AG-893-F11	AG-893-F11_a5_gnd011_p4_s1	89.964337
AG-893-F11	AG-893-F11_a5_gnd012	89.058046
AG-893-F11	AG-893-F11_a5_gnd012_p0_s3	89.058046
AG-893-F11	AG-893-F11_a5_gnd012_p11_s1	89.058046
AG-893-F11	AG-893-F11_a5_gnd012_p14_s2	89.058046
AG-893-F11	AG-893-F11_a5_gnd012_p17_s5	89.058046
AG-893-F11	AG-893-F11_a5_gnd012_p8_s4	89.058046
AG-893-F11	AG-893-F11_a5_gnd013	88.140664
AG-893-F11	AG-893-F11_a5_gnd013_p11_s2	88.140664
AG-893-F11	AG-893-F11_a5_gnd013_p12_s4	88.140664
AG-893-F11	AG-893-F11_a5_gnd013_p13_s3	88.140664
AG-893-F11	AG-893-F11_a5_gnd013_p18_s1	88.140664
AG-893-F11	AG-893-F11_a5_gnd013_p19_s5	88.140664
AG-893-F11	AG-893-F11_a5_gnd014	87.238911
AG-893-F11	AG-893-F11_a5_gnd014_p10_s2	87.238911
AG-893-F11	AG-893-F11_a5_gnd014_p12_s1	87.238911
AG-893-F11	AG-893-F11_a5_gnd014_p14_s3	87.238911
AG-893-F11	AG-893-F11_a5_gnd014_p5_s5	87.238911
AG-893-F11	AG-893-F11_a5_gnd014_p6_s4	87.238911
AG-893-F11	AG-893-F11_a5_gnd015	86.335814
AG-893-F11	AG-893-F11_a5_gnd015_p11_s1	86.335814
AG-893-F11	AG-893-F11_a5_gnd015_p13_s2	86.335814
AG-893-F11	AG-893-F11_a5_gnd015_p17_s5	86.335814
AG-893-F11	AG-893-F11_a5_gnd015_p18_s3	86.335814
AG-893-F11	AG-893-F11_a5_gnd015_p19_s4	86.335814
AG-893-F11	AG-893-F11_a5_gnd016	85.397087
AG-893-F11	AG-893-F11_a5_gnd016_p11_s4	85.397087
AG-893-F11	AG-893-F11_a5_gnd016_p17_s5	85.397087
AG-893-F11	AG-893-F11_a5_gnd016_p19_s3	85.397087
AG-893-F11	AG-893-F11_a5_gnd016_p20_s2	85.397087
AG-893-F11	AG-893-F11_a5_gnd016_p6_s1	85.397087
AG-893-F11	AG-893-F11_a5_gnd017	84.475083
AG-893-F11	AG-893-F11_a5_gnd017_p0_s2	84.475083
AG-893-F11	AG-893-F11_a5_gnd017_p10_s1	84.475083
AG-893-F11	AG-893-F11_a5_gnd017_p11_s4	84.475083
AG-893-F11	AG-893-F11_a5_gnd017_p18_s3	84.475083
AG-893-F11	AG-893-F11_a5_gnd017_p7_s5	84.475083
AG-893-F11	AG-893-F11_a5_gnd018	83.570809
AG-893-F11	AG-893-F11_a5_gnd018_p13_s1	83.570809
AG-893-F11	AG-893-F11_a5_gnd018_p14_s2	83.570809
AG-893-F11	AG-893-F11_a5_gnd018_p15_s3	83.570809
AG-893-F11	AG-893-F11_a5_gnd018_p19_s4	83.570809
AG-893-F11	AG-893-F11_a5_gnd018_p20_s5	83.570809
AG-893-F11	AG-893-F11_a5_gnd019	82.642334
AG-893-F11	AG-893-F11_a5_gnd019_p14_s1	82.642334
AG-893-F11	AG-893-F11_a5_gnd019_p14_s5	82.642334
AG-893-F11	AG-893-F11_a5_gnd019_p19_s2	82.642334
AG-893-F11	AG-893-F11_a5_gnd019_p1_s4	82.642334
AG-893-F11	AG-893-F11_a5_gnd019_p6_s3	82.642334
AG-893-F11	AG-893-F11_a5_gnd020	81.758397
AG-893-F11	AG-893-F11_a5_gnd020_p13_s1	81.758397
AG-893-F11	AG-893-F11_a5_gnd020_p13_s5	81.758397
AG-893-F11	AG-893-F11_a5_gnd020_p15_s2	81.758397
AG-893-F11	AG-893-F11_a5_gnd020_p20_s4	81.758397
AG-893-F11	AG-893-F11_a5_gnd020_p7_s3	81.758397
AG-893-F23	AG-893-F23_a22_gnd00000	100.000000
AG-893-F23	AG-893-F23_a22_gnd00005	99.955200
AG-893-F23	AG-893-F23_a22_gnd00010	99.910121
AG-893-F23	AG-893-F23_a22_gnd00020	99.822964
AG-893-F23	AG-893-F23_a22_gnd00030	99.732736
AG-893-F23	AG-893-F23_a22_gnd00040	99.643066
AG-893-F23	AG-893-F23_a22_gnd00050	99.554095
AG-893-F23	AG-893-F23_a22_gnd00060	99.463309
AG-893-F23	AG-893-F23_a22_gnd00070	99.373430
AG-893-F23	AG-893-F23_a22_gnd00080	99.286203
AG-893-F23	AG-893-F23_a22_gnd00090	99.192416
AG-893-F23	AG-893-F23_a22_gnd001	99.107003
AG-893-F23	AG-893-F23_a22_gnd002	98.212541
AG-893-F23	AG-893-F23_a22_gnd003	97.322545
AG-893-F23	AG-893-F23_a22_gnd004	96.430386
AG-893-F23	AG-893-F23_a22_gnd005	95.539971
AG-893-F23	AG-893-F23_a22_gnd006	94.650114
AG-893-F23	AG-893-F23_a22_gnd007	93.748674
AG-893-F23	AG-893-F23_a22_gnd008	92.854142
AG-893-F23	AG-893-F23_a22_gnd009	91.959331
AG-893-F23	AG-893-F23_a22_gnd010	91.066125
AG-893-F23	AG-893-F23_a22_gnd011	90.173896
AG-893-F23	AG-893-F23_a22_gnd012	89.275596
AG-893-F23	AG-893-F23_a22_gnd013	88.394462
AG-893-F23	AG-893-F23_a22_gnd014	87.504466
AG-893-F23	AG-893-F23_a22_gnd015	86.588930
AG-893-F23	AG-893-F23_a22_gnd016	85.713099
AG-893-F23	AG-893-F23_a22_gnd017	84.816125
AG-893-F23	AG-893-F23_a22_gnd018	83.894378
AG-893-F23	AG-893-F23_a22_gnd019	82.996985
AG-893-F23	AG-893-F23_a22_gnd020	82.125481
AG-893-F23	AG-893-F23_a5_gnd00000	100.000000
AG-893-F23	AG-893-F23_a5_gnd00000_p0_s3	100.000000
AG-893-F23	AG-893-F23_a5_gnd00000_p15_s1	100.000000
AG-893-F23	AG-893-F23_a5_gnd00000_p16_s5	100.000000
AG-893-F23	AG-893-F23_a5_gnd00000_p1_s4	100.000000
AG-893-F23	AG-893-F23_a5_gnd00000_p8_s2	100.000000
AG-893-F23	AG-893-F23_a5_gnd00005	99.955130
AG-893-F23	AG-893-F23_a5_gnd00005_p15_s1	99.955130
AG-893-F23	AG-893-F23_a5_gnd00005_p15_s2	99.955130
AG-893-F23	AG-893-F23_a5_gnd00005_p15_s5	99.955130
AG-893-F23	AG-893-F23_a5_gnd00005_p18_s3	99.955130
AG-893-F23	AG-893-F23_a5_gnd00005_p20_s4	99.955130
AG-893-F23	AG-893-F23_a5_gnd00010	99.910191
AG-893-F23	AG-893-F23_a5_gnd00010_p0_s4	99.910191
AG-893-F23	AG-893-F23_a5_gnd00010_p10_s3	99.910191
AG-893-F23	AG-893-F23_a5_gnd00010_p13_s2	99.910191
AG-893-F23	AG-893-F23_a5_gnd00010_p19_s1	99.910191
AG-893-F23	AG-893-F23_a5_gnd00010_p1_s5	99.910191
AG-893-F23	AG-893-F23_a5_gnd00020	99.821777
AG-893-F23	AG-893-F23_a5_gnd00020_p12_s5	99.821777
AG-893-F23	AG-893-F23_a5_gnd00020_p13_s3	99.821777
AG-893-F23	AG-893-F23_a5_gnd00020_p4_s1	99.821777
AG-893-F23	AG-893-F23_a5_gnd00020_p8_s2	99.821777
AG-893-F23	AG-893-F23_a5_gnd00020_p8_s4	99.821777
AG-893-F23	AG-893-F23_a5_gnd00030	99.731829
AG-893-F23	AG-893-F23_a5_gnd00030_p16_s1	99.731829
AG-893-F23	AG-893-F23_a5_gnd00030_p17_s3	99.731829
AG-893-F23	AG-893-F23_a5_gnd00030_p18_s5	99.731829
AG-893-F23	AG-893-F23_a5_gnd00030_p20_s2	99.731829
AG-893-F23	AG-893-F23_a5_gnd00030_p20_s4	99.731829
AG-893-F23	AG-893-F23_a5_gnd00040	99.642648
AG-893-F23	AG-893-F23_a5_gnd00040_p10_s2	99.642648
AG-893-F23	AG-893-F23_a5_gnd00040_p11_s5	99.642648
AG-893-F23	AG-893-F23_a5_gnd00040_p15_s1	99.642648
AG-893-F23	AG-893-F23_a5_gnd00040_p15_s4	99.642648
AG-893-F23	AG-893-F23_a5_gnd00040_p20_s3	99.642648
AG-893-F23	AG-893-F23_a5_gnd00050	99.553885
AG-893-F23	AG-893-F23_a5_gnd00050_p13_s3	99.553885
AG-893-F23	AG-893-F23_a5_gnd00050_p20_s4	99.553885
AG-893-F23	AG-893-F23_a5_gnd00050_p20_s5	99.553885
AG-893-F23	AG-893-F23_a5_gnd00050_p6_s1	99.553885
AG-893-F23	AG-893-F23_a5_gnd00050_p9_s2	99.553885
AG-893-F23	AG-893-F23_a5_gnd00060	99.463309
AG-893-F23	AG-893-F23_a5_gnd00060_p10_s2	99.463309
AG-893-F23	AG-893-F23_a5_gnd00060_p10_s3	99.463309
AG-893-F23	AG-893-F23_a5_gnd00060_p14_s1	99.463309
AG-893-F23	AG-893-F23_a5_gnd00060_p20_s4	99.463309
AG-893-F23	AG-893-F23_a5_gnd00060_p7_s5	99.463309
AG-893-F23	AG-893-F23_a5_gnd00070	99.374128
AG-893-F23	AG-893-F23_a5_gnd00070_p15_s1	99.374128
AG-893-F23	AG-893-F23_a5_gnd00070_p17_s3	99.374128
AG-893-F23	AG-893-F23_a5_gnd00070_p17_s4	99.374128
AG-893-F23	AG-893-F23_a5_gnd00070_p20_s5	99.374128
AG-893-F23	AG-893-F23_a5_gnd00070_p8_s2	99.374128
AG-893-F23	AG-893-F23_a5_gnd00080	99.286412
AG-893-F23	AG-893-F23_a5_gnd00080_p0_s2	99.286412
AG-893-F23	AG-893-F23_a5_gnd00080_p11_s3	99.286412
AG-893-F23	AG-893-F23_a5_gnd00080_p11_s5	99.286412
AG-893-F23	AG-893-F23_a5_gnd00080_p14_s4	99.286412
AG-893-F23	AG-893-F23_a5_gnd00080_p20_s1	99.286412
AG-893-F23	AG-893-F23_a5_gnd00090	99.196533
AG-893-F23	AG-893-F23_a5_gnd00090_p11_s2	99.196533
AG-893-F23	AG-893-F23_a5_gnd00090_p13_s5	99.196533
AG-893-F23	AG-893-F23_a5_gnd00090_p16_s1	99.196533
AG-893-F23	AG-893-F23_a5_gnd00090_p16_s4	99.196533
AG-893-F23	AG-893-F23_a5_gnd00090_p19_s3	99.196533
AG-893-F23	AG-893-F23_a5_gnd001	99.106236
AG-893-F23	AG-893-F23_a5_gnd001_p13_s2	99.106236
AG-893-F23	AG-893-F23_a5_gnd001_p14_s4	99.106236
AG-893-F23	AG-893-F23_a5_gnd001_p19_s1	99.106236
AG-893-F23	AG-893-F23_a5_gnd001_p5_s5	99.106236
AG-893-F23	AG-893-F23_a5_gnd001_p7_s3	99.106236
AG-893-F23	AG-893-F23_a5_gnd002	98.216519
AG-893-F23	AG-893-F23_a5_gnd002_p14_s1	98.216519
AG-893-F23	AG-893-F23_a5_gnd002_p15_s4	98.216519
AG-893-F23	AG-893-F23_a5_gnd002_p16_s3	98.216519
AG-893-F23	AG-893-F23_a5_gnd002_p19_s2	98.216519
AG-893-F23	AG-893-F23_a5_gnd002_p4_s5	98.216519
AG-893-F23	AG-893-F23_a5_gnd003	97.327848
AG-893-F23	AG-893-F23_a5_gnd003_p10_s1	97.327848
AG-893-F23	AG-893-F23_a5_gnd003_p13_s3	97.327848
AG-893-F23	AG-893-F23_a5_gnd003_p19_s4	97.327848
AG-893-F23	AG-893-F23_a5_gnd003_p20_s2	97.327848
AG-893-F23	AG-893-F23_a5_gnd003_p7_s5	97.327848
AG-893-F23	AG-893-F23_a5_gnd004	96.423826
AG-893-F23	AG-893-F23_a5_gnd004_p10_s3	96.423826
AG-893-F23	AG-893-F23_a5_gnd004_p13_s1	96.423826
AG-893-F23	AG-893-F23_a5_gnd004_p20_s2	96.423826
AG-893-F23	AG-893-F23_a5_gnd004_p4_s4	96.423826
AG-893-F23	AG-893-F23_a5_gnd004_p6_s5	96.423826
AG-893-F23	AG-893-F23_a5_gnd005	95.536412
AG-893-F23	AG-893-F23_a5_gnd005_p13_s1	95.536412
AG-893-F23	AG-893-F23_a5_gnd005_p13_s5	95.536412
AG-893-F23	AG-893-F23_a5_gnd005_p15_s2	95.536412
AG-893-F23	AG-893-F23_a5_gnd005_p4_s3	95.536412
AG-893-F23	AG-893-F23_a5_gnd005_p7_s4	95.536412
AG-893-F23	AG-893-F23_a5_gnd006	94.647672
AG-893-F23	AG-893-F23_a5_gnd006_p0_s5	94.647672
AG-893-F23	AG-893-F23_a5_gnd006_p14_s2	94.647672
AG-893-F23	AG-893-F23_a5_gnd006_p16_s3	94.647672
AG-893-F23	AG-893-F23_a5_gnd006_p18_s1	94.647672
AG-893-F23	AG-893-F23_a5_gnd006_p18_s4	94.647672
AG-893-F23	AG-893-F23_a5_gnd007	93.749721
AG-893-F23	AG-893-F23_a5_gnd007_p12_s4	93.749721
AG-893-F23	AG-893-F23_a5_gnd007_p12_s5	93.749721
AG-893-F23	AG-893-F23_a5_gnd007_p15_s1	93.749721
AG-893-F23	AG-893-F23_a5_gnd007_p6_s2	93.749721
AG-893-F23	AG-893-F23_a5_gnd007_p7_s3	93.749721
AG-893-F23	AG-893-F23_a5_gnd008	92.854631
AG-893-F23	AG-893-F23_a5_gnd008_p11_s2	92.854631
AG-893-F23	AG-893-F23_a5_gnd008_p13_s3	92.854631
AG-893-F23	AG-893-F23_a5_gnd008_p13_s5	92.854631
AG-893-F23	AG-893-F23_a5_gnd008_p15_s4	92.854631
AG-893-F23	AG-893-F23_a5_gnd008_p9_s1	92.854631
AG-893-F23	AG-893-F23_a5_gnd009	91.964704
AG-893-F23	AG-893-F23_a5_gnd009_p14_s1	91.964704
AG-893-F23	AG-893-F23_a5_gnd009_p17_s2	91.964704
AG-893-F23	AG-893-F23_a5_gnd009_p17_s3	91.964704
AG-893-F23	AG-893-F23_a5_gnd009_p17_s4	91.964704
AG-893-F23	AG-893-F23_a5_gnd009_p8_s5	91.964704
AG-893-F23	AG-893-F23_a5_gnd010	91.066125
AG-893-F23	AG-893-F23_a5_gnd010_p13_s1	91.066125
AG-893-F23	AG-893-F23_a5_gnd010_p13_s2	91.066125
AG-893-F23	AG-893-F23_a5_gnd010_p15_s4	91.066125
AG-893-F23	AG-893-F23_a5_gnd010_p18_s5	91.066125
AG-893-F23	AG-893-F23_a5_gnd010_p5_s3	91.066125
AG-893-F23	AG-893-F23_a5_gnd011	90.172989
AG-893-F23	AG-893-F23_a5_gnd011_p13_s4	90.172989
AG-893-F23	AG-893-F23_a5_gnd011_p14_s1	90.172989
AG-893-F23	AG-893-F23_a5_gnd011_p19_s5	90.172989
AG-893-F23	AG-893-F23_a5_gnd011_p7_s2	90.172989
AG-893-F23	AG-893-F23_a5_gnd011_p8_s3	90.172989
AG-893-F23	AG-893-F23_a5_gnd012	89.283481
AG-893-F23	AG-893-F23_a5_gnd012_p11_s4	89.283481
AG-893-F23	AG-893-F23_a5_gnd012_p14_s1	89.283481
AG-893-F23	AG-893-F23_a5_gnd012_p15_s3	89.283481
AG-893-F23	AG-893-F23_a5_gnd012_p20_s2	89.283481
AG-893-F23	AG-893-F23_a5_gnd012_p9_s5	89.283481
AG-893-F23	AG-893-F23_a5_gnd013	88.371853
AG-893-F23	AG-893-F23_a5_gnd013_p18_s2	88.371853
AG-893-F23	AG-893-F23_a5_gnd013_p19_s3	88.371853
AG-893-F23	AG-893-F23_a5_gnd013_p3_s1	88.371853
AG-893-F23	AG-893-F23_a5_gnd013_p6_s4	88.371853
AG-893-F23	AG-893-F23_a5_gnd013_p9_s5	88.371853
AG-893-F23	AG-893-F23_a5_gnd014	87.491068
AG-893-F23	AG-893-F23_a5_gnd014_p10_s4	87.491068
AG-893-F23	AG-893-F23_a5_gnd014_p12_s1	87.491068
AG-893-F23	AG-893-F23_a5_gnd014_p12_s3	87.491068
AG-893-F23	AG-893-F23_a5_gnd014_p20_s5	87.491068
AG-893-F23	AG-893-F23_a5_gnd014_p9_s2	87.491068
AG-893-F23	AG-893-F23_a5_gnd015	86.587744
AG-893-F23	AG-893-F23_a5_gnd015_p0_s5	86.587744
AG-893-F23	AG-893-F23_a5_gnd015_p11_s2	86.587744
AG-893-F23	AG-893-F23_a5_gnd015_p14_s4	86.587744
AG-893-F23	AG-893-F23_a5_gnd015_p4_s1	86.587744
AG-893-F23	AG-893-F23_a5_gnd015_p7_s3	86.587744
AG-893-F23	AG-893-F23_a5_gnd016	85.707028
AG-893-F23	AG-893-F23_a5_gnd016_p11_s1	85.707028
AG-893-F23	AG-893-F23_a5_gnd016_p14_s4	85.707028
AG-893-F23	AG-893-F23_a5_gnd016_p20_s3	85.707028
AG-893-F23	AG-893-F23_a5_gnd016_p9_s2	85.707028
AG-893-F23	AG-893-F23_a5_gnd016_p9_s5	85.707028
AG-893-F23	AG-893-F23_a5_gnd017	84.794004
AG-893-F23	AG-893-F23_a5_gnd017_p10_s2	84.794004
AG-893-F23	AG-893-F23_a5_gnd017_p19_s1	84.794004
AG-893-F23	AG-893-F23_a5_gnd017_p20_s4	84.794004
AG-893-F23	AG-893-F23_a5_gnd017_p20_s5	84.794004
AG-893-F23	AG-893-F23_a5_gnd017_p9_s3	84.794004
AG-893-F23	AG-893-F23_a5_gnd018	83.906451
AG-893-F23	AG-893-F23_a5_gnd018_p14_s1	83.906451
AG-893-F23	AG-893-F23_a5_gnd018_p16_s3	83.906451
AG-893-F23	AG-893-F23_a5_gnd018_p19_s2	83.906451
AG-893-F23	AG-893-F23_a5_gnd018_p3_s5	83.906451
AG-893-F23	AG-893-F23_a5_gnd018_p8_s4	83.906451
AG-893-F23	AG-893-F23_a5_gnd019	83.006964
AG-893-F23	AG-893-F23_a5_gnd019_p12_s5	83.006964
AG-893-F23	AG-893-F23_a5_gnd019_p13_s1	83.006964
AG-893-F23	AG-893-F23_a5_gnd019_p17_s4	83.006964
AG-893-F23	AG-893-F23_a5_gnd019_p19_s3	83.006964
AG-893-F23	AG-893-F23_a5_gnd019_p5_s2	83.006964
AG-893-F23	AG-893-F23_a5_gnd020	82.102663
AG-893-F23	AG-893-F23_a5_gnd020_p14_s3	82.102663
AG-893-F23	AG-893-F23_a5_gnd020_p19_s5	82.102663
AG-893-F23	AG-893-F23_a5_gnd020_p20_s1	82.102663
AG-893-F23	AG-893-F23_a5_gnd020_p3_s2	82.102663
AG-893-F23	AG-893-F23_a5_gnd020_p7_s4	82.102663
AG-893-K09	AG-893-K09_a22_gnd00000	100.000000
AG-893-K09	AG-893-K09_a22_gnd00005	99.954406
AG-893-K09	AG-893-K09_a22_gnd00010	99.908898
AG-893-K09	AG-893-K09_a22_gnd00020	99.818923
AG-893-K09	AG-893-K09_a22_gnd00030	99.728341
AG-893-K09	AG-893-K09_a22_gnd00040	99.636806
AG-893-K09	AG-893-K09_a22_gnd00050	99.547438
AG-893-K09	AG-893-K09_a22_gnd00060	99.453822
AG-893-K09	AG-893-K09_a22_gnd00070	99.366794
AG-893-K09	AG-893-K09_a22_gnd00080	99.272138
AG-893-K09	AG-893-K09_a22_gnd00090	99.183810
AG-893-K09	AG-893-K09_a22_gnd001	99.088981
AG-893-K09	AG-893-K09_a22_gnd002	98.183163
AG-893-K09	AG-893-K09_a22_gnd003	97.277431
AG-893-K09	AG-893-K09_a22_gnd004	96.361471
AG-893-K09	AG-893-K09_a22_gnd005	95.462154
AG-893-K09	AG-893-K09_a22_gnd006	94.548101
AG-893-K09	AG-893-K09_a22_gnd007	93.644363
AG-893-K09	AG-893-K09_a22_gnd008	92.727969
AG-893-K09	AG-893-K09_a22_gnd009	91.832119
AG-893-K09	AG-893-K09_a22_gnd010	90.916593
AG-893-K09	AG-893-K09_a22_gnd011	90.002540
AG-893-K09	AG-893-K09_a22_gnd012	89.099929
AG-893-K09	AG-893-K09_a22_gnd013	88.192723
AG-893-K09	AG-893-K09_a22_gnd014	87.279884
AG-893-K09	AG-893-K09_a22_gnd015	86.356989
AG-893-K09	AG-893-K09_a22_gnd016	85.452038
AG-893-K09	AG-893-K09_a22_gnd017	84.551421
AG-893-K09	AG-893-K09_a22_gnd018	83.641442
AG-893-K09	AG-893-K09_a22_gnd019	82.720454
AG-893-K09	AG-893-K09_a22_gnd020	81.831885
AG-893-K09	AG-893-K09_a5_gnd00000	100.000000
AG-893-K09	AG-893-K09_a5_gnd00000_p12_s2	100.000000
AG-893-K09	AG-893-K09_a5_gnd00000_p13_s3	100.000000
AG-893-K09	AG-893-K09_a5_gnd00000_p17_s4	100.000000
AG-893-K09	AG-893-K09_a5_gnd00000_p7_s5	100.000000
AG-893-K09	AG-893-K09_a5_gnd00000_p8_s1	100.000000
AG-893-K09	AG-893-K09_a5_gnd00005	99.954406
AG-893-K09	AG-893-K09_a5_gnd00005_p10_s2	99.954406
AG-893-K09	AG-893-K09_a5_gnd00005_p10_s5	99.954406
AG-893-K09	AG-893-K09_a5_gnd00005_p16_s4	99.954406
AG-893-K09	AG-893-K09_a5_gnd00005_p17_s3	99.954406
AG-893-K09	AG-893-K09_a5_gnd00005_p9_s1	99.954406
AG-893-K09	AG-893-K09_a5_gnd00010	99.908031
AG-893-K09	AG-893-K09_a5_gnd00010_p0_s4	99.908031
AG-893-K09	AG-893-K09_a5_gnd00010_p13_s5	99.908031
AG-893-K09	AG-893-K09_a5_gnd00010_p17_s2	99.908031
AG-893-K09	AG-893-K09_a5_gnd00010_p20_s1	99.908031
AG-893-K09	AG-893-K09_a5_gnd00010_p9_s3	99.908031
AG-893-K09	AG-893-K09_a5_gnd00020	99.818576
AG-893-K09	AG-893-K09_a5_gnd00020_p15_s2	99.818576
AG-893-K09	AG-893-K09_a5_gnd00020_p18_s4	99.818576
AG-893-K09	AG-893-K09_a5_gnd00020_p19_s5	99.818576
AG-893-K09	AG-893-K09_a5_gnd00020_p7_s1	99.818576
AG-893-K09	AG-893-K09_a5_gnd00020_p7_s3	99.818576
AG-893-K09	AG-893-K09_a5_gnd00030	99.727648
AG-893-K09	AG-893-K09_a5_gnd00030_p17_s1	99.727648
AG-893-K09	AG-893-K09_a5_gnd00030_p17_s5	99.727648
AG-893-K09	AG-893-K09_a5_gnd00030_p19_s2	99.727648
AG-893-K09	AG-893-K09_a5_gnd00030_p20_s4	99.727648
AG-893-K09	AG-893-K09_a5_gnd00030_p9_s3	99.727648
AG-893-K09	AG-893-K09_a5_gnd00040	99.636026
AG-893-K09	AG-893-K09_a5_gnd00040_p0_s2	99.636026
AG-893-K09	AG-893-K09_a5_gnd00040_p14_s4	99.636026
AG-893-K09	AG-893-K09_a5_gnd00040_p15_s1	99.636026
AG-893-K09	AG-893-K09_a5_gnd00040_p18_s3	99.636026
AG-893-K09	AG-893-K09_a5_gnd00040_p18_s5	99.636026
AG-893-K09	AG-893-K09_a5_gnd00050	99.542497
AG-893-K09	AG-893-K09_a5_gnd00050_p11_s4	99.542497
AG-893-K09	AG-893-K09_a5_gnd00050_p13_s3	99.542497
AG-893-K09	AG-893-K09_a5_gnd00050_p15_s1	99.542497
AG-893-K09	AG-893-K09_a5_gnd00050_p18_s2	99.542497
AG-893-K09	AG-893-K09_a5_gnd00050_p9_s5	99.542497
AG-893-K09	AG-893-K09_a5_gnd00060	99.455469
AG-893-K09	AG-893-K09_a5_gnd00060_p10_s3	99.455469
AG-893-K09	AG-893-K09_a5_gnd00060_p12_s1	99.455469
AG-893-K09	AG-893-K09_a5_gnd00060_p13_s5	99.455469
AG-893-K09	AG-893-K09_a5_gnd00060_p16_s4	99.455469
AG-893-K09	AG-893-K09_a5_gnd00060_p20_s2	99.455469
AG-893-K09	AG-893-K09_a5_gnd00070	99.365927
AG-893-K09	AG-893-K09_a5_gnd00070_p11_s5	99.365927
AG-893-K09	AG-893-K09_a5_gnd00070_p13_s2	99.365927
AG-893-K09	AG-893-K09_a5_gnd00070_p18_s3	99.365927
AG-893-K09	AG-893-K09_a5_gnd00070_p19_s1	99.365927
AG-893-K09	AG-893-K09_a5_gnd00070_p19_s4	99.365927
AG-893-K09	AG-893-K09_a5_gnd00080	99.275085
AG-893-K09	AG-893-K09_a5_gnd00080_p13_s1	99.275085
AG-893-K09	AG-893-K09_a5_gnd00080_p16_s3	99.275085
AG-893-K09	AG-893-K09_a5_gnd00080_p17_s2	99.275085
AG-893-K09	AG-893-K09_a5_gnd00080_p7_s4	99.275085
AG-893-K09	AG-893-K09_a5_gnd00080_p9_s5	99.275085
AG-893-K09	AG-893-K09_a5_gnd00090	99.185110
AG-893-K09	AG-893-K09_a5_gnd00090_p14_s3	99.185110
AG-893-K09	AG-893-K09_a5_gnd00090_p19_s4	99.185110
AG-893-K09	AG-893-K09_a5_gnd00090_p20_s2	99.185110
AG-893-K09	AG-893-K09_a5_gnd00090_p6_s5	99.185110
AG-893-K09	AG-893-K09_a5_gnd00090_p9_s1	99.185110
AG-893-K09	AG-893-K09_a5_gnd001	99.096609
AG-893-K09	AG-893-K09_a5_gnd001_p12_s3	99.096609
AG-893-K09	AG-893-K09_a5_gnd001_p12_s4	99.096609
AG-893-K09	AG-893-K09_a5_gnd001_p13_s2	99.096609
AG-893-K09	AG-893-K09_a5_gnd001_p15_s1	99.096609
AG-893-K09	AG-893-K09_a5_gnd001_p15_s5	99.096609
AG-893-K09	AG-893-K09_a5_gnd002	98.184203
AG-893-K09	AG-893-K09_a5_gnd002_p0_s4	98.184203
AG-893-K09	AG-893-K09_a5_gnd002_p0_s5	98.184203
AG-893-K09	AG-893-K09_a5_gnd002_p10_s2	98.184203
AG-893-K09	AG-893-K09_a5_gnd002_p13_s3	98.184203
AG-893-K09	AG-893-K09_a5_gnd002_p14_s1	98.184203
AG-893-K09	AG-893-K09_a5_gnd003	97.275264
AG-893-K09	AG-893-K09_a5_gnd003_p14_s3	97.275264
AG-893-K09	AG-893-K09_a5_gnd003_p15_s4	97.275264
AG-893-K09	AG-893-K09_a5_gnd003_p18_s2	97.275264
AG-893-K09	AG-893-K09_a5_gnd003_p18_s5	97.275264
AG-893-K09	AG-893-K09_a5_gnd003_p9_s1	97.275264
AG-893-K09	AG-893-K09_a5_gnd004	96.370746
AG-893-K09	AG-893-K09_a5_gnd004_p10_s5	96.370746
AG-893-K09	AG-893-K09_a5_gnd004_p13_s3	96.370746
AG-893-K09	AG-893-K09_a5_gnd004_p19_s1	96.370746
AG-893-K09	AG-893-K09_a5_gnd004_p6_s2	96.370746
AG-893-K09	AG-893-K09_a5_gnd004_p8_s4	96.370746
AG-893-K09	AG-893-K09_a5_gnd005	95.461894
AG-893-K09	AG-893-K09_a5_gnd005_p10_s2	95.461894
AG-893-K09	AG-893-K09_a5_gnd005_p14_s3	95.461894
AG-893-K09	AG-893-K09_a5_gnd005_p15_s5	95.461894
AG-893-K09	AG-893-K09_a5_gnd005_p17_s4	95.461894
AG-893-K09	AG-893-K09_a5_gnd005_p20_s1	95.461894
AG-893-K09	AG-893-K09_a5_gnd006	94.549141
AG-893-K09	AG-893-K09_a5_gnd006_p10_s4	94.549141
AG-893-K09	AG-893-K09_a5_gnd006_p11_s3	94.549141
AG-893-K09	AG-893-K09_a5_gnd006_p18_s1	94.549141
AG-893-K09	AG-893-K09_a5_gnd006_p18_s2	94.549141
AG-893-K09	AG-893-K09_a5_gnd006_p5_s5	94.549141
AG-893-K09	AG-893-K09_a5_gnd007	93.642802
AG-893-K09	AG-893-K09_a5_gnd007_p10_s1	93.642802
AG-893-K09	AG-893-K09_a5_gnd007_p10_s4	93.642802
AG-893-K09	AG-893-K09_a5_gnd007_p13_s3	93.642802
AG-893-K09	AG-893-K09_a5_gnd007_p15_s2	93.642802
AG-893-K09	AG-893-K09_a5_gnd007_p20_s5	93.642802
AG-893-K09	AG-893-K09_a5_gnd008	92.731177
AG-893-K09	AG-893-K09_a5_gnd008_p10_s1	92.731177
AG-893-K09	AG-893-K09_a5_gnd008_p11_s2	92.731177
AG-893-K09	AG-893-K09_a5_gnd008_p12_s3	92.731177
AG-893-K09	AG-893-K09_a5_gnd008_p17_s4	92.731177
AG-893-K09	AG-893-K09_a5_gnd008_p8_s5	92.731177
AG-893-K09	AG-893-K09_a5_gnd009	91.829519
AG-893-K09	AG-893-K09_a5_gnd009_p12_s2	91.829519
AG-893-K09	AG-893-K09_a5_gnd009_p17_s1	91.829519
AG-893-K09	AG-893-K09_a5_gnd009_p19_s5	91.829519
AG-893-K09	AG-893-K09_a5_gnd009_p6_s3	91.829519
AG-893-K09	AG-893-K09_a5_gnd009_p7_s4	91.829519
AG-893-K09	AG-893-K09_a5_gnd010	90.917460
AG-893-K09	AG-893-K09_a5_gnd010_p12_s2	90.917460
AG-893-K09	AG-893-K09_a5_gnd010_p14_s3	90.917460
AG-893-K09	AG-893-K09_a5_gnd010_p20_s1	90.917460
AG-893-K09	AG-893-K09_a5_gnd010_p20_s4	90.917460
AG-893-K09	AG-893-K09_a5_gnd010_p2_s5	90.917460
AG-893-K09	AG-893-K09_a5_gnd011	90.006267
AG-893-K09	AG-893-K09_a5_gnd011_p10_s1	90.006267
AG-893-K09	AG-893-K09_a5_gnd011_p10_s3	90.006267
AG-893-K09	AG-893-K09_a5_gnd011_p10_s4	90.006267
AG-893-K09	AG-893-K09_a5_gnd011_p3_s2	90.006267
AG-893-K09	AG-893-K09_a5_gnd011_p4_s5	90.006267
AG-893-K09	AG-893-K09_a5_gnd012	89.102356
AG-893-K09	AG-893-K09_a5_gnd012_p11_s5	89.102356
AG-893-K09	AG-893-K09_a5_gnd012_p15_s2	89.102356
AG-893-K09	AG-893-K09_a5_gnd012_p16_s1	89.102356
AG-893-K09	AG-893-K09_a5_gnd012_p16_s3	89.102356
AG-893-K09	AG-893-K09_a5_gnd012_p19_s4	89.102356
AG-893-K09	AG-893-K09_a5_gnd013	88.190123
AG-893-K09	AG-893-K09_a5_gnd013_p0_s4	88.190123
AG-893-K09	AG-893-K09_a5_gnd013_p17_s5	88.190123
AG-893-K09	AG-893-K09_a5_gnd013_p18_s1	88.190123
AG-893-K09	AG-893-K09_a5_gnd013_p19_s2	88.190123
AG-893-K09	AG-893-K09_a5_gnd013_p19_s3	88.190123
AG-893-K09	AG-893-K09_a5_gnd014	87.279277
AG-893-K09	AG-893-K09_a5_gnd014_p12_s3	87.279277
AG-893-K09	AG-893-K09_a5_gnd014_p20_s2	87.279277
AG-893-K09	AG-893-K09_a5_gnd014_p5_s1	87.279277
AG-893-K09	AG-893-K09_a5_gnd014_p7_s4	87.279277
AG-893-K09	AG-893-K09_a5_gnd014_p9_s5	87.279277
AG-893-K09	AG-893-K09_a5_gnd015	86.372592
AG-893-K09	AG-893-K09_a5_gnd015_p0_s2	86.372592
AG-893-K09	AG-893-K09_a5_gnd015_p10_s3	86.372592
AG-893-K09	AG-893-K09_a5_gnd015_p15_s4	86.372592
AG-893-K09	AG-893-K09_a5_gnd015_p19_s5	86.372592
AG-893-K09	AG-893-K09_a5_gnd015_p6_s1	86.372592
AG-893-K09	AG-893-K09_a5_gnd016	85.446664
AG-893-K09	AG-893-K09_a5_gnd016_p0_s5	85.446664
AG-893-K09	AG-893-K09_a5_gnd016_p10_s2	85.446664
AG-893-K09	AG-893-K09_a5_gnd016_p10_s4	85.446664
AG-893-K09	AG-893-K09_a5_gnd016_p20_s1	85.446664
AG-893-K09	AG-893-K09_a5_gnd016_p20_s3	85.446664
AG-893-K09	AG-893-K09_a5_gnd017	84.539719
AG-893-K09	AG-893-K09_a5_gnd017_p0_s5	84.539719
AG-893-K09	AG-893-K09_a5_gnd017_p12_s1	84.539719
AG-893-K09	AG-893-K09_a5_gnd017_p16_s2	84.539719
AG-893-K09	AG-893-K09_a5_gnd017_p20_s3	84.539719
AG-893-K09	AG-893-K09_a5_gnd017_p7_s4	84.539719
AG-893-K09	AG-893-K09_a5_gnd018	83.633640
AG-893-K09	AG-893-K09_a5_gnd018_p14_s5	83.633640
AG-893-K09	AG-893-K09_a5_gnd018_p16_s1	83.633640
AG-893-K09	AG-893-K09_a5_gnd018_p17_s2	83.633640
AG-893-K09	AG-893-K09_a5_gnd018_p6_s3	83.633640
AG-893-K09	AG-893-K09_a5_gnd018_p7_s4	83.633640
AG-893-K09	AG-893-K09_a5_gnd019	82.715773
AG-893-K09	AG-893-K09_a5_gnd019_p10_s5	82.715773
AG-893-K09	AG-893-K09_a5_gnd019_p12_s3	82.715773
AG-893-K09	AG-893-K09_a5_gnd019_p14_s1	82.715773
AG-893-K09	AG-893-K09_a5_gnd019_p5_s4	82.715773
AG-893-K09	AG-893-K09_a5_gnd019_p8_s2	82.715773
AG-893-K09	AG-893-K09_a5_gnd020	81.816889
AG-893-K09	AG-893-K09_a5_gnd020_p14_s3	81.816889
AG-893-K09	AG-893-K09_a5_gnd020_p17_s2	81.816889
AG-893-K09	AG-893-K09_a5_gnd020_p18_s4	81.816889
AG-893-K09	AG-893-K09_a5_gnd020_p18_s5	81.816889
AG-893-K09	AG-893-K09_a5_gnd020_p8_s1	81.816889
AG-894-C14	AG-894-C14_a22_gnd00000	100.000000
AG-894-C14	AG-894-C14_a22_gnd00005	99.954575
AG-894-C14	AG-894-C14_a22_gnd00010	99.908573
AG-894-C14	AG-894-C14_a22_gnd00020	99.817311
AG-894-C14	AG-894-C14_a22_gnd00030	99.727448
AG-894-C14	AG-894-C14_a22_gnd00040	99.635774
AG-894-C14	AG-894-C14_a22_gnd00050	99.546898
AG-894-C14	AG-894-C14_a22_gnd00060	99.453743
AG-894-C14	AG-894-C14_a22_gnd00070	99.367748
AG-894-C14	AG-894-C14_a22_gnd00080	99.277062
AG-894-C14	AG-894-C14_a22_gnd00090	99.187445
AG-894-C14	AG-894-C14_a22_gnd001	99.090917
AG-894-C14	AG-894-C14_a22_gnd002	98.185948
AG-894-C14	AG-894-C14_a22_gnd003	97.284106
AG-894-C14	AG-894-C14_a22_gnd004	96.384239
AG-894-C14	AG-894-C14_a22_gnd005	95.473181
AG-894-C14	AG-894-C14_a22_gnd006	94.566155
AG-894-C14	AG-894-C14_a22_gnd007	93.653286
AG-894-C14	AG-894-C14_a22_gnd008	92.755641
AG-894-C14	AG-894-C14_a22_gnd009	91.836436
AG-894-C14	AG-894-C14_a22_gnd010	90.932948
AG-894-C14	AG-894-C14_a22_gnd011	90.029378
AG-894-C14	AG-894-C14_a22_gnd012	89.133791
AG-894-C14	AG-894-C14_a22_gnd013	88.196317
AG-894-C14	AG-894-C14_a22_gnd014	87.297108
AG-894-C14	AG-894-C14_a22_gnd015	86.402179
AG-894-C14	AG-894-C14_a22_gnd016	85.483550
AG-894-C14	AG-894-C14_a22_gnd017	84.560312
AG-894-C14	AG-894-C14_a22_gnd018	83.681018
AG-894-C14	AG-894-C14_a22_gnd019	82.746013
AG-894-C14	AG-894-C14_a22_gnd020	81.844583
AG-894-C14	AG-894-C14_a5_gnd00000	100.000000
AG-894-C14	AG-894-C14_a5_gnd00000_p10_s2	100.000000
AG-894-C14	AG-894-C14_a5_gnd00000_p10_s4	100.000000
AG-894-C14	AG-894-C14_a5_gnd00000_p11_s5	100.000000
AG-894-C14	AG-894-C14_a5_gnd00000_p15_s3	100.000000
AG-894-C14	AG-894-C14_a5_gnd00000_p1_s1	100.000000
AG-894-C14	AG-894-C14_a5_gnd00005	99.954328
AG-894-C14	AG-894-C14_a5_gnd00005_p11_s2	99.954328
AG-894-C14	AG-894-C14_a5_gnd00005_p16_s1	99.954328
AG-894-C14	AG-894-C14_a5_gnd00005_p16_s4	99.954328
AG-894-C14	AG-894-C14_a5_gnd00005_p17_s3	99.954328
AG-894-C14	AG-894-C14_a5_gnd00005_p9_s5	99.954328
AG-894-C14	AG-894-C14_a5_gnd00010	99.909314
AG-894-C14	AG-894-C14_a5_gnd00010_p11_s5	99.909314
AG-894-C14	AG-894-C14_a5_gnd00010_p14_s4	99.909314
AG-894-C14	AG-894-C14_a5_gnd00010_p15_s1	99.909314
AG-894-C14	AG-894-C14_a5_gnd00010_p15_s3	99.909314
AG-894-C14	AG-894-C14_a5_gnd00010_p18_s2	99.909314
AG-894-C14	AG-894-C14_a5_gnd00020	99.819039
AG-894-C14	AG-894-C14_a5_gnd00020_p0_s3	99.819039
AG-894-C14	AG-894-C14_a5_gnd00020_p11_s2	99.819039
AG-894-C14	AG-894-C14_a5_gnd00020_p13_s1	99.819039
AG-894-C14	AG-894-C14_a5_gnd00020_p18_s5	99.819039
AG-894-C14	AG-894-C14_a5_gnd00020_p7_s4	99.819039
AG-894-C14	AG-894-C14_a5_gnd00030	99.726213
AG-894-C14	AG-894-C14_a5_gnd00030_p0_s3	99.726213
AG-894-C14	AG-894-C14_a5_gnd00030_p13_s5	99.726213
AG-894-C14	AG-894-C14_a5_gnd00030_p14_s1	99.726213
AG-894-C14	AG-894-C14_a5_gnd00030_p7_s4	99.726213
AG-894-C14	AG-894-C14_a5_gnd00030_p9_s2	99.726213
AG-894-C14	AG-894-C14_a5_gnd00040	99.636186
AG-894-C14	AG-894-C14_a5_gnd00040_p12_s3	99.636186
AG-894-C14	AG-894-C14_a5_gnd00040_p14_s2	99.636186
AG-894-C14	AG-894-C14_a5_gnd00040_p16_s4	99.636186
AG-894-C14	AG-894-C14_a5_gnd00040_p9_s1	99.636186
AG-894-C14	AG-894-C14_a5_gnd00040_p9_s5	99.636186
AG-894-C14	AG-894-C14_a5_gnd00050	99.548133
AG-894-C14	AG-894-C14_a5_gnd00050_p13_s3	99.548133
AG-894-C14	AG-894-C14_a5_gnd00050_p19_s4	99.548133
AG-894-C14	AG-894-C14_a5_gnd00050_p20_s5	99.548133
AG-894-C14	AG-894-C14_a5_gnd00050_p9_s1	99.548133
AG-894-C14	AG-894-C14_a5_gnd00050_p9_s2	99.548133
AG-894-C14	AG-894-C14_a5_gnd00060	99.457117
AG-894-C14	AG-894-C14_a5_gnd00060_p15_s1	99.457117
AG-894-C14	AG-894-C14_a5_gnd00060_p15_s5	99.457117
AG-894-C14	AG-894-C14_a5_gnd00060_p20_s2	99.457117
AG-894-C14	AG-894-C14_a5_gnd00060_p7_s4	99.457117
AG-894-C14	AG-894-C14_a5_gnd00060_p8_s3	99.457117
AG-894-C14	AG-894-C14_a5_gnd00070	99.363469
AG-894-C14	AG-894-C14_a5_gnd00070_p16_s2	99.363469
AG-894-C14	AG-894-C14_a5_gnd00070_p19_s4	99.363469
AG-894-C14	AG-894-C14_a5_gnd00070_p4_s1	99.363469
AG-894-C14	AG-894-C14_a5_gnd00070_p6_s3	99.363469
AG-894-C14	AG-894-C14_a5_gnd00070_p8_s5	99.363469
AG-894-C14	AG-894-C14_a5_gnd00080	99.274099
AG-894-C14	AG-894-C14_a5_gnd00080_p13_s5	99.274099
AG-894-C14	AG-894-C14_a5_gnd00080_p15_s3	99.274099
AG-894-C14	AG-894-C14_a5_gnd00080_p18_s1	99.274099
AG-894-C14	AG-894-C14_a5_gnd00080_p19_s4	99.274099
AG-894-C14	AG-894-C14_a5_gnd00080_p20_s2	99.274099
AG-894-C14	AG-894-C14_a5_gnd00090	99.186705
AG-894-C14	AG-894-C14_a5_gnd00090_p0_s1	99.186705
AG-894-C14	AG-894-C14_a5_gnd00090_p17_s2	99.186705
AG-894-C14	AG-894-C14_a5_gnd00090_p20_s3	99.186705
AG-894-C14	AG-894-C14_a5_gnd00090_p4_s5	99.186705
AG-894-C14	AG-894-C14_a5_gnd00090_p9_s4	99.186705
AG-894-C14	AG-894-C14_a5_gnd001	99.095936
AG-894-C14	AG-894-C14_a5_gnd001_p10_s3	99.095936
AG-894-C14	AG-894-C14_a5_gnd001_p17_s1	99.095936
AG-894-C14	AG-894-C14_a5_gnd001_p17_s5	99.095936
AG-894-C14	AG-894-C14_a5_gnd001_p19_s2	99.095936
AG-894-C14	AG-894-C14_a5_gnd001_p19_s4	99.095936
AG-894-C14	AG-894-C14_a5_gnd002	98.186771
AG-894-C14	AG-894-C14_a5_gnd002_p12_s2	98.186771
AG-894-C14	AG-894-C14_a5_gnd002_p13_s5	98.186771
AG-894-C14	AG-894-C14_a5_gnd002_p18_s1	98.186771
AG-894-C14	AG-894-C14_a5_gnd002_p19_s4	98.186771
AG-894-C14	AG-894-C14_a5_gnd002_p9_s3	98.186771
AG-894-C14	AG-894-C14_a5_gnd003	97.279498
AG-894-C14	AG-894-C14_a5_gnd003_p13_s1	97.279498
AG-894-C14	AG-894-C14_a5_gnd003_p13_s5	97.279498
AG-894-C14	AG-894-C14_a5_gnd003_p14_s2	97.279498
AG-894-C14	AG-894-C14_a5_gnd003_p19_s4	97.279498
AG-894-C14	AG-894-C14_a5_gnd003_p1_s3	97.279498
AG-894-C14	AG-894-C14_a5_gnd004	96.376668
AG-894-C14	AG-894-C14_a5_gnd004_p0_s5	96.376668
AG-894-C14	AG-894-C14_a5_gnd004_p14_s3	96.376668
AG-894-C14	AG-894-C14_a5_gnd004_p18_s2	96.376668
AG-894-C14	AG-894-C14_a5_gnd004_p6_s4	96.376668
AG-894-C14	AG-894-C14_a5_gnd004_p9_s1	96.376668
AG-894-C14	AG-894-C14_a5_gnd005	95.477131
AG-894-C14	AG-894-C14_a5_gnd005_p10_s2	95.477131
AG-894-C14	AG-894-C14_a5_gnd005_p13_s5	95.477131
AG-894-C14	AG-894-C14_a5_gnd005_p15_s1	95.477131
AG-894-C14	AG-894-C14_a5_gnd005_p17_s4	95.477131
AG-894-C14	AG-894-C14_a5_gnd005_p18_s3	95.477131
AG-894-C14	AG-894-C14_a5_gnd006	94.558337
AG-894-C14	AG-894-C14_a5_gnd006_p13_s2	94.558337
AG-894-C14	AG-894-C14_a5_gnd006_p16_s1	94.558337
AG-894-C14	AG-894-C14_a5_gnd006_p16_s5	94.558337
AG-894-C14	AG-894-C14_a5_gnd006_p8_s3	94.558337
AG-894-C14	AG-894-C14_a5_gnd006_p8_s4	94.558337
AG-894-C14	AG-894-C14_a5_gnd007	93.643740
AG-894-C14	AG-894-C14_a5_gnd007_p10_s5	93.643740
AG-894-C14	AG-894-C14_a5_gnd007_p19_s1	93.643740
AG-894-C14	AG-894-C14_a5_gnd007_p19_s3	93.643740
AG-894-C14	AG-894-C14_a5_gnd007_p20_s4	93.643740
AG-894-C14	AG-894-C14_a5_gnd007_p4_s2	93.643740
AG-894-C14	AG-894-C14_a5_gnd008	92.747659
AG-894-C14	AG-894-C14_a5_gnd008_p16_s3	92.747659
AG-894-C14	AG-894-C14_a5_gnd008_p17_s1	92.747659
AG-894-C14	AG-894-C14_a5_gnd008_p17_s2	92.747659
AG-894-C14	AG-894-C14_a5_gnd008_p8_s4	92.747659
AG-894-C14	AG-894-C14_a5_gnd008_p8_s5	92.747659
AG-894-C14	AG-894-C14_a5_gnd009	91.830511
AG-894-C14	AG-894-C14_a5_gnd009_p13_s2	91.830511
AG-894-C14	AG-894-C14_a5_gnd009_p14_s1	91.830511
AG-894-C14	AG-894-C14_a5_gnd009_p19_s3	91.830511
AG-894-C14	AG-894-C14_a5_gnd009_p19_s4	91.830511
AG-894-C14	AG-894-C14_a5_gnd009_p3_s5	91.830511
AG-894-C14	AG-894-C14_a5_gnd010	90.932125
AG-894-C14	AG-894-C14_a5_gnd010_p14_s2	90.932125
AG-894-C14	AG-894-C14_a5_gnd010_p4_s1	90.932125
AG-894-C14	AG-894-C14_a5_gnd010_p4_s3	90.932125
AG-894-C14	AG-894-C14_a5_gnd010_p7_s5	90.932125
AG-894-C14	AG-894-C14_a5_gnd010_p9_s4	90.932125
AG-894-C14	AG-894-C14_a5_gnd011	90.029872
AG-894-C14	AG-894-C14_a5_gnd011_p14_s1	90.029872
AG-894-C14	AG-894-C14_a5_gnd011_p15_s5	90.029872
AG-894-C14	AG-894-C14_a5_gnd011_p16_s2	90.029872
AG-894-C14	AG-894-C14_a5_gnd011_p16_s4	90.029872
AG-894-C14	AG-894-C14_a5_gnd011_p7_s3	90.029872
AG-894-C14	AG-894-C14_a5_gnd012	89.112148
AG-894-C14	AG-894-C14_a5_gnd012_p13_s2	89.112148
AG-894-C14	AG-894-C14_a5_gnd012_p13_s5	89.112148
AG-894-C14	AG-894-C14_a5_gnd012_p16_s1	89.112148
AG-894-C14	AG-894-C14_a5_gnd012_p20_s4	89.112148
AG-894-C14	AG-894-C14_a5_gnd012_p5_s3	89.112148
AG-894-C14	AG-894-C14_a5_gnd013	88.221333
AG-894-C14	AG-894-C14_a5_gnd013_p12_s2	88.221333
AG-894-C14	AG-894-C14_a5_gnd013_p12_s4	88.221333
AG-894-C14	AG-894-C14_a5_gnd013_p17_s3	88.221333
AG-894-C14	AG-894-C14_a5_gnd013_p7_s1	88.221333
AG-894-C14	AG-894-C14_a5_gnd013_p8_s5	88.221333
AG-894-C14	AG-894-C14_a5_gnd014	87.299083
AG-894-C14	AG-894-C14_a5_gnd014_p0_s4	87.299083
AG-894-C14	AG-894-C14_a5_gnd014_p10_s3	87.299083
AG-894-C14	AG-894-C14_a5_gnd014_p15_s5	87.299083
AG-894-C14	AG-894-C14_a5_gnd014_p18_s2	87.299083
AG-894-C14	AG-894-C14_a5_gnd014_p9_s1	87.299083
AG-894-C14	AG-894-C14_a5_gnd015	86.385885
AG-894-C14	AG-894-C14_a5_gnd015_p0_s3	86.385885
AG-894-C14	AG-894-C14_a5_gnd015_p11_s4	86.385885
AG-894-C14	AG-894-C14_a5_gnd015_p13_s1	86.385885
AG-894-C14	AG-894-C14_a5_gnd015_p16_s5	86.385885
AG-894-C14	AG-894-C14_a5_gnd015_p20_s2	86.385885
AG-894-C14	AG-894-C14_a5_gnd016	85.492108
AG-894-C14	AG-894-C14_a5_gnd016_p10_s2	85.492108
AG-894-C14	AG-894-C14_a5_gnd016_p13_s3	85.492108
AG-894-C14	AG-894-C14_a5_gnd016_p17_s1	85.492108
AG-894-C14	AG-894-C14_a5_gnd016_p17_s5	85.492108
AG-894-C14	AG-894-C14_a5_gnd016_p20_s4	85.492108
AG-894-C14	AG-894-C14_a5_gnd017	84.577100
AG-894-C14	AG-894-C14_a5_gnd017_p10_s1	84.577100
AG-894-C14	AG-894-C14_a5_gnd017_p15_s5	84.577100
AG-894-C14	AG-894-C14_a5_gnd017_p16_s2	84.577100
AG-894-C14	AG-894-C14_a5_gnd017_p18_s3	84.577100
AG-894-C14	AG-894-C14_a5_gnd017_p4_s4	84.577100
AG-894-C14	AG-894-C14_a5_gnd018	83.644728
AG-894-C14	AG-894-C14_a5_gnd018_p13_s1	83.644728
AG-894-C14	AG-894-C14_a5_gnd018_p15_s2	83.644728
AG-894-C14	AG-894-C14_a5_gnd018_p18_s5	83.644728
AG-894-C14	AG-894-C14_a5_gnd018_p20_s4	83.644728
AG-894-C14	AG-894-C14_a5_gnd018_p9_s3	83.644728
AG-894-C14	AG-894-C14_a5_gnd019	82.748564
AG-894-C14	AG-894-C14_a5_gnd019_p0_s5	82.748564
AG-894-C14	AG-894-C14_a5_gnd019_p12_s2	82.748564
AG-894-C14	AG-894-C14_a5_gnd019_p13_s1	82.748564
AG-894-C14	AG-894-C14_a5_gnd019_p20_s3	82.748564
AG-894-C14	AG-894-C14_a5_gnd019_p3_s4	82.748564
AG-894-C14	AG-894-C14_a5_gnd020	81.830017
AG-894-C14	AG-894-C14_a5_gnd020_p13_s4	81.830017
AG-894-C14	AG-894-C14_a5_gnd020_p17_s2	81.830017
AG-894-C14	AG-894-C14_a5_gnd020_p17_s3	81.830017
AG-894-C14	AG-894-C14_a5_gnd020_p18_s5	81.830017
AG-894-C14	AG-894-C14_a5_gnd020_p5_s1	81.830017
AG-894-K15	AG-894-K15_a22_gnd00000	100.000000
AG-894-K15	AG-894-K15_a22_gnd00005	99.954407
AG-894-K15	AG-894-K15_a22_gnd00010	99.910492
AG-894-K15	AG-894-K15_a22_gnd00020	99.822365
AG-894-K15	AG-894-K15_a22_gnd00030	99.733844
AG-894-K15	AG-894-K15_a22_gnd00040	99.642165
AG-894-K15	AG-894-K15_a22_gnd00050	99.555913
AG-894-K15	AG-894-K15_a22_gnd00060	99.460188
AG-894-K15	AG-894-K15_a22_gnd00070	99.373937
AG-894-K15	AG-894-K15_a22_gnd00080	99.280185
AG-894-K15	AG-894-K15_a22_gnd00090	99.194526
AG-894-K15	AG-894-K15_a22_gnd001	99.106004
AG-894-K15	AG-894-K15_a22_gnd002	98.205693
AG-894-K15	AG-894-K15_a22_gnd003	97.314165
AG-894-K15	AG-894-K15_a22_gnd004	96.415432
AG-894-K15	AG-894-K15_a22_gnd005	95.521634
AG-894-K15	AG-894-K15_a22_gnd006	94.631586
AG-894-K15	AG-894-K15_a22_gnd007	93.743906
AG-894-K15	AG-894-K15_a22_gnd008	92.834220
AG-894-K15	AG-894-K15_a22_gnd009	91.942494
AG-894-K15	AG-894-K15_a22_gnd010	91.056492
AG-894-K15	AG-894-K15_a22_gnd011	90.146312
AG-894-K15	AG-894-K15_a22_gnd012	89.246296
AG-894-K15	AG-894-K15_a22_gnd013	88.378946
AG-894-K15	AG-894-K15_a22_gnd014	87.476266
AG-894-K15	AG-894-K15_a22_gnd015	86.575856
AG-894-K15	AG-894-K15_a22_gnd016	85.660742
AG-894-K15	AG-894-K15_a22_gnd017	84.768128
AG-894-K15	AG-894-K15_a22_gnd018	83.874527
AG-894-K15	AG-894-K15_a22_gnd019	82.963064
AG-894-K15	AG-894-K15_a22_gnd020	82.063147
AG-894-K15	AG-894-K15_a5_gnd00000	100.000000
AG-894-K15	AG-894-K15_a5_gnd00000_p0_s1	100.000000
AG-894-K15	AG-894-K15_a5_gnd00000_p15_s4	100.000000
AG-894-K15	AG-894-K15_a5_gnd00000_p19_s2	100.000000
AG-894-K15	AG-894-K15_a5_gnd00000_p20_s3	100.000000
AG-894-K15	AG-894-K15_a5_gnd00000_p2_s5	100.000000
AG-894-K15	AG-894-K15_a5_gnd00005	99.955789
AG-894-K15	AG-894-K15_a5_gnd00005_p13_s3	99.955789
AG-894-K15	AG-894-K15_a5_gnd00005_p14_s5	99.955789
AG-894-K15	AG-894-K15_a5_gnd00005_p15_s4	99.955789
AG-894-K15	AG-894-K15_a5_gnd00005_p18_s2	99.955789
AG-894-K15	AG-894-K15_a5_gnd00005_p8_s1	99.955789
AG-894-K15	AG-894-K15_a5_gnd00010	99.910591
AG-894-K15	AG-894-K15_a5_gnd00010_p10_s1	99.910591
AG-894-K15	AG-894-K15_a5_gnd00010_p18_s3	99.910591
AG-894-K15	AG-894-K15_a5_gnd00010_p20_s2	99.910591
AG-894-K15	AG-894-K15_a5_gnd00010_p4_s5	99.910591
AG-894-K15	AG-894-K15_a5_gnd00010_p8_s4	99.910591
AG-894-K15	AG-894-K15_a5_gnd00020	99.821280
AG-894-K15	AG-894-K15_a5_gnd00020_p12_s4	99.821280
AG-894-K15	AG-894-K15_a5_gnd00020_p13_s5	99.821280
AG-894-K15	AG-894-K15_a5_gnd00020_p20_s3	99.821280
AG-894-K15	AG-894-K15_a5_gnd00020_p7_s1	99.821280
AG-894-K15	AG-894-K15_a5_gnd00020_p8_s2	99.821280
AG-894-K15	AG-894-K15_a5_gnd00030	99.730686
AG-894-K15	AG-894-K15_a5_gnd00030_p0_s1	99.730686
AG-894-K15	AG-894-K15_a5_gnd00030_p18_s4	99.730686
AG-894-K15	AG-894-K15_a5_gnd00030_p19_s2	99.730686
AG-894-K15	AG-894-K15_a5_gnd00030_p20_s3	99.730686
AG-894-K15	AG-894-K15_a5_gnd00030_p8_s5	99.730686
AG-894-K15	AG-894-K15_a5_gnd00040	99.642560
AG-894-K15	AG-894-K15_a5_gnd00040_p0_s1	99.642560
AG-894-K15	AG-894-K15_a5_gnd00040_p11_s3	99.642560
AG-894-K15	AG-894-K15_a5_gnd00040_p17_s2	99.642560
AG-894-K15	AG-894-K15_a5_gnd00040_p4_s5	99.642560
AG-894-K15	AG-894-K15_a5_gnd00040_p7_s4	99.642560
AG-894-K15	AG-894-K15_a5_gnd00050	99.551473
AG-894-K15	AG-894-K15_a5_gnd00050_p11_s2	99.551473
AG-894-K15	AG-894-K15_a5_gnd00050_p14_s4	99.551473
AG-894-K15	AG-894-K15_a5_gnd00050_p14_s5	99.551473
AG-894-K15	AG-894-K15_a5_gnd00050_p15_s3	99.551473
AG-894-K15	AG-894-K15_a5_gnd00050_p19_s1	99.551473
AG-894-K15	AG-894-K15_a5_gnd00060	99.462458
AG-894-K15	AG-894-K15_a5_gnd00060_p18_s4	99.462458
AG-894-K15	AG-894-K15_a5_gnd00060_p20_s1	99.462458
AG-894-K15	AG-894-K15_a5_gnd00060_p20_s2	99.462458
AG-894-K15	AG-894-K15_a5_gnd00060_p20_s5	99.462458
AG-894-K15	AG-894-K15_a5_gnd00060_p6_s3	99.462458
AG-894-K15	AG-894-K15_a5_gnd00070	99.372752
AG-894-K15	AG-894-K15_a5_gnd00070_p11_s3	99.372752
AG-894-K15	AG-894-K15_a5_gnd00070_p13_s2	99.372752
AG-894-K15	AG-894-K15_a5_gnd00070_p19_s4	99.372752
AG-894-K15	AG-894-K15_a5_gnd00070_p20_s5	99.372752
AG-894-K15	AG-894-K15_a5_gnd00070_p7_s1	99.372752
AG-894-K15	AG-894-K15_a5_gnd00080	99.286402
AG-894-K15	AG-894-K15_a5_gnd00080_p0_s2	99.286402
AG-894-K15	AG-894-K15_a5_gnd00080_p10_s1	99.286402
AG-894-K15	AG-894-K15_a5_gnd00080_p11_s3	99.286402
AG-894-K15	AG-894-K15_a5_gnd00080_p15_s5	99.286402
AG-894-K15	AG-894-K15_a5_gnd00080_p5_s4	99.286402
AG-894-K15	AG-894-K15_a5_gnd00090	99.195118
AG-894-K15	AG-894-K15_a5_gnd00090_p10_s1	99.195118
AG-894-K15	AG-894-K15_a5_gnd00090_p14_s2	99.195118
AG-894-K15	AG-894-K15_a5_gnd00090_p16_s4	99.195118
AG-894-K15	AG-894-K15_a5_gnd00090_p17_s3	99.195118
AG-894-K15	AG-894-K15_a5_gnd00090_p17_s5	99.195118
AG-894-K15	AG-894-K15_a5_gnd001	99.102846
AG-894-K15	AG-894-K15_a5_gnd001_p11_s4	99.102846
AG-894-K15	AG-894-K15_a5_gnd001_p16_s3	99.102846
AG-894-K15	AG-894-K15_a5_gnd001_p20_s5	99.102846
AG-894-K15	AG-894-K15_a5_gnd001_p2_s1	99.102846
AG-894-K15	AG-894-K15_a5_gnd001_p7_s2	99.102846
AG-894-K15	AG-894-K15_a5_gnd002	98.209739
AG-894-K15	AG-894-K15_a5_gnd002_p13_s2	98.209739
AG-894-K15	AG-894-K15_a5_gnd002_p13_s5	98.209739
AG-894-K15	AG-894-K15_a5_gnd002_p20_s3	98.209739
AG-894-K15	AG-894-K15_a5_gnd002_p7_s4	98.209739
AG-894-K15	AG-894-K15_a5_gnd002_p8_s1	98.209739
AG-894-K15	AG-894-K15_a5_gnd003	97.312980
AG-894-K15	AG-894-K15_a5_gnd003_p13_s4	97.312980
AG-894-K15	AG-894-K15_a5_gnd003_p16_s5	97.312980
AG-894-K15	AG-894-K15_a5_gnd003_p17_s3	97.312980
AG-894-K15	AG-894-K15_a5_gnd003_p20_s1	97.312980
AG-894-K15	AG-894-K15_a5_gnd003_p20_s2	97.312980
AG-894-K15	AG-894-K15_a5_gnd004	96.425794
AG-894-K15	AG-894-K15_a5_gnd004_p14_s5	96.425794
AG-894-K15	AG-894-K15_a5_gnd004_p16_s3	96.425794
AG-894-K15	AG-894-K15_a5_gnd004_p17_s1	96.425794
AG-894-K15	AG-894-K15_a5_gnd004_p17_s4	96.425794
AG-894-K15	AG-894-K15_a5_gnd004_p9_s2	96.425794
AG-894-K15	AG-894-K15_a5_gnd005	95.532687
AG-894-K15	AG-894-K15_a5_gnd005_p10_s2	95.532687
AG-894-K15	AG-894-K15_a5_gnd005_p12_s4	95.532687
AG-894-K15	AG-894-K15_a5_gnd005_p17_s3	95.532687
AG-894-K15	AG-894-K15_a5_gnd005_p18_s5	95.532687
AG-894-K15	AG-894-K15_a5_gnd005_p19_s1	95.532687
AG-894-K15	AG-894-K15_a5_gnd006	94.633362
AG-894-K15	AG-894-K15_a5_gnd006_p10_s4	94.633362
AG-894-K15	AG-894-K15_a5_gnd006_p11_s1	94.633362
AG-894-K15	AG-894-K15_a5_gnd006_p20_s3	94.633362
AG-894-K15	AG-894-K15_a5_gnd006_p6_s2	94.633362
AG-894-K15	AG-894-K15_a5_gnd006_p7_s5	94.633362
AG-894-K15	AG-894-K15_a5_gnd007	93.737393
AG-894-K15	AG-894-K15_a5_gnd007_p13_s4	93.737393
AG-894-K15	AG-894-K15_a5_gnd007_p18_s2	93.737393
AG-894-K15	AG-894-K15_a5_gnd007_p20_s3	93.737393
AG-894-K15	AG-894-K15_a5_gnd007_p20_s5	93.737393
AG-894-K15	AG-894-K15_a5_gnd007_p5_s1	93.737393
AG-894-K15	AG-894-K15_a5_gnd008	92.847246
AG-894-K15	AG-894-K15_a5_gnd008_p14_s4	92.847246
AG-894-K15	AG-894-K15_a5_gnd008_p17_s2	92.847246
AG-894-K15	AG-894-K15_a5_gnd008_p20_s1	92.847246
AG-894-K15	AG-894-K15_a5_gnd008_p20_s3	92.847246
AG-894-K15	AG-894-K15_a5_gnd008_p5_s5	92.847246
AG-894-K15	AG-894-K15_a5_gnd009	91.955027
AG-894-K15	AG-894-K15_a5_gnd009_p10_s2	91.955027
AG-894-K15	AG-894-K15_a5_gnd009_p11_s3	91.955027
AG-894-K15	AG-894-K15_a5_gnd009_p13_s5	91.955027
AG-894-K15	AG-894-K15_a5_gnd009_p14_s1	91.955027
AG-894-K15	AG-894-K15_a5_gnd009_p14_s4	91.955027
AG-894-K15	AG-894-K15_a5_gnd010	91.046821
AG-894-K15	AG-894-K15_a5_gnd010_p10_s2	91.046821
AG-894-K15	AG-894-K15_a5_gnd010_p15_s4	91.046821
AG-894-K15	AG-894-K15_a5_gnd010_p18_s1	91.046821
AG-894-K15	AG-894-K15_a5_gnd010_p20_s3	91.046821
AG-894-K15	AG-894-K15_a5_gnd010_p7_s5	91.046821
AG-894-K15	AG-894-K15_a5_gnd011	90.139009
AG-894-K15	AG-894-K15_a5_gnd011_p11_s4	90.139009
AG-894-K15	AG-894-K15_a5_gnd011_p14_s5	90.139009
AG-894-K15	AG-894-K15_a5_gnd011_p17_s1	90.139009
AG-894-K15	AG-894-K15_a5_gnd011_p17_s2	90.139009
AG-894-K15	AG-894-K15_a5_gnd011_p1_s3	90.139009
AG-894-K15	AG-894-K15_a5_gnd012	89.247481
AG-894-K15	AG-894-K15_a5_gnd012_p11_s2	89.247481
AG-894-K15	AG-894-K15_a5_gnd012_p19_s4	89.247481
AG-894-K15	AG-894-K15_a5_gnd012_p8_s1	89.247481
AG-894-K15	AG-894-K15_a5_gnd012_p8_s3	89.247481
AG-894-K15	AG-894-K15_a5_gnd012_p8_s5	89.247481
AG-894-K15	AG-894-K15_a5_gnd013	88.368189
AG-894-K15	AG-894-K15_a5_gnd013_p11_s4	88.368189
AG-894-K15	AG-894-K15_a5_gnd013_p15_s2	88.368189
AG-894-K15	AG-894-K15_a5_gnd013_p19_s1	88.368189
AG-894-K15	AG-894-K15_a5_gnd013_p7_s5	88.368189
AG-894-K15	AG-894-K15_a5_gnd013_p8_s3	88.368189
AG-894-K15	AG-894-K15_a5_gnd014	87.453470
AG-894-K15	AG-894-K15_a5_gnd014_p11_s2	87.453470
AG-894-K15	AG-894-K15_a5_gnd014_p13_s4	87.453470
AG-894-K15	AG-894-K15_a5_gnd014_p16_s3	87.453470
AG-894-K15	AG-894-K15_a5_gnd014_p20_s5	87.453470
AG-894-K15	AG-894-K15_a5_gnd014_p4_s1	87.453470
AG-894-K15	AG-894-K15_a5_gnd015	86.577534
AG-894-K15	AG-894-K15_a5_gnd015_p0_s2	86.577534
AG-894-K15	AG-894-K15_a5_gnd015_p0_s3	86.577534
AG-894-K15	AG-894-K15_a5_gnd015_p1_s1	86.577534
AG-894-K15	AG-894-K15_a5_gnd015_p20_s4	86.577534
AG-894-K15	AG-894-K15_a5_gnd015_p7_s5	86.577534
AG-894-K15	AG-894-K15_a5_gnd016	85.672090
AG-894-K15	AG-894-K15_a5_gnd016_p11_s1	85.672090
AG-894-K15	AG-894-K15_a5_gnd016_p18_s4	85.672090
AG-894-K15	AG-894-K15_a5_gnd016_p18_s5	85.672090
AG-894-K15	AG-894-K15_a5_gnd016_p19_s3	85.672090
AG-894-K15	AG-894-K15_a5_gnd016_p4_s2	85.672090
AG-894-K15	AG-894-K15_a5_gnd017	84.750858
AG-894-K15	AG-894-K15_a5_gnd017_p0_s4	84.750858
AG-894-K15	AG-894-K15_a5_gnd017_p12_s2	84.750858
AG-894-K15	AG-894-K15_a5_gnd017_p13_s5	84.750858
AG-894-K15	AG-894-K15_a5_gnd017_p17_s3	84.750858
AG-894-K15	AG-894-K15_a5_gnd017_p19_s1	84.750858
AG-894-K15	AG-894-K15_a5_gnd018	83.858342
AG-894-K15	AG-894-K15_a5_gnd018_p0_s2	83.858342
AG-894-K15	AG-894-K15_a5_gnd018_p11_s1	83.858342
AG-894-K15	AG-894-K15_a5_gnd018_p5_s3	83.858342
AG-894-K15	AG-894-K15_a5_gnd018_p7_s5	83.858342
AG-894-K15	AG-894-K15_a5_gnd018_p8_s4	83.858342
AG-894-K15	AG-894-K15_a5_gnd019	82.980729
AG-894-K15	AG-894-K15_a5_gnd019_p0_s5	82.980729
AG-894-K15	AG-894-K15_a5_gnd019_p14_s1	82.980729
AG-894-K15	AG-894-K15_a5_gnd019_p16_s3	82.980729
AG-894-K15	AG-894-K15_a5_gnd019_p20_s2	82.980729
AG-894-K15	AG-894-K15_a5_gnd019_p5_s4	82.980729
AG-894-K15	AG-894-K15_a5_gnd020	82.097391
AG-894-K15	AG-894-K15_a5_gnd020_p16_s2	82.097391
AG-894-K15	AG-894-K15_a5_gnd020_p16_s5	82.097391
AG-894-K15	AG-894-K15_a5_gnd020_p18_s3	82.097391
AG-894-K15	AG-894-K15_a5_gnd020_p18_s4	82.097391
AG-894-K15	AG-894-K15_a5_gnd020_p19_s1	82.097391
AG-894-P05	AG-894-P05_a22_gnd00000	100.000000
AG-894-P05	AG-894-P05_a22_gnd00005	99.954365
AG-894-P05	AG-894-P05_a22_gnd00010	99.909058
AG-894-P05	AG-894-P05_a22_gnd00020	99.818115
AG-894-P05	AG-894-P05_a22_gnd00030	99.728377
AG-894-P05	AG-894-P05_a22_gnd00040	99.634479
AG-894-P05	AG-894-P05_a22_gnd00050	99.543865
AG-894-P05	AG-894-P05_a22_gnd00060	99.452704
AG-894-P05	AG-894-P05_a22_gnd00070	99.362856
AG-894-P05	AG-894-P05_a22_gnd00080	99.271147
AG-894-P05	AG-894-P05_a22_gnd00090	99.178782
AG-894-P05	AG-894-P05_a22_gnd001	99.088059
AG-894-P05	AG-894-P05_a22_gnd002	98.178087
AG-894-P05	AG-894-P05_a22_gnd003	97.267022
AG-894-P05	AG-894-P05_a22_gnd004	96.350375
AG-894-P05	AG-894-P05_a22_gnd005	95.447517
AG-894-P05	AG-894-P05_a22_gnd006	94.540938
AG-894-P05	AG-894-P05_a22_gnd007	93.615426
AG-894-P05	AG-894-P05_a22_gnd008	92.702281
AG-894-P05	AG-894-P05_a22_gnd009	91.792857
AG-894-P05	AG-894-P05_a22_gnd010	90.883871
AG-894-P05	AG-894-P05_a22_gnd011	89.974337
AG-894-P05	AG-894-P05_a22_gnd012	89.052984
AG-894-P05	AG-894-P05_a22_gnd013	88.129442
AG-894-P05	AG-894-P05_a22_gnd014	87.238623
AG-894-P05	AG-894-P05_a22_gnd015	86.321647
AG-894-P05	AG-894-P05_a22_gnd016	85.396792
AG-894-P05	AG-894-P05_a22_gnd017	84.479489
AG-894-P05	AG-894-P05_a22_gnd018	83.573129
AG-894-P05	AG-894-P05_a22_gnd019	82.669833
AG-894-P05	AG-894-P05_a22_gnd020	81.754937
AG-894-P05	AG-894-P05_a5_gnd00000	100.000000
AG-894-P05	AG-894-P05_a5_gnd00000_p0_s5	100.000000
AG-894-P05	AG-894-P05_a5_gnd00000_p10_s4	100.000000
AG-894-P05	AG-894-P05_a5_gnd00000_p13_s3	100.000000
AG-894-P05	AG-894-P05_a5_gnd00000_p17_s2	100.000000
AG-894-P05	AG-894-P05_a5_gnd00000_p19_s1	100.000000
AG-894-P05	AG-894-P05_a5_gnd00005	99.954693
AG-894-P05	AG-894-P05_a5_gnd00005_p0_s5	99.954693
AG-894-P05	AG-894-P05_a5_gnd00005_p10_s1	99.954693
AG-894-P05	AG-894-P05_a5_gnd00005_p10_s3	99.954693
AG-894-P05	AG-894-P05_a5_gnd00005_p14_s4	99.954693
AG-894-P05	AG-894-P05_a5_gnd00005_p17_s2	99.954693
AG-894-P05	AG-894-P05_a5_gnd00010	99.908182
AG-894-P05	AG-894-P05_a5_gnd00010_p10_s1	99.908182
AG-894-P05	AG-894-P05_a5_gnd00010_p13_s3	99.908182
AG-894-P05	AG-894-P05_a5_gnd00010_p15_s5	99.908182
AG-894-P05	AG-894-P05_a5_gnd00010_p16_s2	99.908182
AG-894-P05	AG-894-P05_a5_gnd00010_p4_s4	99.908182
AG-894-P05	AG-894-P05_a5_gnd00020	99.819100
AG-894-P05	AG-894-P05_a5_gnd00020_p10_s2	99.819100
AG-894-P05	AG-894-P05_a5_gnd00020_p10_s3	99.819100
AG-894-P05	AG-894-P05_a5_gnd00020_p17_s1	99.819100
AG-894-P05	AG-894-P05_a5_gnd00020_p20_s5	99.819100
AG-894-P05	AG-894-P05_a5_gnd00020_p9_s4	99.819100
AG-894-P05	AG-894-P05_a5_gnd00030	99.726297
AG-894-P05	AG-894-P05_a5_gnd00030_p10_s4	99.726297
AG-894-P05	AG-894-P05_a5_gnd00030_p11_s3	99.726297
AG-894-P05	AG-894-P05_a5_gnd00030_p16_s1	99.726297
AG-894-P05	AG-894-P05_a5_gnd00030_p17_s5	99.726297
AG-894-P05	AG-894-P05_a5_gnd00030_p19_s2	99.726297
AG-894-P05	AG-894-P05_a5_gnd00040	99.636449
AG-894-P05	AG-894-P05_a5_gnd00040_p14_s2	99.636449
AG-894-P05	AG-894-P05_a5_gnd00040_p17_s1	99.636449
AG-894-P05	AG-894-P05_a5_gnd00040_p18_s3	99.636449
AG-894-P05	AG-894-P05_a5_gnd00040_p8_s4	99.636449
AG-894-P05	AG-894-P05_a5_gnd00040_p9_s5	99.636449
AG-894-P05	AG-894-P05_a5_gnd00050	99.543537
AG-894-P05	AG-894-P05_a5_gnd00050_p10_s1	99.543537
AG-894-P05	AG-894-P05_a5_gnd00050_p12_s2	99.543537
AG-894-P05	AG-894-P05_a5_gnd00050_p15_s4	99.543537
AG-894-P05	AG-894-P05_a5_gnd00050_p15_s5	99.543537
AG-894-P05	AG-894-P05_a5_gnd00050_p17_s3	99.543537
AG-894-P05	AG-894-P05_a5_gnd00060	99.454893
AG-894-P05	AG-894-P05_a5_gnd00060_p10_s2	99.454893
AG-894-P05	AG-894-P05_a5_gnd00060_p11_s5	99.454893
AG-894-P05	AG-894-P05_a5_gnd00060_p16_s3	99.454893
AG-894-P05	AG-894-P05_a5_gnd00060_p16_s4	99.454893
AG-894-P05	AG-894-P05_a5_gnd00060_p8_s1	99.454893
AG-894-P05	AG-894-P05_a5_gnd00070	99.362637
AG-894-P05	AG-894-P05_a5_gnd00070_p10_s5	99.362637
AG-894-P05	AG-894-P05_a5_gnd00070_p11_s1	99.362637
AG-894-P05	AG-894-P05_a5_gnd00070_p12_s4	99.362637
AG-894-P05	AG-894-P05_a5_gnd00070_p19_s2	99.362637
AG-894-P05	AG-894-P05_a5_gnd00070_p7_s3	99.362637
AG-894-P05	AG-894-P05_a5_gnd00080	99.267098
AG-894-P05	AG-894-P05_a5_gnd00080_p17_s2	99.267098
AG-894-P05	AG-894-P05_a5_gnd00080_p18_s4	99.267098
AG-894-P05	AG-894-P05_a5_gnd00080_p19_s1	99.267098
AG-894-P05	AG-894-P05_a5_gnd00080_p20_s3	99.267098
AG-894-P05	AG-894-P05_a5_gnd00080_p20_s5	99.267098
AG-894-P05	AG-894-P05_a5_gnd00090	99.177907
AG-894-P05	AG-894-P05_a5_gnd00090_p11_s2	99.177907
AG-894-P05	AG-894-P05_a5_gnd00090_p11_s5	99.177907
AG-894-P05	AG-894-P05_a5_gnd00090_p13_s3	99.177907
AG-894-P05	AG-894-P05_a5_gnd00090_p15_s1	99.177907
AG-894-P05	AG-894-P05_a5_gnd00090_p19_s4	99.177907
AG-894-P05	AG-894-P05_a5_gnd001	99.091014
AG-894-P05	AG-894-P05_a5_gnd001_p0_s5	99.091014
AG-894-P05	AG-894-P05_a5_gnd001_p13_s1	99.091014
AG-894-P05	AG-894-P05_a5_gnd001_p13_s4	99.091014
AG-894-P05	AG-894-P05_a5_gnd001_p16_s2	99.091014
AG-894-P05	AG-894-P05_a5_gnd001_p9_s3	99.091014
AG-894-P05	AG-894-P05_a5_gnd002	98.170098
AG-894-P05	AG-894-P05_a5_gnd002_p0_s2	98.170098
AG-894-P05	AG-894-P05_a5_gnd002_p11_s1	98.170098
AG-894-P05	AG-894-P05_a5_gnd002_p15_s3	98.170098
AG-894-P05	AG-894-P05_a5_gnd002_p20_s4	98.170098
AG-894-P05	AG-894-P05_a5_gnd002_p3_s5	98.170098
AG-894-P05	AG-894-P05_a5_gnd003	97.271180
AG-894-P05	AG-894-P05_a5_gnd003_p0_s2	97.271180
AG-894-P05	AG-894-P05_a5_gnd003_p13_s4	97.271180
AG-894-P05	AG-894-P05_a5_gnd003_p16_s5	97.271180
AG-894-P05	AG-894-P05_a5_gnd003_p1_s1	97.271180
AG-894-P05	AG-894-P05_a5_gnd003_p9_s3	97.271180
AG-894-P05	AG-894-P05_a5_gnd004	96.352016
AG-894-P05	AG-894-P05_a5_gnd004_p2_s1	96.352016
AG-894-P05	AG-894-P05_a5_gnd004_p3_s5	96.352016
AG-894-P05	AG-894-P05_a5_gnd004_p5_s2	96.352016
AG-894-P05	AG-894-P05_a5_gnd004_p5_s3	96.352016
AG-894-P05	AG-894-P05_a5_gnd004_p8_s4	96.352016
AG-894-P05	AG-894-P05_a5_gnd005	95.436901
AG-894-P05	AG-894-P05_a5_gnd005_p11_s5	95.436901
AG-894-P05	AG-894-P05_a5_gnd005_p13_s1	95.436901
AG-894-P05	AG-894-P05_a5_gnd005_p13_s2	95.436901
AG-894-P05	AG-894-P05_a5_gnd005_p13_s3	95.436901
AG-894-P05	AG-894-P05_a5_gnd005_p3_s4	95.436901
AG-894-P05	AG-894-P05_a5_gnd006	94.534372
AG-894-P05	AG-894-P05_a5_gnd006_p0_s5	94.534372
AG-894-P05	AG-894-P05_a5_gnd006_p20_s4	94.534372
AG-894-P05	AG-894-P05_a5_gnd006_p2_s2	94.534372
AG-894-P05	AG-894-P05_a5_gnd006_p6_s1	94.534372
AG-894-P05	AG-894-P05_a5_gnd006_p8_s3	94.534372
AG-894-P05	AG-894-P05_a5_gnd007	93.621226
AG-894-P05	AG-894-P05_a5_gnd007_p12_s4	93.621226
AG-894-P05	AG-894-P05_a5_gnd007_p14_s2	93.621226
AG-894-P05	AG-894-P05_a5_gnd007_p15_s1	93.621226
AG-894-P05	AG-894-P05_a5_gnd007_p17_s3	93.621226
AG-894-P05	AG-894-P05_a5_gnd007_p8_s5	93.621226
AG-894-P05	AG-894-P05_a5_gnd008	92.698779
AG-894-P05	AG-894-P05_a5_gnd008_p11_s2	92.698779
AG-894-P05	AG-894-P05_a5_gnd008_p15_s4	92.698779
AG-894-P05	AG-894-P05_a5_gnd008_p16_s1	92.698779
AG-894-P05	AG-894-P05_a5_gnd008_p16_s5	92.698779
AG-894-P05	AG-894-P05_a5_gnd008_p17_s3	92.698779
AG-894-P05	AG-894-P05_a5_gnd009	91.790887
AG-894-P05	AG-894-P05_a5_gnd009_p10_s1	91.790887
AG-894-P05	AG-894-P05_a5_gnd009_p13_s2	91.790887
AG-894-P05	AG-894-P05_a5_gnd009_p13_s4	91.790887
AG-894-P05	AG-894-P05_a5_gnd009_p17_s5	91.790887
AG-894-P05	AG-894-P05_a5_gnd009_p7_s3	91.790887
AG-894-P05	AG-894-P05_a5_gnd010	90.882557
AG-894-P05	AG-894-P05_a5_gnd010_p0_s4	90.882557
AG-894-P05	AG-894-P05_a5_gnd010_p11_s5	90.882557
AG-894-P05	AG-894-P05_a5_gnd010_p12_s3	90.882557
AG-894-P05	AG-894-P05_a5_gnd010_p13_s2	90.882557
AG-894-P05	AG-894-P05_a5_gnd010_p20_s1	90.882557
AG-894-P05	AG-894-P05_a5_gnd011	89.979481
AG-894-P05	AG-894-P05_a5_gnd011_p13_s3	89.979481
AG-894-P05	AG-894-P05_a5_gnd011_p18_s2	89.979481
AG-894-P05	AG-894-P05_a5_gnd011_p18_s4	89.979481
AG-894-P05	AG-894-P05_a5_gnd011_p7_s5	89.979481
AG-894-P05	AG-894-P05_a5_gnd011_p9_s1	89.979481
AG-894-P05	AG-894-P05_a5_gnd012	89.053750
AG-894-P05	AG-894-P05_a5_gnd012_p15_s4	89.053750
AG-894-P05	AG-894-P05_a5_gnd012_p15_s5	89.053750
AG-894-P05	AG-894-P05_a5_gnd012_p19_s3	89.053750
AG-894-P05	AG-894-P05_a5_gnd012_p7_s2	89.053750
AG-894-P05	AG-894-P05_a5_gnd012_p9_s1	89.053750
AG-894-P05	AG-894-P05_a5_gnd013	88.138526
AG-894-P05	AG-894-P05_a5_gnd013_p11_s1	88.138526
AG-894-P05	AG-894-P05_a5_gnd013_p13_s3	88.138526
AG-894-P05	AG-894-P05_a5_gnd013_p15_s5	88.138526
AG-894-P05	AG-894-P05_a5_gnd013_p16_s4	88.138526
AG-894-P05	AG-894-P05_a5_gnd013_p9_s2	88.138526
AG-894-P05	AG-894-P05_a5_gnd014	87.243000
AG-894-P05	AG-894-P05_a5_gnd014_p10_s2	87.243000
AG-894-P05	AG-894-P05_a5_gnd014_p10_s5	87.243000
AG-894-P05	AG-894-P05_a5_gnd014_p11_s4	87.243000
AG-894-P05	AG-894-P05_a5_gnd014_p14_s1	87.243000
AG-894-P05	AG-894-P05_a5_gnd014_p19_s3	87.243000
AG-894-P05	AG-894-P05_a5_gnd015	86.323508
AG-894-P05	AG-894-P05_a5_gnd015_p16_s1	86.323508
AG-894-P05	AG-894-P05_a5_gnd015_p1_s4	86.323508
AG-894-P05	AG-894-P05_a5_gnd015_p20_s2	86.323508
AG-894-P05	AG-894-P05_a5_gnd015_p9_s3	86.323508
AG-894-P05	AG-894-P05_a5_gnd015_p9_s5	86.323508
AG-894-P05	AG-894-P05_a5_gnd016	85.400732
AG-894-P05	AG-894-P05_a5_gnd016_p10_s5	85.400732
AG-894-P05	AG-894-P05_a5_gnd016_p16_s3	85.400732
AG-894-P05	AG-894-P05_a5_gnd016_p2_s4	85.400732
AG-894-P05	AG-894-P05_a5_gnd016_p6_s2	85.400732
AG-894-P05	AG-894-P05_a5_gnd016_p7_s1	85.400732
AG-894-P05	AG-894-P05_a5_gnd017	84.482444
AG-894-P05	AG-894-P05_a5_gnd017_p0_s5	84.482444
AG-894-P05	AG-894-P05_a5_gnd017_p13_s3	84.482444
AG-894-P05	AG-894-P05_a5_gnd017_p17_s1	84.482444
AG-894-P05	AG-894-P05_a5_gnd017_p18_s2	84.482444
AG-894-P05	AG-894-P05_a5_gnd017_p19_s4	84.482444
AG-894-P05	AG-894-P05_a5_gnd018	83.582431
AG-894-P05	AG-894-P05_a5_gnd018_p10_s4	83.582431
AG-894-P05	AG-894-P05_a5_gnd018_p13_s2	83.582431
AG-894-P05	AG-894-P05_a5_gnd018_p16_s5	83.582431
AG-894-P05	AG-894-P05_a5_gnd018_p6_s3	83.582431
AG-894-P05	AG-894-P05_a5_gnd018_p9_s1	83.582431
AG-894-P05	AG-894-P05_a5_gnd019	82.630436
AG-894-P05	AG-894-P05_a5_gnd019_p10_s1	82.630436
AG-894-P05	AG-894-P05_a5_gnd019_p11_s2	82.630436
AG-894-P05	AG-894-P05_a5_gnd019_p18_s3	82.630436
AG-894-P05	AG-894-P05_a5_gnd019_p20_s4	82.630436
AG-894-P05	AG-894-P05_a5_gnd019_p20_s5	82.630436
AG-894-P05	AG-894-P05_a5_gnd020	81.740163
AG-894-P05	AG-894-P05_a5_gnd020_p14_s3	81.740163
AG-894-P05	AG-894-P05_a5_gnd020_p16_s2	81.740163
AG-894-P05	AG-894-P05_a5_gnd020_p19_s4	81.740163
AG-894-P05	AG-894-P05_a5_gnd020_p4_s5	81.740163
AG-894-P05	AG-894-P05_a5_gnd020_p9_s1	81.740163
AG-899-G06	AG-899-G06_a22_gnd00000	100.000000
AG-899-G06	AG-899-G06_a22_gnd00005	99.954409
AG-899-G06	AG-899-G06_a22_gnd00010	99.908819
AG-899-G06	AG-899-G06_a22_gnd00020	99.816296
AG-899-G06	AG-899-G06_a22_gnd00030	99.725011
AG-899-G06	AG-899-G06_a22_gnd00040	99.635274
AG-899-G06	AG-899-G06_a22_gnd00050	99.543989
AG-899-G06	AG-899-G06_a22_gnd00060	99.452808
AG-899-G06	AG-899-G06_a22_gnd00070	99.360389
AG-899-G06	AG-899-G06_a22_gnd00080	99.267969
AG-899-G06	AG-899-G06_a22_gnd00090	99.178748
AG-899-G06	AG-899-G06_a22_gnd001	99.084678
AG-899-G06	AG-899-G06_a22_gnd002	98.174204
AG-899-G06	AG-899-G06_a22_gnd003	97.255375
AG-899-G06	AG-899-G06_a22_gnd004	96.346242
AG-899-G06	AG-899-G06_a22_gnd005	95.430714
AG-899-G06	AG-899-G06_a22_gnd006	94.516939
AG-899-G06	AG-899-G06_a22_gnd007	93.595841
AG-899-G06	AG-899-G06_a22_gnd008	92.708162
AG-899-G06	AG-899-G06_a22_gnd009	91.776337
AG-899-G06	AG-899-G06_a22_gnd010	90.879066
AG-899-G06	AG-899-G06_a22_gnd011	89.948891
AG-899-G06	AG-899-G06_a22_gnd012	89.025833
AG-899-G06	AG-899-G06_a22_gnd013	88.118557
AG-899-G06	AG-899-G06_a22_gnd014	87.199521
AG-899-G06	AG-899-G06_a22_gnd015	86.279352
AG-899-G06	AG-899-G06_a22_gnd016	85.379502
AG-899-G06	AG-899-G06_a22_gnd017	84.451183
AG-899-G06	AG-899-G06_a22_gnd018	83.545867
AG-899-G06	AG-899-G06_a22_gnd019	82.622087
AG-899-G06	AG-899-G06_a22_gnd020	81.701298
AG-899-G06	AG-899-G06_a5_gnd00000	100.000000
AG-899-G06	AG-899-G06_a5_gnd00000_p13_s1	100.000000
AG-899-G06	AG-899-G06_a5_gnd00000_p16_s5	100.000000
AG-899-G06	AG-899-G06_a5_gnd00000_p18_s2	100.000000
AG-899-G06	AG-899-G06_a5_gnd00000_p18_s3	100.000000
AG-899-G06	AG-899-G06_a5_gnd00000_p20_s4	100.000000
AG-899-G06	AG-899-G06_a5_gnd00005	99.953378
AG-899-G06	AG-899-G06_a5_gnd00005_p13_s2	99.953378
AG-899-G06	AG-899-G06_a5_gnd00005_p14_s1	99.953378
AG-899-G06	AG-899-G06_a5_gnd00005_p15_s3	99.953378
AG-899-G06	AG-899-G06_a5_gnd00005_p19_s5	99.953378
AG-899-G06	AG-899-G06_a5_gnd00005_p7_s4	99.953378
AG-899-G06	AG-899-G06_a5_gnd00010	99.908509
AG-899-G06	AG-899-G06_a5_gnd00010_p0_s1	99.908509
AG-899-G06	AG-899-G06_a5_gnd00010_p0_s2	99.908509
AG-899-G06	AG-899-G06_a5_gnd00010_p12_s3	99.908509
AG-899-G06	AG-899-G06_a5_gnd00010_p13_s5	99.908509
AG-899-G06	AG-899-G06_a5_gnd00010_p18_s4	99.908509
AG-899-G06	AG-899-G06_a5_gnd00020	99.817121
AG-899-G06	AG-899-G06_a5_gnd00020_p10_s4	99.817121
AG-899-G06	AG-899-G06_a5_gnd00020_p10_s5	99.817121
AG-899-G06	AG-899-G06_a5_gnd00020_p13_s3	99.817121
AG-899-G06	AG-899-G06_a5_gnd00020_p20_s2	99.817121
AG-899-G06	AG-899-G06_a5_gnd00020_p7_s1	99.817121
AG-899-G06	AG-899-G06_a5_gnd00030	99.725940
AG-899-G06	AG-899-G06_a5_gnd00030_p10_s5	99.725940
AG-899-G06	AG-899-G06_a5_gnd00030_p18_s1	99.725940
AG-899-G06	AG-899-G06_a5_gnd00030_p18_s2	99.725940
AG-899-G06	AG-899-G06_a5_gnd00030_p8_s3	99.725940
AG-899-G06	AG-899-G06_a5_gnd00030_p9_s4	99.725940
AG-899-G06	AG-899-G06_a5_gnd00040	99.636512
AG-899-G06	AG-899-G06_a5_gnd00040_p12_s4	99.636512
AG-899-G06	AG-899-G06_a5_gnd00040_p13_s2	99.636512
AG-899-G06	AG-899-G06_a5_gnd00040_p16_s1	99.636512
AG-899-G06	AG-899-G06_a5_gnd00040_p20_s5	99.636512
AG-899-G06	AG-899-G06_a5_gnd00040_p4_s3	99.636512
AG-899-G06	AG-899-G06_a5_gnd00050	99.542236
AG-899-G06	AG-899-G06_a5_gnd00050_p10_s4	99.542236
AG-899-G06	AG-899-G06_a5_gnd00050_p12_s2	99.542236
AG-899-G06	AG-899-G06_a5_gnd00050_p17_s3	99.542236
AG-899-G06	AG-899-G06_a5_gnd00050_p9_s1	99.542236
AG-899-G06	AG-899-G06_a5_gnd00050_p9_s5	99.542236
AG-899-G06	AG-899-G06_a5_gnd00060	99.452602
AG-899-G06	AG-899-G06_a5_gnd00060_p11_s2	99.452602
AG-899-G06	AG-899-G06_a5_gnd00060_p14_s3	99.452602
AG-899-G06	AG-899-G06_a5_gnd00060_p17_s4	99.452602
AG-899-G06	AG-899-G06_a5_gnd00060_p1_s5	99.452602
AG-899-G06	AG-899-G06_a5_gnd00060_p8_s1	99.452602
AG-899-G06	AG-899-G06_a5_gnd00070	99.360182
AG-899-G06	AG-899-G06_a5_gnd00070_p10_s3	99.360182
AG-899-G06	AG-899-G06_a5_gnd00070_p13_s1	99.360182
AG-899-G06	AG-899-G06_a5_gnd00070_p14_s4	99.360182
AG-899-G06	AG-899-G06_a5_gnd00070_p19_s5	99.360182
AG-899-G06	AG-899-G06_a5_gnd00070_p20_s2	99.360182
AG-899-G06	AG-899-G06_a5_gnd00080	99.270342
AG-899-G06	AG-899-G06_a5_gnd00080_p16_s4	99.270342
AG-899-G06	AG-899-G06_a5_gnd00080_p17_s1	99.270342
AG-899-G06	AG-899-G06_a5_gnd00080_p18_s5	99.270342
AG-899-G06	AG-899-G06_a5_gnd00080_p20_s3	99.270342
AG-899-G06	AG-899-G06_a5_gnd00080_p9_s2	99.270342
AG-899-G06	AG-899-G06_a5_gnd00090	99.177407
AG-899-G06	AG-899-G06_a5_gnd00090_p10_s3	99.177407
AG-899-G06	AG-899-G06_a5_gnd00090_p11_s4	99.177407
AG-899-G06	AG-899-G06_a5_gnd00090_p13_s2	99.177407
AG-899-G06	AG-899-G06_a5_gnd00090_p8_s1	99.177407
AG-899-G06	AG-899-G06_a5_gnd00090_p9_s5	99.177407
AG-899-G06	AG-899-G06_a5_gnd001	99.087257
AG-899-G06	AG-899-G06_a5_gnd001_p0_s4	99.087257
AG-899-G06	AG-899-G06_a5_gnd001_p14_s3	99.087257
AG-899-G06	AG-899-G06_a5_gnd001_p16_s1	99.087257
AG-899-G06	AG-899-G06_a5_gnd001_p19_s5	99.087257
AG-899-G06	AG-899-G06_a5_gnd001_p9_s2	99.087257
AG-899-G06	AG-899-G06_a5_gnd002	98.171316
AG-899-G06	AG-899-G06_a5_gnd002_p14_s2	98.171316
AG-899-G06	AG-899-G06_a5_gnd002_p18_s1	98.171316
AG-899-G06	AG-899-G06_a5_gnd002_p18_s4	98.171316
AG-899-G06	AG-899-G06_a5_gnd002_p20_s3	98.171316
AG-899-G06	AG-899-G06_a5_gnd002_p20_s5	98.171316
AG-899-G06	AG-899-G06_a5_gnd003	97.254241
AG-899-G06	AG-899-G06_a5_gnd003_p10_s4	97.254241
AG-899-G06	AG-899-G06_a5_gnd003_p16_s3	97.254241
AG-899-G06	AG-899-G06_a5_gnd003_p17_s1	97.254241
AG-899-G06	AG-899-G06_a5_gnd003_p17_s5	97.254241
AG-899-G06	AG-899-G06_a5_gnd003_p9_s2	97.254241
AG-899-G06	AG-899-G06_a5_gnd004	96.349852
AG-899-G06	AG-899-G06_a5_gnd004_p16_s2	96.349852
AG-899-G06	AG-899-G06_a5_gnd004_p16_s3	96.349852
AG-899-G06	AG-899-G06_a5_gnd004_p16_s4	96.349852
AG-899-G06	AG-899-G06_a5_gnd004_p20_s5	96.349852
AG-899-G06	AG-899-G06_a5_gnd004_p7_s1	96.349852
AG-899-G06	AG-899-G06_a5_gnd005	95.436078
AG-899-G06	AG-899-G06_a5_gnd005_p10_s1	95.436078
AG-899-G06	AG-899-G06_a5_gnd005_p13_s4	95.436078
AG-899-G06	AG-899-G06_a5_gnd005_p16_s3	95.436078
AG-899-G06	AG-899-G06_a5_gnd005_p18_s2	95.436078
AG-899-G06	AG-899-G06_a5_gnd005_p18_s5	95.436078
AG-899-G06	AG-899-G06_a5_gnd006	94.521787
AG-899-G06	AG-899-G06_a5_gnd006_p11_s5	94.521787
AG-899-G06	AG-899-G06_a5_gnd006_p13_s1	94.521787
AG-899-G06	AG-899-G06_a5_gnd006_p13_s2	94.521787
AG-899-G06	AG-899-G06_a5_gnd006_p16_s3	94.521787
AG-899-G06	AG-899-G06_a5_gnd006_p18_s4	94.521787
AG-899-G06	AG-899-G06_a5_gnd007	93.602339
AG-899-G06	AG-899-G06_a5_gnd007_p15_s3	93.602339
AG-899-G06	AG-899-G06_a5_gnd007_p16_s2	93.602339
AG-899-G06	AG-899-G06_a5_gnd007_p20_s1	93.602339
AG-899-G06	AG-899-G06_a5_gnd007_p20_s4	93.602339
AG-899-G06	AG-899-G06_a5_gnd007_p20_s5	93.602339
AG-899-G06	AG-899-G06_a5_gnd008	92.688462
AG-899-G06	AG-899-G06_a5_gnd008_p12_s2	92.688462
AG-899-G06	AG-899-G06_a5_gnd008_p15_s3	92.688462
AG-899-G06	AG-899-G06_a5_gnd008_p19_s4	92.688462
AG-899-G06	AG-899-G06_a5_gnd008_p8_s1	92.688462
AG-899-G06	AG-899-G06_a5_gnd008_p8_s5	92.688462
AG-899-G06	AG-899-G06_a5_gnd009	91.776647
AG-899-G06	AG-899-G06_a5_gnd009_p0_s3	91.776647
AG-899-G06	AG-899-G06_a5_gnd009_p13_s4	91.776647
AG-899-G06	AG-899-G06_a5_gnd009_p14_s1	91.776647
AG-899-G06	AG-899-G06_a5_gnd009_p14_s2	91.776647
AG-899-G06	AG-899-G06_a5_gnd009_p20_s5	91.776647
AG-899-G06	AG-899-G06_a5_gnd010	90.861737
AG-899-G06	AG-899-G06_a5_gnd010_p0_s3	90.861737
AG-899-G06	AG-899-G06_a5_gnd010_p10_s5	90.861737
AG-899-G06	AG-899-G06_a5_gnd010_p12_s1	90.861737
AG-899-G06	AG-899-G06_a5_gnd010_p13_s4	90.861737
AG-899-G06	AG-899-G06_a5_gnd010_p4_s2	90.861737
AG-899-G06	AG-899-G06_a5_gnd011	89.962609
AG-899-G06	AG-899-G06_a5_gnd011_p13_s2	89.962609
AG-899-G06	AG-899-G06_a5_gnd011_p13_s3	89.962609
AG-899-G06	AG-899-G06_a5_gnd011_p14_s4	89.962609
AG-899-G06	AG-899-G06_a5_gnd011_p14_s5	89.962609
AG-899-G06	AG-899-G06_a5_gnd011_p7_s1	89.962609
AG-899-G06	AG-899-G06_a5_gnd012	89.021088
AG-899-G06	AG-899-G06_a5_gnd012_p15_s2	89.021088
AG-899-G06	AG-899-G06_a5_gnd012_p19_s3	89.021088
AG-899-G06	AG-899-G06_a5_gnd012_p5_s5	89.021088
AG-899-G06	AG-899-G06_a5_gnd012_p7_s1	89.021088
AG-899-G06	AG-899-G06_a5_gnd012_p7_s4	89.021088
AG-899-G06	AG-899-G06_a5_gnd013	88.099371
AG-899-G06	AG-899-G06_a5_gnd013_p0_s1	88.099371
AG-899-G06	AG-899-G06_a5_gnd013_p10_s3	88.099371
AG-899-G06	AG-899-G06_a5_gnd013_p10_s4	88.099371
AG-899-G06	AG-899-G06_a5_gnd013_p18_s2	88.099371
AG-899-G06	AG-899-G06_a5_gnd013_p8_s5	88.099371
AG-899-G06	AG-899-G06_a5_gnd014	87.203957
AG-899-G06	AG-899-G06_a5_gnd014_p11_s3	87.203957
AG-899-G06	AG-899-G06_a5_gnd014_p12_s4	87.203957
AG-899-G06	AG-899-G06_a5_gnd014_p17_s1	87.203957
AG-899-G06	AG-899-G06_a5_gnd014_p18_s2	87.203957
AG-899-G06	AG-899-G06_a5_gnd014_p7_s5	87.203957
AG-899-G06	AG-899-G06_a5_gnd015	86.277495
AG-899-G06	AG-899-G06_a5_gnd015_p11_s2	86.277495
AG-899-G06	AG-899-G06_a5_gnd015_p14_s5	86.277495
AG-899-G06	AG-899-G06_a5_gnd015_p15_s4	86.277495
AG-899-G06	AG-899-G06_a5_gnd015_p16_s1	86.277495
AG-899-G06	AG-899-G06_a5_gnd015_p4_s3	86.277495
AG-899-G06	AG-899-G06_a5_gnd016	85.387547
AG-899-G06	AG-899-G06_a5_gnd016_p10_s1	85.387547
AG-899-G06	AG-899-G06_a5_gnd016_p13_s2	85.387547
AG-899-G06	AG-899-G06_a5_gnd016_p13_s3	85.387547
AG-899-G06	AG-899-G06_a5_gnd016_p14_s4	85.387547
AG-899-G06	AG-899-G06_a5_gnd016_p16_s5	85.387547
AG-899-G06	AG-899-G06_a5_gnd017	84.466552
AG-899-G06	AG-899-G06_a5_gnd017_p10_s1	84.466552
AG-899-G06	AG-899-G06_a5_gnd017_p13_s3	84.466552
AG-899-G06	AG-899-G06_a5_gnd017_p18_s4	84.466552
AG-899-G06	AG-899-G06_a5_gnd017_p19_s5	84.466552
AG-899-G06	AG-899-G06_a5_gnd017_p8_s2	84.466552
AG-899-G06	AG-899-G06_a5_gnd018	83.539265
AG-899-G06	AG-899-G06_a5_gnd018_p14_s4	83.539265
AG-899-G06	AG-899-G06_a5_gnd018_p14_s5	83.539265
AG-899-G06	AG-899-G06_a5_gnd018_p15_s2	83.539265
AG-899-G06	AG-899-G06_a5_gnd018_p20_s1	83.539265
AG-899-G06	AG-899-G06_a5_gnd018_p5_s3	83.539265
AG-899-G06	AG-899-G06_a5_gnd019	82.627760
AG-899-G06	AG-899-G06_a5_gnd019_p10_s1	82.627760
AG-899-G06	AG-899-G06_a5_gnd019_p18_s3	82.627760
AG-899-G06	AG-899-G06_a5_gnd019_p5_s4	82.627760
AG-899-G06	AG-899-G06_a5_gnd019_p7_s2	82.627760
AG-899-G06	AG-899-G06_a5_gnd019_p9_s5	82.627760
AG-899-G06	AG-899-G06_a5_gnd020	81.718833
AG-899-G06	AG-899-G06_a5_gnd020_p0_s4	81.718833
AG-899-G06	AG-899-G06_a5_gnd020_p12_s3	81.718833
AG-899-G06	AG-899-G06_a5_gnd020_p13_s1	81.718833
AG-899-G06	AG-899-G06_a5_gnd020_p6_s5	81.718833
AG-899-G06	AG-899-G06_a5_gnd020_p9_s2	81.718833
AG-900-I13	AG-900-I13_a22_gnd00000	100.000000
AG-900-I13	AG-900-I13_a22_gnd00005	99.955405
AG-900-I13	AG-900-I13_a22_gnd00010	99.909511
AG-900-I13	AG-900-I13_a22_gnd00020	99.817266
AG-900-I13	AG-900-I13_a22_gnd00030	99.728304
AG-900-I13	AG-900-I13_a22_gnd00040	99.639953
AG-900-I13	AG-900-I13_a22_gnd00050	99.547097
AG-900-I13	AG-900-I13_a22_gnd00060	99.457753
AG-900-I13	AG-900-I13_a22_gnd00070	99.367723
AG-900-I13	AG-900-I13_a22_gnd00080	99.274637
AG-900-I13	AG-900-I13_a22_gnd00090	99.185981
AG-900-I13	AG-900-I13_a22_gnd001	99.097783
AG-900-I13	AG-900-I13_a22_gnd002	98.193657
AG-900-I13	AG-900-I13_a22_gnd003	97.286018
AG-900-I13	AG-900-I13_a22_gnd004	96.388307
AG-900-I13	AG-900-I13_a22_gnd005	95.485784
AG-900-I13	AG-900-I13_a22_gnd006	94.573030
AG-900-I13	AG-900-I13_a22_gnd007	93.678754
AG-900-I13	AG-900-I13_a22_gnd008	92.778141
AG-900-I13	AG-900-I13_a22_gnd009	91.877757
AG-900-I13	AG-900-I13_a22_gnd010	90.965078
AG-900-I13	AG-900-I13_a22_gnd011	90.056676
AG-900-I13	AG-900-I13_a22_gnd012	89.168357
AG-900-I13	AG-900-I13_a22_gnd013	88.253158
AG-900-I13	AG-900-I13_a22_gnd014	87.331775
AG-900-I13	AG-900-I13_a22_gnd015	86.440019
AG-900-I13	AG-900-I13_a22_gnd016	85.516421
AG-900-I13	AG-900-I13_a22_gnd017	84.623062
AG-900-I13	AG-900-I13_a22_gnd018	83.717638
AG-900-I13	AG-900-I13_a22_gnd019	82.796101
AG-900-I13	AG-900-I13_a22_gnd020	81.901979
AG-900-I13	AG-900-I13_a5_gnd00000	100.000000
AG-900-I13	AG-900-I13_a5_gnd00000_p14_s4	100.000000
AG-900-I13	AG-900-I13_a5_gnd00000_p16_s2	100.000000
AG-900-I13	AG-900-I13_a5_gnd00000_p1_s1	100.000000
AG-900-I13	AG-900-I13_a5_gnd00000_p7_s5	100.000000
AG-900-I13	AG-900-I13_a5_gnd00000_p9_s3	100.000000
AG-900-I13	AG-900-I13_a5_gnd00005	99.954717
AG-900-I13	AG-900-I13_a5_gnd00005_p10_s1	99.954717
AG-900-I13	AG-900-I13_a5_gnd00005_p17_s5	99.954717
AG-900-I13	AG-900-I13_a5_gnd00005_p6_s3	99.954717
AG-900-I13	AG-900-I13_a5_gnd00005_p8_s2	99.954717
AG-900-I13	AG-900-I13_a5_gnd00005_p8_s4	99.954717
AG-900-I13	AG-900-I13_a5_gnd00010	99.910275
AG-900-I13	AG-900-I13_a5_gnd00010_p0_s5	99.910275
AG-900-I13	AG-900-I13_a5_gnd00010_p14_s3	99.910275
AG-900-I13	AG-900-I13_a5_gnd00010_p1_s1	99.910275
AG-900-I13	AG-900-I13_a5_gnd00010_p8_s2	99.910275
AG-900-I13	AG-900-I13_a5_gnd00010_p9_s4	99.910275
AG-900-I13	AG-900-I13_a5_gnd00020	99.818946
AG-900-I13	AG-900-I13_a5_gnd00020_p0_s1	99.818946
AG-900-I13	AG-900-I13_a5_gnd00020_p10_s3	99.818946
AG-900-I13	AG-900-I13_a5_gnd00020_p16_s2	99.818946
AG-900-I13	AG-900-I13_a5_gnd00020_p20_s4	99.818946
AG-900-I13	AG-900-I13_a5_gnd00020_p20_s5	99.818946
AG-900-I13	AG-900-I13_a5_gnd00030	99.729984
AG-900-I13	AG-900-I13_a5_gnd00030_p11_s4	99.729984
AG-900-I13	AG-900-I13_a5_gnd00030_p17_s2	99.729984
AG-900-I13	AG-900-I13_a5_gnd00030_p5_s1	99.729984
AG-900-I13	AG-900-I13_a5_gnd00030_p7_s5	99.729984
AG-900-I13	AG-900-I13_a5_gnd00030_p9_s3	99.729984
AG-900-I13	AG-900-I13_a5_gnd00040	99.638426
AG-900-I13	AG-900-I13_a5_gnd00040_p10_s1	99.638426
AG-900-I13	AG-900-I13_a5_gnd00040_p10_s4	99.638426
AG-900-I13	AG-900-I13_a5_gnd00040_p14_s3	99.638426
AG-900-I13	AG-900-I13_a5_gnd00040_p16_s2	99.638426
AG-900-I13	AG-900-I13_a5_gnd00040_p19_s5	99.638426
AG-900-I13	AG-900-I13_a5_gnd00050	99.546639
AG-900-I13	AG-900-I13_a5_gnd00050_p0_s5	99.546639
AG-900-I13	AG-900-I13_a5_gnd00050_p10_s2	99.546639
AG-900-I13	AG-900-I13_a5_gnd00050_p19_s4	99.546639
AG-900-I13	AG-900-I13_a5_gnd00050_p6_s3	99.546639
AG-900-I13	AG-900-I13_a5_gnd00050_p7_s1	99.546639
AG-900-I13	AG-900-I13_a5_gnd00060	99.455768
AG-900-I13	AG-900-I13_a5_gnd00060_p0_s2	99.455768
AG-900-I13	AG-900-I13_a5_gnd00060_p13_s4	99.455768
AG-900-I13	AG-900-I13_a5_gnd00060_p18_s3	99.455768
AG-900-I13	AG-900-I13_a5_gnd00060_p18_s5	99.455768
AG-900-I13	AG-900-I13_a5_gnd00060_p19_s1	99.455768
AG-900-I13	AG-900-I13_a5_gnd00070	99.366883
AG-900-I13	AG-900-I13_a5_gnd00070_p10_s2	99.366883
AG-900-I13	AG-900-I13_a5_gnd00070_p14_s5	99.366883
AG-900-I13	AG-900-I13_a5_gnd00070_p17_s1	99.366883
AG-900-I13	AG-900-I13_a5_gnd00070_p8_s3	99.366883
AG-900-I13	AG-900-I13_a5_gnd00070_p9_s4	99.366883
AG-900-I13	AG-900-I13_a5_gnd00080	99.272499
AG-900-I13	AG-900-I13_a5_gnd00080_p13_s2	99.272499
AG-900-I13	AG-900-I13_a5_gnd00080_p13_s3	99.272499
AG-900-I13	AG-900-I13_a5_gnd00080_p14_s4	99.272499
AG-900-I13	AG-900-I13_a5_gnd00080_p20_s5	99.272499
AG-900-I13	AG-900-I13_a5_gnd00080_p3_s1	99.272499
AG-900-I13	AG-900-I13_a5_gnd00090	99.191556
AG-900-I13	AG-900-I13_a5_gnd00090_p10_s1	99.191556
AG-900-I13	AG-900-I13_a5_gnd00090_p10_s5	99.191556
AG-900-I13	AG-900-I13_a5_gnd00090_p13_s3	99.191556
AG-900-I13	AG-900-I13_a5_gnd00090_p2_s2	99.191556
AG-900-I13	AG-900-I13_a5_gnd00090_p8_s4	99.191556
AG-900-I13	AG-900-I13_a5_gnd001	99.099310
AG-900-I13	AG-900-I13_a5_gnd001_p13_s2	99.099310
AG-900-I13	AG-900-I13_a5_gnd001_p18_s5	99.099310
AG-900-I13	AG-900-I13_a5_gnd001_p19_s4	99.099310
AG-900-I13	AG-900-I13_a5_gnd001_p6_s3	99.099310
AG-900-I13	AG-900-I13_a5_gnd001_p8_s1	99.099310
AG-900-I13	AG-900-I13_a5_gnd002	98.192130
AG-900-I13	AG-900-I13_a5_gnd002_p11_s3	98.192130
AG-900-I13	AG-900-I13_a5_gnd002_p18_s2	98.192130
AG-900-I13	AG-900-I13_a5_gnd002_p5_s4	98.192130
AG-900-I13	AG-900-I13_a5_gnd002_p8_s1	98.192130
AG-900-I13	AG-900-I13_a5_gnd002_p9_s5	98.192130
AG-900-I13	AG-900-I13_a5_gnd003	97.292662
AG-900-I13	AG-900-I13_a5_gnd003_p11_s3	97.292662
AG-900-I13	AG-900-I13_a5_gnd003_p11_s5	97.292662
AG-900-I13	AG-900-I13_a5_gnd003_p13_s1	97.292662
AG-900-I13	AG-900-I13_a5_gnd003_p15_s2	97.292662
AG-900-I13	AG-900-I13_a5_gnd003_p18_s4	97.292662
AG-900-I13	AG-900-I13_a5_gnd004	96.384489
AG-900-I13	AG-900-I13_a5_gnd004_p10_s2	96.384489
AG-900-I13	AG-900-I13_a5_gnd004_p14_s5	96.384489
AG-900-I13	AG-900-I13_a5_gnd004_p18_s1	96.384489
AG-900-I13	AG-900-I13_a5_gnd004_p4_s3	96.384489
AG-900-I13	AG-900-I13_a5_gnd004_p7_s4	96.384489
AG-900-I13	AG-900-I13_a5_gnd005	95.474330
AG-900-I13	AG-900-I13_a5_gnd005_p14_s1	95.474330
AG-900-I13	AG-900-I13_a5_gnd005_p17_s3	95.474330
AG-900-I13	AG-900-I13_a5_gnd005_p17_s5	95.474330
AG-900-I13	AG-900-I13_a5_gnd005_p20_s4	95.474330
AG-900-I13	AG-900-I13_a5_gnd005_p9_s2	95.474330
AG-900-I13	AG-900-I13_a5_gnd006	94.581277
AG-900-I13	AG-900-I13_a5_gnd006_p11_s2	94.581277
AG-900-I13	AG-900-I13_a5_gnd006_p18_s1	94.581277
AG-900-I13	AG-900-I13_a5_gnd006_p6_s3	94.581277
AG-900-I13	AG-900-I13_a5_gnd006_p7_s4	94.581277
AG-900-I13	AG-900-I13_a5_gnd006_p7_s5	94.581277
AG-900-I13	AG-900-I13_a5_gnd007	93.668293
AG-900-I13	AG-900-I13_a5_gnd007_p12_s2	93.668293
AG-900-I13	AG-900-I13_a5_gnd007_p18_s1	93.668293
AG-900-I13	AG-900-I13_a5_gnd007_p19_s3	93.668293
AG-900-I13	AG-900-I13_a5_gnd007_p20_s5	93.668293
AG-900-I13	AG-900-I13_a5_gnd007_p5_s4	93.668293
AG-900-I13	AG-900-I13_a5_gnd008	92.762639
AG-900-I13	AG-900-I13_a5_gnd008_p0_s3	92.762639
AG-900-I13	AG-900-I13_a5_gnd008_p0_s5	92.762639
AG-900-I13	AG-900-I13_a5_gnd008_p11_s4	92.762639
AG-900-I13	AG-900-I13_a5_gnd008_p14_s2	92.762639
AG-900-I13	AG-900-I13_a5_gnd008_p17_s1	92.762639
AG-900-I13	AG-900-I13_a5_gnd009	91.868135
AG-900-I13	AG-900-I13_a5_gnd009_p10_s2	91.868135
AG-900-I13	AG-900-I13_a5_gnd009_p14_s4	91.868135
AG-900-I13	AG-900-I13_a5_gnd009_p16_s5	91.868135
AG-900-I13	AG-900-I13_a5_gnd009_p19_s1	91.868135
AG-900-I13	AG-900-I13_a5_gnd009_p7_s3	91.868135
AG-900-I13	AG-900-I13_a5_gnd010	90.966911
AG-900-I13	AG-900-I13_a5_gnd010_p12_s2	90.966911
AG-900-I13	AG-900-I13_a5_gnd010_p13_s3	90.966911
AG-900-I13	AG-900-I13_a5_gnd010_p16_s5	90.966911
AG-900-I13	AG-900-I13_a5_gnd010_p19_s1	90.966911
AG-900-I13	AG-900-I13_a5_gnd010_p6_s4	90.966911
AG-900-I13	AG-900-I13_a5_gnd011	90.042931
AG-900-I13	AG-900-I13_a5_gnd011_p13_s5	90.042931
AG-900-I13	AG-900-I13_a5_gnd011_p17_s4	90.042931
AG-900-I13	AG-900-I13_a5_gnd011_p20_s1	90.042931
AG-900-I13	AG-900-I13_a5_gnd011_p20_s3	90.042931
AG-900-I13	AG-900-I13_a5_gnd011_p7_s2	90.042931
AG-900-I13	AG-900-I13_a5_gnd012	89.142623
AG-900-I13	AG-900-I13_a5_gnd012_p0_s1	89.142623
AG-900-I13	AG-900-I13_a5_gnd012_p13_s3	89.142623
AG-900-I13	AG-900-I13_a5_gnd012_p15_s4	89.142623
AG-900-I13	AG-900-I13_a5_gnd012_p16_s2	89.142623
AG-900-I13	AG-900-I13_a5_gnd012_p9_s5	89.142623
AG-900-I13	AG-900-I13_a5_gnd013	88.248424
AG-900-I13	AG-900-I13_a5_gnd013_p10_s1	88.248424
AG-900-I13	AG-900-I13_a5_gnd013_p11_s4	88.248424
AG-900-I13	AG-900-I13_a5_gnd013_p14_s2	88.248424
AG-900-I13	AG-900-I13_a5_gnd013_p4_s3	88.248424
AG-900-I13	AG-900-I13_a5_gnd013_p5_s5	88.248424
AG-900-I13	AG-900-I13_a5_gnd014	87.335440
AG-900-I13	AG-900-I13_a5_gnd014_p11_s5	87.335440
AG-900-I13	AG-900-I13_a5_gnd014_p13_s2	87.335440
AG-900-I13	AG-900-I13_a5_gnd014_p18_s4	87.335440
AG-900-I13	AG-900-I13_a5_gnd014_p19_s3	87.335440
AG-900-I13	AG-900-I13_a5_gnd014_p8_s1	87.335440
AG-900-I13	AG-900-I13_a5_gnd015	86.432612
AG-900-I13	AG-900-I13_a5_gnd015_p0_s3	86.432612
AG-900-I13	AG-900-I13_a5_gnd015_p18_s2	86.432612
AG-900-I13	AG-900-I13_a5_gnd015_p4_s4	86.432612
AG-900-I13	AG-900-I13_a5_gnd015_p7_s5	86.432612
AG-900-I13	AG-900-I13_a5_gnd015_p8_s1	86.432612
AG-900-I13	AG-900-I13_a5_gnd016	85.505348
AG-900-I13	AG-900-I13_a5_gnd016_p0_s2	85.505348
AG-900-I13	AG-900-I13_a5_gnd016_p16_s3	85.505348
AG-900-I13	AG-900-I13_a5_gnd016_p17_s1	85.505348
AG-900-I13	AG-900-I13_a5_gnd016_p18_s4	85.505348
AG-900-I13	AG-900-I13_a5_gnd016_p20_s5	85.505348
AG-900-I13	AG-900-I13_a5_gnd017	84.612219
AG-900-I13	AG-900-I13_a5_gnd017_p11_s1	84.612219
AG-900-I13	AG-900-I13_a5_gnd017_p13_s5	84.612219
AG-900-I13	AG-900-I13_a5_gnd017_p17_s4	84.612219
AG-900-I13	AG-900-I13_a5_gnd017_p20_s3	84.612219
AG-900-I13	AG-900-I13_a5_gnd017_p5_s2	84.612219
AG-900-I13	AG-900-I13_a5_gnd018	83.719089
AG-900-I13	AG-900-I13_a5_gnd018_p16_s2	83.719089
AG-900-I13	AG-900-I13_a5_gnd018_p18_s3	83.719089
AG-900-I13	AG-900-I13_a5_gnd018_p7_s5	83.719089
AG-900-I13	AG-900-I13_a5_gnd018_p8_s1	83.719089
AG-900-I13	AG-900-I13_a5_gnd018_p9_s4	83.719089
AG-900-I13	AG-900-I13_a5_gnd019	82.796254
AG-900-I13	AG-900-I13_a5_gnd019_p10_s3	82.796254
AG-900-I13	AG-900-I13_a5_gnd019_p13_s2	82.796254
AG-900-I13	AG-900-I13_a5_gnd019_p16_s1	82.796254
AG-900-I13	AG-900-I13_a5_gnd019_p19_s5	82.796254
AG-900-I13	AG-900-I13_a5_gnd019_p7_s4	82.796254
AG-900-I13	AG-900-I13_a5_gnd020	81.908317
AG-900-I13	AG-900-I13_a5_gnd020_p0_s3	81.908317
AG-900-I13	AG-900-I13_a5_gnd020_p10_s4	81.908317
AG-900-I13	AG-900-I13_a5_gnd020_p18_s2	81.908317
AG-900-I13	AG-900-I13_a5_gnd020_p20_s5	81.908317
AG-900-I13	AG-900-I13_a5_gnd020_p8_s1	81.908317
AG-904-K03	AG-904-K03_a22_gnd00000	100.000000
AG-904-K03	AG-904-K03_a22_gnd00005	99.954172
AG-904-K03	AG-904-K03_a22_gnd00010	99.909085
AG-904-K03	AG-904-K03_a22_gnd00020	99.818763
AG-904-K03	AG-904-K03_a22_gnd00030	99.729554
AG-904-K03	AG-904-K03_a22_gnd00040	99.637453
AG-904-K03	AG-904-K03_a22_gnd00050	99.549059
AG-904-K03	AG-904-K03_a22_gnd00060	99.455919
AG-904-K03	AG-904-K03_a22_gnd00070	99.370195
AG-904-K03	AG-904-K03_a22_gnd00080	99.278390
AG-904-K03	AG-904-K03_a22_gnd00090	99.188959
AG-904-K03	AG-904-K03_a22_gnd001	99.097376
AG-904-K03	AG-904-K03_a22_gnd002	98.195642
AG-904-K03	AG-904-K03_a22_gnd003	97.296133
AG-904-K03	AG-904-K03_a22_gnd004	96.385648
AG-904-K03	AG-904-K03_a22_gnd005	95.485101
AG-904-K03	AG-904-K03_a22_gnd006	94.581661
AG-904-K03	AG-904-K03_a22_gnd007	93.680447
AG-904-K03	AG-904-K03_a22_gnd008	92.773003
AG-904-K03	AG-904-K03_a22_gnd009	91.867857
AG-904-K03	AG-904-K03_a22_gnd010	90.972723
AG-904-K03	AG-904-K03_a22_gnd011	90.069506
AG-904-K03	AG-904-K03_a22_gnd012	89.156204
AG-904-K03	AG-904-K03_a22_gnd013	88.262924
AG-904-K03	AG-904-K03_a22_gnd014	87.355406
AG-904-K03	AG-904-K03_a22_gnd015	86.433946
AG-904-K03	AG-904-K03_a22_gnd016	85.531619
AG-904-K03	AG-904-K03_a22_gnd017	84.631961
AG-904-K03	AG-904-K03_a22_gnd018	83.721477
AG-904-K03	AG-904-K03_a22_gnd019	82.816999
AG-904-K03	AG-904-K03_a22_gnd020	81.918528
AG-904-K03	AG-904-K03_a5_gnd00000	100.000000
AG-904-K03	AG-904-K03_a5_gnd00000_p10_s1	100.000000
AG-904-K03	AG-904-K03_a5_gnd00000_p11_s5	100.000000
AG-904-K03	AG-904-K03_a5_gnd00000_p13_s4	100.000000
AG-904-K03	AG-904-K03_a5_gnd00000_p14_s3	100.000000
AG-904-K03	AG-904-K03_a5_gnd00000_p20_s2	100.000000
AG-904-K03	AG-904-K03_a5_gnd00005	99.955062
AG-904-K03	AG-904-K03_a5_gnd00005_p0_s2	99.955062
AG-904-K03	AG-904-K03_a5_gnd00005_p10_s3	99.955062
AG-904-K03	AG-904-K03_a5_gnd00005_p1_s4	99.955062
AG-904-K03	AG-904-K03_a5_gnd00005_p20_s5	99.955062
AG-904-K03	AG-904-K03_a5_gnd00005_p8_s1	99.955062
AG-904-K03	AG-904-K03_a5_gnd00010	99.909901
AG-904-K03	AG-904-K03_a5_gnd00010_p15_s1	99.909901
AG-904-K03	AG-904-K03_a5_gnd00010_p17_s4	99.909901
AG-904-K03	AG-904-K03_a5_gnd00010_p18_s2	99.909901
AG-904-K03	AG-904-K03_a5_gnd00010_p20_s3	99.909901
AG-904-K03	AG-904-K03_a5_gnd00010_p4_s5	99.909901
AG-904-K03	AG-904-K03_a5_gnd00020	99.820321
AG-904-K03	AG-904-K03_a5_gnd00020_p15_s4	99.820321
AG-904-K03	AG-904-K03_a5_gnd00020_p15_s5	99.820321
AG-904-K03	AG-904-K03_a5_gnd00020_p18_s3	99.820321
AG-904-K03	AG-904-K03_a5_gnd00020_p19_s2	99.820321
AG-904-K03	AG-904-K03_a5_gnd00020_p1_s1	99.820321
AG-904-K03	AG-904-K03_a5_gnd00030	99.729925
AG-904-K03	AG-904-K03_a5_gnd00030_p11_s5	99.729925
AG-904-K03	AG-904-K03_a5_gnd00030_p15_s2	99.729925
AG-904-K03	AG-904-K03_a5_gnd00030_p20_s1	99.729925
AG-904-K03	AG-904-K03_a5_gnd00030_p5_s3	99.729925
AG-904-K03	AG-904-K03_a5_gnd00030_p8_s4	99.729925
AG-904-K03	AG-904-K03_a5_gnd00040	99.639825
AG-904-K03	AG-904-K03_a5_gnd00040_p10_s1	99.639825
AG-904-K03	AG-904-K03_a5_gnd00040_p11_s3	99.639825
AG-904-K03	AG-904-K03_a5_gnd00040_p17_s4	99.639825
AG-904-K03	AG-904-K03_a5_gnd00040_p6_s5	99.639825
AG-904-K03	AG-904-K03_a5_gnd00040_p9_s2	99.639825
AG-904-K03	AG-904-K03_a5_gnd00050	99.549207
AG-904-K03	AG-904-K03_a5_gnd00050_p14_s3	99.549207
AG-904-K03	AG-904-K03_a5_gnd00050_p20_s1	99.549207
AG-904-K03	AG-904-K03_a5_gnd00050_p20_s4	99.549207
AG-904-K03	AG-904-K03_a5_gnd00050_p20_s5	99.549207
AG-904-K03	AG-904-K03_a5_gnd00050_p6_s2	99.549207
AG-904-K03	AG-904-K03_a5_gnd00060	99.456438
AG-904-K03	AG-904-K03_a5_gnd00060_p18_s5	99.456438
AG-904-K03	AG-904-K03_a5_gnd00060_p19_s3	99.456438
AG-904-K03	AG-904-K03_a5_gnd00060_p20_s4	99.456438
AG-904-K03	AG-904-K03_a5_gnd00060_p7_s2	99.456438
AG-904-K03	AG-904-K03_a5_gnd00060_p8_s1	99.456438
AG-904-K03	AG-904-K03_a5_gnd00070	99.366191
AG-904-K03	AG-904-K03_a5_gnd00070_p0_s5	99.366191
AG-904-K03	AG-904-K03_a5_gnd00070_p11_s4	99.366191
AG-904-K03	AG-904-K03_a5_gnd00070_p4_s1	99.366191
AG-904-K03	AG-904-K03_a5_gnd00070_p6_s3	99.366191
AG-904-K03	AG-904-K03_a5_gnd00070_p8_s2	99.366191
AG-904-K03	AG-904-K03_a5_gnd00080	99.277649
AG-904-K03	AG-904-K03_a5_gnd00080_p14_s2	99.277649
AG-904-K03	AG-904-K03_a5_gnd00080_p18_s3	99.277649
AG-904-K03	AG-904-K03_a5_gnd00080_p18_s5	99.277649
AG-904-K03	AG-904-K03_a5_gnd00080_p7_s1	99.277649
AG-904-K03	AG-904-K03_a5_gnd00080_p9_s4	99.277649
AG-904-K03	AG-904-K03_a5_gnd00090	99.188588
AG-904-K03	AG-904-K03_a5_gnd00090_p13_s3	99.188588
AG-904-K03	AG-904-K03_a5_gnd00090_p15_s5	99.188588
AG-904-K03	AG-904-K03_a5_gnd00090_p18_s1	99.188588
AG-904-K03	AG-904-K03_a5_gnd00090_p5_s2	99.188588
AG-904-K03	AG-904-K03_a5_gnd00090_p6_s4	99.188588
AG-904-K03	AG-904-K03_a5_gnd001	99.096783
AG-904-K03	AG-904-K03_a5_gnd001_p10_s1	99.096783
AG-904-K03	AG-904-K03_a5_gnd001_p13_s2	99.096783
AG-904-K03	AG-904-K03_a5_gnd001_p13_s3	99.096783
AG-904-K03	AG-904-K03_a5_gnd001_p13_s4	99.096783
AG-904-K03	AG-904-K03_a5_gnd001_p16_s5	99.096783
AG-904-K03	AG-904-K03_a5_gnd002	98.194456
AG-904-K03	AG-904-K03_a5_gnd002_p10_s1	98.194456
AG-904-K03	AG-904-K03_a5_gnd002_p11_s3	98.194456
AG-904-K03	AG-904-K03_a5_gnd002_p16_s5	98.194456
AG-904-K03	AG-904-K03_a5_gnd002_p17_s4	98.194456
AG-904-K03	AG-904-K03_a5_gnd002_p19_s2	98.194456
AG-904-K03	AG-904-K03_a5_gnd003	97.288495
AG-904-K03	AG-904-K03_a5_gnd003_p12_s2	97.288495
AG-904-K03	AG-904-K03_a5_gnd003_p13_s1	97.288495
AG-904-K03	AG-904-K03_a5_gnd003_p15_s3	97.288495
AG-904-K03	AG-904-K03_a5_gnd003_p19_s4	97.288495
AG-904-K03	AG-904-K03_a5_gnd003_p7_s5	97.288495
AG-904-K03	AG-904-K03_a5_gnd004	96.388689
AG-904-K03	AG-904-K03_a5_gnd004_p0_s3	96.388689
AG-904-K03	AG-904-K03_a5_gnd004_p13_s1	96.388689
AG-904-K03	AG-904-K03_a5_gnd004_p14_s2	96.388689
AG-904-K03	AG-904-K03_a5_gnd004_p16_s5	96.388689
AG-904-K03	AG-904-K03_a5_gnd004_p20_s4	96.388689
AG-904-K03	AG-904-K03_a5_gnd005	95.483247
AG-904-K03	AG-904-K03_a5_gnd005_p11_s3	95.483247
AG-904-K03	AG-904-K03_a5_gnd005_p11_s5	95.483247
AG-904-K03	AG-904-K03_a5_gnd005_p12_s2	95.483247
AG-904-K03	AG-904-K03_a5_gnd005_p15_s1	95.483247
AG-904-K03	AG-904-K03_a5_gnd005_p17_s4	95.483247
AG-904-K03	AG-904-K03_a5_gnd006	94.583145
AG-904-K03	AG-904-K03_a5_gnd006_p0_s1	94.583145
AG-904-K03	AG-904-K03_a5_gnd006_p0_s3	94.583145
AG-904-K03	AG-904-K03_a5_gnd006_p17_s2	94.583145
AG-904-K03	AG-904-K03_a5_gnd006_p17_s5	94.583145
AG-904-K03	AG-904-K03_a5_gnd006_p9_s4	94.583145
AG-904-K03	AG-904-K03_a5_gnd007	93.690828
AG-904-K03	AG-904-K03_a5_gnd007_p14_s3	93.690828
AG-904-K03	AG-904-K03_a5_gnd007_p15_s2	93.690828
AG-904-K03	AG-904-K03_a5_gnd007_p16_s4	93.690828
AG-904-K03	AG-904-K03_a5_gnd007_p2_s1	93.690828
AG-904-K03	AG-904-K03_a5_gnd007_p8_s5	93.690828
AG-904-K03	AG-904-K03_a5_gnd008	92.776562
AG-904-K03	AG-904-K03_a5_gnd008_p0_s4	92.776562
AG-904-K03	AG-904-K03_a5_gnd008_p12_s5	92.776562
AG-904-K03	AG-904-K03_a5_gnd008_p15_s1	92.776562
AG-904-K03	AG-904-K03_a5_gnd008_p18_s3	92.776562
AG-904-K03	AG-904-K03_a5_gnd008_p8_s2	92.776562
AG-904-K03	AG-904-K03_a5_gnd009	91.876311
AG-904-K03	AG-904-K03_a5_gnd009_p11_s3	91.876311
AG-904-K03	AG-904-K03_a5_gnd009_p18_s1	91.876311
AG-904-K03	AG-904-K03_a5_gnd009_p19_s4	91.876311
AG-904-K03	AG-904-K03_a5_gnd009_p9_s2	91.876311
AG-904-K03	AG-904-K03_a5_gnd009_p9_s5	91.876311
AG-904-K03	AG-904-K03_a5_gnd010	90.974206
AG-904-K03	AG-904-K03_a5_gnd010_p18_s1	90.974206
AG-904-K03	AG-904-K03_a5_gnd010_p20_s5	90.974206
AG-904-K03	AG-904-K03_a5_gnd010_p7_s2	90.974206
AG-904-K03	AG-904-K03_a5_gnd010_p8_s3	90.974206
AG-904-K03	AG-904-K03_a5_gnd010_p9_s4	90.974206
AG-904-K03	AG-904-K03_a5_gnd011	90.070693
AG-904-K03	AG-904-K03_a5_gnd011_p10_s3	90.070693
AG-904-K03	AG-904-K03_a5_gnd011_p14_s1	90.070693
AG-904-K03	AG-904-K03_a5_gnd011_p15_s4	90.070693
AG-904-K03	AG-904-K03_a5_gnd011_p20_s2	90.070693
AG-904-K03	AG-904-K03_a5_gnd011_p9_s5	90.070693
AG-904-K03	AG-904-K03_a5_gnd012	89.152199
AG-904-K03	AG-904-K03_a5_gnd012_p0_s4	89.152199
AG-904-K03	AG-904-K03_a5_gnd012_p11_s5	89.152199
AG-904-K03	AG-904-K03_a5_gnd012_p13_s3	89.152199
AG-904-K03	AG-904-K03_a5_gnd012_p14_s1	89.152199
AG-904-K03	AG-904-K03_a5_gnd012_p9_s2	89.152199
AG-904-K03	AG-904-K03_a5_gnd013	88.254396
AG-904-K03	AG-904-K03_a5_gnd013_p11_s5	88.254396
AG-904-K03	AG-904-K03_a5_gnd013_p12_s1	88.254396
AG-904-K03	AG-904-K03_a5_gnd013_p15_s4	88.254396
AG-904-K03	AG-904-K03_a5_gnd013_p20_s3	88.254396
AG-904-K03	AG-904-K03_a5_gnd013_p8_s2	88.254396
AG-904-K03	AG-904-K03_a5_gnd014	87.353848
AG-904-K03	AG-904-K03_a5_gnd014_p0_s1	87.353848
AG-904-K03	AG-904-K03_a5_gnd014_p18_s2	87.353848
AG-904-K03	AG-904-K03_a5_gnd014_p18_s3	87.353848
AG-904-K03	AG-904-K03_a5_gnd014_p19_s5	87.353848
AG-904-K03	AG-904-K03_a5_gnd014_p20_s4	87.353848
AG-904-K03	AG-904-K03_a5_gnd015	86.441213
AG-904-K03	AG-904-K03_a5_gnd015_p11_s2	86.441213
AG-904-K03	AG-904-K03_a5_gnd015_p13_s4	86.441213
AG-904-K03	AG-904-K03_a5_gnd015_p14_s5	86.441213
AG-904-K03	AG-904-K03_a5_gnd015_p17_s3	86.441213
AG-904-K03	AG-904-K03_a5_gnd015_p20_s1	86.441213
AG-904-K03	AG-904-K03_a5_gnd016	85.532657
AG-904-K03	AG-904-K03_a5_gnd016_p12_s5	85.532657
AG-904-K03	AG-904-K03_a5_gnd016_p16_s4	85.532657
AG-904-K03	AG-904-K03_a5_gnd016_p18_s2	85.532657
AG-904-K03	AG-904-K03_a5_gnd016_p5_s3	85.532657
AG-904-K03	AG-904-K03_a5_gnd016_p6_s1	85.532657
AG-904-K03	AG-904-K03_a5_gnd017	84.640415
AG-904-K03	AG-904-K03_a5_gnd017_p0_s2	84.640415
AG-904-K03	AG-904-K03_a5_gnd017_p0_s5	84.640415
AG-904-K03	AG-904-K03_a5_gnd017_p13_s1	84.640415
AG-904-K03	AG-904-K03_a5_gnd017_p14_s4	84.640415
AG-904-K03	AG-904-K03_a5_gnd017_p20_s3	84.640415
AG-904-K03	AG-904-K03_a5_gnd018	83.720513
AG-904-K03	AG-904-K03_a5_gnd018_p15_s3	83.720513
AG-904-K03	AG-904-K03_a5_gnd018_p18_s2	83.720513
AG-904-K03	AG-904-K03_a5_gnd018_p7_s1	83.720513
AG-904-K03	AG-904-K03_a5_gnd018_p8_s4	83.720513
AG-904-K03	AG-904-K03_a5_gnd018_p9_s5	83.720513
AG-904-K03	AG-904-K03_a5_gnd019	82.813736
AG-904-K03	AG-904-K03_a5_gnd019_p0_s4	82.813736
AG-904-K03	AG-904-K03_a5_gnd019_p18_s2	82.813736
AG-904-K03	AG-904-K03_a5_gnd019_p5_s1	82.813736
AG-904-K03	AG-904-K03_a5_gnd019_p7_s5	82.813736
AG-904-K03	AG-904-K03_a5_gnd019_p8_s3	82.813736
AG-904-K03	AG-904-K03_a5_gnd020	81.902955
AG-904-K03	AG-904-K03_a5_gnd020_p14_s1	81.902955
AG-904-K03	AG-904-K03_a5_gnd020_p14_s4	81.902955
AG-904-K03	AG-904-K03_a5_gnd020_p16_s5	81.902955
AG-904-K03	AG-904-K03_a5_gnd020_p20_s3	81.902955
AG-904-K03	AG-904-K03_a5_gnd020_p8_s2	81.902955
AG-908-A02	AG-908-A02_a22_gnd00000	100.000000
AG-908-A02	AG-908-A02_a22_gnd00005	99.956256
AG-908-A02	AG-908-A02_a22_gnd00010	99.911906
AG-908-A02	AG-908-A02_a22_gnd00020	99.825174
AG-908-A02	AG-908-A02_a22_gnd00030	99.735868
AG-908-A02	AG-908-A02_a22_gnd00040	99.647396
AG-908-A02	AG-908-A02_a22_gnd00050	99.560891
AG-908-A02	AG-908-A02_a22_gnd00060	99.473326
AG-908-A02	AG-908-A02_a22_gnd00070	99.384778
AG-908-A02	AG-908-A02_a22_gnd00080	99.296305
AG-908-A02	AG-908-A02_a22_gnd00090	99.211314
AG-908-A02	AG-908-A02_a22_gnd001	99.120570
AG-908-A02	AG-908-A02_a22_gnd002	98.238870
AG-908-A02	AG-908-A02_a22_gnd003	97.362090
AG-908-A02	AG-908-A02_a22_gnd004	96.484476
AG-908-A02	AG-908-A02_a22_gnd005	95.594905
AG-908-A02	AG-908-A02_a22_gnd006	94.725239
AG-908-A02	AG-908-A02_a22_gnd007	93.847777
AG-908-A02	AG-908-A02_a22_gnd008	92.963277
AG-908-A02	AG-908-A02_a22_gnd009	92.092626
AG-908-A02	AG-908-A02_a22_gnd010	91.200860
AG-908-A02	AG-908-A02_a22_gnd011	90.325064
AG-908-A02	AG-908-A02_a22_gnd012	89.451007
AG-908-A02	AG-908-A02_a22_gnd013	88.560528
AG-908-A02	AG-908-A02_a22_gnd014	87.667930
AG-908-A02	AG-908-A02_a22_gnd015	86.803637
AG-908-A02	AG-908-A02_a22_gnd016	85.919363
AG-908-A02	AG-908-A02_a22_gnd017	85.031155
AG-908-A02	AG-908-A02_a22_gnd018	84.155812
AG-908-A02	AG-908-A02_a22_gnd019	83.266090
AG-908-A02	AG-908-A02_a22_gnd020	82.385525
AG-908-A02	AG-908-A02_a5_gnd00000	100.000000
AG-908-A02	AG-908-A02_a5_gnd00000_p13_s3	100.000000
AG-908-A02	AG-908-A02_a5_gnd00000_p14_s4	100.000000
AG-908-A02	AG-908-A02_a5_gnd00000_p18_s5	100.000000
AG-908-A02	AG-908-A02_a5_gnd00000_p20_s1	100.000000
AG-908-A02	AG-908-A02_a5_gnd00000_p6_s2	100.000000
AG-908-A02	AG-908-A02_a5_gnd00005	99.956180
AG-908-A02	AG-908-A02_a5_gnd00005_p11_s1	99.956180
AG-908-A02	AG-908-A02_a5_gnd00005_p15_s3	99.956180
AG-908-A02	AG-908-A02_a5_gnd00005_p15_s4	99.956180
AG-908-A02	AG-908-A02_a5_gnd00005_p16_s5	99.956180
AG-908-A02	AG-908-A02_a5_gnd00005_p8_s2	99.956180
AG-908-A02	AG-908-A02_a5_gnd00010	99.912587
AG-908-A02	AG-908-A02_a5_gnd00010_p11_s3	99.912587
AG-908-A02	AG-908-A02_a5_gnd00010_p12_s2	99.912587
AG-908-A02	AG-908-A02_a5_gnd00010_p13_s4	99.912587
AG-908-A02	AG-908-A02_a5_gnd00010_p16_s1	99.912587
AG-908-A02	AG-908-A02_a5_gnd00010_p9_s5	99.912587
AG-908-A02	AG-908-A02_a5_gnd00020	99.822979
AG-908-A02	AG-908-A02_a5_gnd00020_p0_s5	99.822979
AG-908-A02	AG-908-A02_a5_gnd00020_p11_s2	99.822979
AG-908-A02	AG-908-A02_a5_gnd00020_p18_s1	99.822979
AG-908-A02	AG-908-A02_a5_gnd00020_p18_s3	99.822979
AG-908-A02	AG-908-A02_a5_gnd00020_p18_s4	99.822979
AG-908-A02	AG-908-A02_a5_gnd00030	99.736398
AG-908-A02	AG-908-A02_a5_gnd00030_p13_s5	99.736398
AG-908-A02	AG-908-A02_a5_gnd00030_p14_s1	99.736398
AG-908-A02	AG-908-A02_a5_gnd00030_p19_s3	99.736398
AG-908-A02	AG-908-A02_a5_gnd00030_p7_s2	99.736398
AG-908-A02	AG-908-A02_a5_gnd00030_p8_s4	99.736398
AG-908-A02	AG-908-A02_a5_gnd00040	99.647925
AG-908-A02	AG-908-A02_a5_gnd00040_p10_s2	99.647925
AG-908-A02	AG-908-A02_a5_gnd00040_p11_s3	99.647925
AG-908-A02	AG-908-A02_a5_gnd00040_p18_s4	99.647925
AG-908-A02	AG-908-A02_a5_gnd00040_p7_s5	99.647925
AG-908-A02	AG-908-A02_a5_gnd00040_p9_s1	99.647925
AG-908-A02	AG-908-A02_a5_gnd00050	99.562102
AG-908-A02	AG-908-A02_a5_gnd00050_p13_s5	99.562102
AG-908-A02	AG-908-A02_a5_gnd00050_p14_s3	99.562102
AG-908-A02	AG-908-A02_a5_gnd00050_p16_s2	99.562102
AG-908-A02	AG-908-A02_a5_gnd00050_p18_s4	99.562102
AG-908-A02	AG-908-A02_a5_gnd00050_p8_s1	99.562102
AG-908-A02	AG-908-A02_a5_gnd00060	99.473023
AG-908-A02	AG-908-A02_a5_gnd00060_p0_s1	99.473023
AG-908-A02	AG-908-A02_a5_gnd00060_p10_s5	99.473023
AG-908-A02	AG-908-A02_a5_gnd00060_p15_s4	99.473023
AG-908-A02	AG-908-A02_a5_gnd00060_p6_s2	99.473023
AG-908-A02	AG-908-A02_a5_gnd00060_p8_s3	99.473023
AG-908-A02	AG-908-A02_a5_gnd00070	99.385459
AG-908-A02	AG-908-A02_a5_gnd00070_p17_s3	99.385459
AG-908-A02	AG-908-A02_a5_gnd00070_p17_s4	99.385459
AG-908-A02	AG-908-A02_a5_gnd00070_p20_s1	99.385459
AG-908-A02	AG-908-A02_a5_gnd00070_p7_s2	99.385459
AG-908-A02	AG-908-A02_a5_gnd00070_p9_s5	99.385459
AG-908-A02	AG-908-A02_a5_gnd00080	99.294791
AG-908-A02	AG-908-A02_a5_gnd00080_p11_s3	99.294791
AG-908-A02	AG-908-A02_a5_gnd00080_p11_s4	99.294791
AG-908-A02	AG-908-A02_a5_gnd00080_p20_s2	99.294791
AG-908-A02	AG-908-A02_a5_gnd00080_p6_s5	99.294791
AG-908-A02	AG-908-A02_a5_gnd00080_p7_s1	99.294791
AG-908-A02	AG-908-A02_a5_gnd00090	99.209119
AG-908-A02	AG-908-A02_a5_gnd00090_p10_s1	99.209119
AG-908-A02	AG-908-A02_a5_gnd00090_p13_s2	99.209119
AG-908-A02	AG-908-A02_a5_gnd00090_p14_s3	99.209119
AG-908-A02	AG-908-A02_a5_gnd00090_p19_s5	99.209119
AG-908-A02	AG-908-A02_a5_gnd00090_p6_s4	99.209119
AG-908-A02	AG-908-A02_a5_gnd001	99.120419
AG-908-A02	AG-908-A02_a5_gnd001_p12_s2	99.120419
AG-908-A02	AG-908-A02_a5_gnd001_p16_s1	99.120419
AG-908-A02	AG-908-A02_a5_gnd001_p19_s4	99.120419
AG-908-A02	AG-908-A02_a5_gnd001_p4_s3	99.120419
AG-908-A02	AG-908-A02_a5_gnd001_p7_s5	99.120419
AG-908-A02	AG-908-A02_a5_gnd002	98.239627
AG-908-A02	AG-908-A02_a5_gnd002_p10_s3	98.239627
AG-908-A02	AG-908-A02_a5_gnd002_p13_s2	98.239627
AG-908-A02	AG-908-A02_a5_gnd002_p15_s1	98.239627
AG-908-A02	AG-908-A02_a5_gnd002_p16_s5	98.239627
AG-908-A02	AG-908-A02_a5_gnd002_p7_s4	98.239627
AG-908-A02	AG-908-A02_a5_gnd003	97.366404
AG-908-A02	AG-908-A02_a5_gnd003_p11_s2	97.366404
AG-908-A02	AG-908-A02_a5_gnd003_p13_s1	97.366404
AG-908-A02	AG-908-A02_a5_gnd003_p16_s4	97.366404
AG-908-A02	AG-908-A02_a5_gnd003_p8_s5	97.366404
AG-908-A02	AG-908-A02_a5_gnd003_p9_s3	97.366404
AG-908-A02	AG-908-A02_a5_gnd004	96.476076
AG-908-A02	AG-908-A02_a5_gnd004_p0_s1	96.476076
AG-908-A02	AG-908-A02_a5_gnd004_p11_s5	96.476076
AG-908-A02	AG-908-A02_a5_gnd004_p17_s4	96.476076
AG-908-A02	AG-908-A02_a5_gnd004_p20_s3	96.476076
AG-908-A02	AG-908-A02_a5_gnd004_p5_s2	96.476076
AG-908-A02	AG-908-A02_a5_gnd005	95.607317
AG-908-A02	AG-908-A02_a5_gnd005_p0_s3	95.607317
AG-908-A02	AG-908-A02_a5_gnd005_p10_s5	95.607317
AG-908-A02	AG-908-A02_a5_gnd005_p13_s1	95.607317
AG-908-A02	AG-908-A02_a5_gnd005_p17_s2	95.607317
AG-908-A02	AG-908-A02_a5_gnd005_p9_s4	95.607317
AG-908-A02	AG-908-A02_a5_gnd006	94.714113
AG-908-A02	AG-908-A02_a5_gnd006_p12_s5	94.714113
AG-908-A02	AG-908-A02_a5_gnd006_p13_s3	94.714113
AG-908-A02	AG-908-A02_a5_gnd006_p15_s4	94.714113
AG-908-A02	AG-908-A02_a5_gnd006_p18_s1	94.714113
AG-908-A02	AG-908-A02_a5_gnd006_p19_s2	94.714113
AG-908-A02	AG-908-A02_a5_gnd007	93.841647
AG-908-A02	AG-908-A02_a5_gnd007_p10_s3	93.841647
AG-908-A02	AG-908-A02_a5_gnd007_p12_s4	93.841647
AG-908-A02	AG-908-A02_a5_gnd007_p14_s1	93.841647
AG-908-A02	AG-908-A02_a5_gnd007_p15_s5	93.841647
AG-908-A02	AG-908-A02_a5_gnd007_p8_s2	93.841647
AG-908-A02	AG-908-A02_a5_gnd008	92.960930
AG-908-A02	AG-908-A02_a5_gnd008_p11_s4	92.960930
AG-908-A02	AG-908-A02_a5_gnd008_p12_s5	92.960930
AG-908-A02	AG-908-A02_a5_gnd008_p20_s1	92.960930
AG-908-A02	AG-908-A02_a5_gnd008_p20_s2	92.960930
AG-908-A02	AG-908-A02_a5_gnd008_p8_s3	92.960930
AG-908-A02	AG-908-A02_a5_gnd009	92.081728
AG-908-A02	AG-908-A02_a5_gnd009_p12_s2	92.081728
AG-908-A02	AG-908-A02_a5_gnd009_p14_s5	92.081728
AG-908-A02	AG-908-A02_a5_gnd009_p3_s3	92.081728
AG-908-A02	AG-908-A02_a5_gnd009_p4_s4	92.081728
AG-908-A02	AG-908-A02_a5_gnd009_p8_s1	92.081728
AG-908-A02	AG-908-A02_a5_gnd010	91.206764
AG-908-A02	AG-908-A02_a5_gnd010_p0_s4	91.206764
AG-908-A02	AG-908-A02_a5_gnd010_p14_s5	91.206764
AG-908-A02	AG-908-A02_a5_gnd010_p16_s3	91.206764
AG-908-A02	AG-908-A02_a5_gnd010_p20_s2	91.206764
AG-908-A02	AG-908-A02_a5_gnd010_p6_s1	91.206764
AG-908-A02	AG-908-A02_a5_gnd011	90.321733
AG-908-A02	AG-908-A02_a5_gnd011_p11_s5	90.321733
AG-908-A02	AG-908-A02_a5_gnd011_p17_s2	90.321733
AG-908-A02	AG-908-A02_a5_gnd011_p18_s3	90.321733
AG-908-A02	AG-908-A02_a5_gnd011_p18_s4	90.321733
AG-908-A02	AG-908-A02_a5_gnd011_p19_s1	90.321733
AG-908-A02	AG-908-A02_a5_gnd012	89.440336
AG-908-A02	AG-908-A02_a5_gnd012_p10_s5	89.440336
AG-908-A02	AG-908-A02_a5_gnd012_p12_s1	89.440336
AG-908-A02	AG-908-A02_a5_gnd012_p20_s2	89.440336
AG-908-A02	AG-908-A02_a5_gnd012_p20_s3	89.440336
AG-908-A02	AG-908-A02_a5_gnd012_p4_s4	89.440336
AG-908-A02	AG-908-A02_a5_gnd013	88.553263
AG-908-A02	AG-908-A02_a5_gnd013_p13_s2	88.553263
AG-908-A02	AG-908-A02_a5_gnd013_p15_s4	88.553263
AG-908-A02	AG-908-A02_a5_gnd013_p18_s5	88.553263
AG-908-A02	AG-908-A02_a5_gnd013_p19_s1	88.553263
AG-908-A02	AG-908-A02_a5_gnd013_p19_s3	88.553263
AG-908-A02	AG-908-A02_a5_gnd014	87.682385
AG-908-A02	AG-908-A02_a5_gnd014_p13_s4	87.682385
AG-908-A02	AG-908-A02_a5_gnd014_p16_s1	87.682385
AG-908-A02	AG-908-A02_a5_gnd014_p19_s5	87.682385
AG-908-A02	AG-908-A02_a5_gnd014_p20_s2	87.682385
AG-908-A02	AG-908-A02_a5_gnd014_p8_s3	87.682385
AG-908-A02	AG-908-A02_a5_gnd015	86.780705
AG-908-A02	AG-908-A02_a5_gnd015_p10_s3	86.780705
AG-908-A02	AG-908-A02_a5_gnd015_p13_s4	86.780705
AG-908-A02	AG-908-A02_a5_gnd015_p14_s2	86.780705
AG-908-A02	AG-908-A02_a5_gnd015_p15_s1	86.780705
AG-908-A02	AG-908-A02_a5_gnd015_p18_s5	86.780705
AG-908-A02	AG-908-A02_a5_gnd016	85.910433
AG-908-A02	AG-908-A02_a5_gnd016_p13_s1	85.910433
AG-908-A02	AG-908-A02_a5_gnd016_p13_s3	85.910433
AG-908-A02	AG-908-A02_a5_gnd016_p20_s4	85.910433
AG-908-A02	AG-908-A02_a5_gnd016_p20_s5	85.910433
AG-908-A02	AG-908-A02_a5_gnd016_p6_s2	85.910433
AG-908-A02	AG-908-A02_a5_gnd017	85.026992
AG-908-A02	AG-908-A02_a5_gnd017_p11_s5	85.026992
AG-908-A02	AG-908-A02_a5_gnd017_p20_s2	85.026992
AG-908-A02	AG-908-A02_a5_gnd017_p20_s3	85.026992
AG-908-A02	AG-908-A02_a5_gnd017_p20_s4	85.026992
AG-908-A02	AG-908-A02_a5_gnd017_p3_s1	85.026992
AG-908-A02	AG-908-A02_a5_gnd018	84.137724
AG-908-A02	AG-908-A02_a5_gnd018_p11_s2	84.137724
AG-908-A02	AG-908-A02_a5_gnd018_p13_s3	84.137724
AG-908-A02	AG-908-A02_a5_gnd018_p17_s5	84.137724
AG-908-A02	AG-908-A02_a5_gnd018_p19_s4	84.137724
AG-908-A02	AG-908-A02_a5_gnd018_p2_s1	84.137724
AG-908-A02	AG-908-A02_a5_gnd019	83.274263
AG-908-A02	AG-908-A02_a5_gnd019_p10_s4	83.274263
AG-908-A02	AG-908-A02_a5_gnd019_p14_s5	83.274263
AG-908-A02	AG-908-A02_a5_gnd019_p15_s2	83.274263
AG-908-A02	AG-908-A02_a5_gnd019_p6_s1	83.274263
AG-908-A02	AG-908-A02_a5_gnd019_p6_s3	83.274263
AG-908-A02	AG-908-A02_a5_gnd020	82.381589
AG-908-A02	AG-908-A02_a5_gnd020_p0_s1	82.381589
AG-908-A02	AG-908-A02_a5_gnd020_p10_s5	82.381589
AG-908-A02	AG-908-A02_a5_gnd020_p14_s3	82.381589
AG-908-A02	AG-908-A02_a5_gnd020_p1_s4	82.381589
AG-908-A02	AG-908-A02_a5_gnd020_p7_s2	82.381589
AG-909-F14	AG-909-F14_a22_gnd00000	100.000000
AG-909-F14	AG-909-F14_a22_gnd00005	99.954636
AG-909-F14	AG-909-F14_a22_gnd00010	99.909810
AG-909-F14	AG-909-F14_a22_gnd00020	99.819851
AG-909-F14	AG-909-F14_a22_gnd00030	99.729354
AG-909-F14	AG-909-F14_a22_gnd00040	99.638549
AG-909-F14	AG-909-F14_a22_gnd00050	99.548974
AG-909-F14	AG-909-F14_a22_gnd00060	99.459169
AG-909-F14	AG-909-F14_a22_gnd00070	99.369902
AG-909-F14	AG-909-F14_a22_gnd00080	99.279481
AG-909-F14	AG-909-F14_a22_gnd00090	99.188061
AG-909-F14	AG-909-F14_a22_gnd001	99.094027
AG-909-F14	AG-909-F14_a22_gnd002	98.199203
AG-909-F14	AG-909-F14_a22_gnd003	97.285542
AG-909-F14	AG-909-F14_a22_gnd004	96.388411
AG-909-F14	AG-909-F14_a22_gnd005	95.481593
AG-909-F14	AG-909-F14_a22_gnd006	94.583847
AG-909-F14	AG-909-F14_a22_gnd007	93.671108
AG-909-F14	AG-909-F14_a22_gnd008	92.772978
AG-909-F14	AG-909-F14_a22_gnd009	91.866544
AG-909-F14	AG-909-F14_a22_gnd010	90.968260
AG-909-F14	AG-909-F14_a22_gnd011	90.068823
AG-909-F14	AG-909-F14_a22_gnd012	89.163926
AG-909-F14	AG-909-F14_a22_gnd013	88.261952
AG-909-F14	AG-909-F14_a22_gnd014	87.363975
AG-909-F14	AG-909-F14_a22_gnd015	86.446008
AG-909-F14	AG-909-F14_a22_gnd016	85.535653
AG-909-F14	AG-909-F14_a22_gnd017	84.644596
AG-909-F14	AG-909-F14_a22_gnd018	83.726244
AG-909-F14	AG-909-F14_a22_gnd019	82.852949
AG-909-F14	AG-909-F14_a22_gnd020	81.917759
AG-909-F14	AG-909-F14_a5_gnd00000	100.000000
AG-909-F14	AG-909-F14_a5_gnd00000_p11_s3	100.000000
AG-909-F14	AG-909-F14_a5_gnd00000_p15_s1	100.000000
AG-909-F14	AG-909-F14_a5_gnd00000_p16_s5	100.000000
AG-909-F14	AG-909-F14_a5_gnd00000_p17_s4	100.000000
AG-909-F14	AG-909-F14_a5_gnd00000_p8_s2	100.000000
AG-909-F14	AG-909-F14_a5_gnd00005	99.954790
AG-909-F14	AG-909-F14_a5_gnd00005_p0_s1	99.954790
AG-909-F14	AG-909-F14_a5_gnd00005_p13_s2	99.954790
AG-909-F14	AG-909-F14_a5_gnd00005_p13_s3	99.954790
AG-909-F14	AG-909-F14_a5_gnd00005_p18_s5	99.954790
AG-909-F14	AG-909-F14_a5_gnd00005_p4_s4	99.954790
AG-909-F14	AG-909-F14_a5_gnd00010	99.909733
AG-909-F14	AG-909-F14_a5_gnd00010_p13_s1	99.909733
AG-909-F14	AG-909-F14_a5_gnd00010_p17_s3	99.909733
AG-909-F14	AG-909-F14_a5_gnd00010_p18_s2	99.909733
AG-909-F14	AG-909-F14_a5_gnd00010_p5_s4	99.909733
AG-909-F14	AG-909-F14_a5_gnd00010_p7_s5	99.909733
AG-909-F14	AG-909-F14_a5_gnd00020	99.818698
AG-909-F14	AG-909-F14_a5_gnd00020_p18_s1	99.818698
AG-909-F14	AG-909-F14_a5_gnd00020_p18_s2	99.818698
AG-909-F14	AG-909-F14_a5_gnd00020_p5_s4	99.818698
AG-909-F14	AG-909-F14_a5_gnd00020_p6_s5	99.818698
AG-909-F14	AG-909-F14_a5_gnd00020_p9_s3	99.818698
AG-909-F14	AG-909-F14_a5_gnd00030	99.727739
AG-909-F14	AG-909-F14_a5_gnd00030_p13_s1	99.727739
AG-909-F14	AG-909-F14_a5_gnd00030_p15_s3	99.727739
AG-909-F14	AG-909-F14_a5_gnd00030_p19_s2	99.727739
AG-909-F14	AG-909-F14_a5_gnd00030_p8_s5	99.727739
AG-909-F14	AG-909-F14_a5_gnd00030_p9_s4	99.727739
AG-909-F14	AG-909-F14_a5_gnd00040	99.636934
AG-909-F14	AG-909-F14_a5_gnd00040_p11_s2	99.636934
AG-909-F14	AG-909-F14_a5_gnd00040_p11_s4	99.636934
AG-909-F14	AG-909-F14_a5_gnd00040_p5_s1	99.636934
AG-909-F14	AG-909-F14_a5_gnd00040_p6_s5	99.636934
AG-909-F14	AG-909-F14_a5_gnd00040_p8_s3	99.636934
AG-909-F14	AG-909-F14_a5_gnd00050	99.547052
AG-909-F14	AG-909-F14_a5_gnd00050_p15_s1	99.547052
AG-909-F14	AG-909-F14_a5_gnd00050_p17_s4	99.547052
AG-909-F14	AG-909-F14_a5_gnd00050_p18_s3	99.547052
AG-909-F14	AG-909-F14_a5_gnd00050_p7_s5	99.547052
AG-909-F14	AG-909-F14_a5_gnd00050_p9_s2	99.547052
AG-909-F14	AG-909-F14_a5_gnd00060	99.458477
AG-909-F14	AG-909-F14_a5_gnd00060_p12_s2	99.458477
AG-909-F14	AG-909-F14_a5_gnd00060_p14_s1	99.458477
AG-909-F14	AG-909-F14_a5_gnd00060_p14_s5	99.458477
AG-909-F14	AG-909-F14_a5_gnd00060_p18_s4	99.458477
AG-909-F14	AG-909-F14_a5_gnd00060_p6_s3	99.458477
AG-909-F14	AG-909-F14_a5_gnd00070	99.366673
AG-909-F14	AG-909-F14_a5_gnd00070_p0_s4	99.366673
AG-909-F14	AG-909-F14_a5_gnd00070_p13_s3	99.366673
AG-909-F14	AG-909-F14_a5_gnd00070_p16_s1	99.366673
AG-909-F14	AG-909-F14_a5_gnd00070_p19_s5	99.366673
AG-909-F14	AG-909-F14_a5_gnd00070_p9_s2	99.366673
AG-909-F14	AG-909-F14_a5_gnd00080	99.277252
AG-909-F14	AG-909-F14_a5_gnd00080_p10_s4	99.277252
AG-909-F14	AG-909-F14_a5_gnd00080_p11_s3	99.277252
AG-909-F14	AG-909-F14_a5_gnd00080_p11_s5	99.277252
AG-909-F14	AG-909-F14_a5_gnd00080_p18_s1	99.277252
AG-909-F14	AG-909-F14_a5_gnd00080_p20_s2	99.277252
AG-909-F14	AG-909-F14_a5_gnd00090	99.185524
AG-909-F14	AG-909-F14_a5_gnd00090_p0_s4	99.185524
AG-909-F14	AG-909-F14_a5_gnd00090_p10_s2	99.185524
AG-909-F14	AG-909-F14_a5_gnd00090_p11_s3	99.185524
AG-909-F14	AG-909-F14_a5_gnd00090_p19_s1	99.185524
AG-909-F14	AG-909-F14_a5_gnd00090_p4_s5	99.185524
AG-909-F14	AG-909-F14_a5_gnd001	99.094950
AG-909-F14	AG-909-F14_a5_gnd001_p11_s4	99.094950
AG-909-F14	AG-909-F14_a5_gnd001_p15_s2	99.094950
AG-909-F14	AG-909-F14_a5_gnd001_p18_s5	99.094950
AG-909-F14	AG-909-F14_a5_gnd001_p19_s1	99.094950
AG-909-F14	AG-909-F14_a5_gnd001_p19_s3	99.094950
AG-909-F14	AG-909-F14_a5_gnd002	98.192360
AG-909-F14	AG-909-F14_a5_gnd002_p12_s1	98.192360
AG-909-F14	AG-909-F14_a5_gnd002_p13_s3	98.192360
AG-909-F14	AG-909-F14_a5_gnd002_p18_s2	98.192360
AG-909-F14	AG-909-F14_a5_gnd002_p18_s4	98.192360
AG-909-F14	AG-909-F14_a5_gnd002_p2_s5	98.192360
AG-909-F14	AG-909-F14_a5_gnd003	97.290770
AG-909-F14	AG-909-F14_a5_gnd003_p10_s1	97.290770
AG-909-F14	AG-909-F14_a5_gnd003_p10_s4	97.290770
AG-909-F14	AG-909-F14_a5_gnd003_p12_s3	97.290770
AG-909-F14	AG-909-F14_a5_gnd003_p16_s5	97.290770
AG-909-F14	AG-909-F14_a5_gnd003_p18_s2	97.290770
AG-909-F14	AG-909-F14_a5_gnd004	96.390410
AG-909-F14	AG-909-F14_a5_gnd004_p12_s2	96.390410
AG-909-F14	AG-909-F14_a5_gnd004_p18_s4	96.390410
AG-909-F14	AG-909-F14_a5_gnd004_p5_s5	96.390410
AG-909-F14	AG-909-F14_a5_gnd004_p8_s3	96.390410
AG-909-F14	AG-909-F14_a5_gnd004_p9_s1	96.390410
AG-909-F14	AG-909-F14_a5_gnd005	95.479209
AG-909-F14	AG-909-F14_a5_gnd005_p11_s3	95.479209
AG-909-F14	AG-909-F14_a5_gnd005_p13_s2	95.479209
AG-909-F14	AG-909-F14_a5_gnd005_p14_s4	95.479209
AG-909-F14	AG-909-F14_a5_gnd005_p15_s1	95.479209
AG-909-F14	AG-909-F14_a5_gnd005_p1_s5	95.479209
AG-909-F14	AG-909-F14_a5_gnd006	94.580464
AG-909-F14	AG-909-F14_a5_gnd006_p19_s1	94.580464
AG-909-F14	AG-909-F14_a5_gnd006_p19_s2	94.580464
AG-909-F14	AG-909-F14_a5_gnd006_p19_s3	94.580464
AG-909-F14	AG-909-F14_a5_gnd006_p19_s4	94.580464
AG-909-F14	AG-909-F14_a5_gnd006_p4_s5	94.580464
AG-909-F14	AG-909-F14_a5_gnd007	93.678874
AG-909-F14	AG-909-F14_a5_gnd007_p10_s1	93.678874
AG-909-F14	AG-909-F14_a5_gnd007_p10_s4	93.678874
AG-909-F14	AG-909-F14_a5_gnd007_p15_s2	93.678874
AG-909-F14	AG-909-F14_a5_gnd007_p15_s3	93.678874
AG-909-F14	AG-909-F14_a5_gnd007_p19_s5	93.678874
AG-909-F14	AG-909-F14_a5_gnd008	92.769825
AG-909-F14	AG-909-F14_a5_gnd008_p0_s3	92.769825
AG-909-F14	AG-909-F14_a5_gnd008_p13_s4	92.769825
AG-909-F14	AG-909-F14_a5_gnd008_p15_s1	92.769825
AG-909-F14	AG-909-F14_a5_gnd008_p15_s5	92.769825
AG-909-F14	AG-909-F14_a5_gnd008_p7_s2	92.769825
AG-909-F14	AG-909-F14_a5_gnd009	91.865544
AG-909-F14	AG-909-F14_a5_gnd009_p12_s2	91.865544
AG-909-F14	AG-909-F14_a5_gnd009_p13_s4	91.865544
AG-909-F14	AG-909-F14_a5_gnd009_p13_s5	91.865544
AG-909-F14	AG-909-F14_a5_gnd009_p14_s3	91.865544
AG-909-F14	AG-909-F14_a5_gnd009_p3_s1	91.865544
AG-909-F14	AG-909-F14_a5_gnd010	90.966491
AG-909-F14	AG-909-F14_a5_gnd010_p15_s1	90.966491
AG-909-F14	AG-909-F14_a5_gnd010_p15_s2	90.966491
AG-909-F14	AG-909-F14_a5_gnd010_p4_s5	90.966491
AG-909-F14	AG-909-F14_a5_gnd010_p6_s4	90.966491
AG-909-F14	AG-909-F14_a5_gnd010_p7_s3	90.966491
AG-909-F14	AG-909-F14_a5_gnd011	90.047294
AG-909-F14	AG-909-F14_a5_gnd011_p13_s5	90.047294
AG-909-F14	AG-909-F14_a5_gnd011_p14_s1	90.047294
AG-909-F14	AG-909-F14_a5_gnd011_p15_s3	90.047294
AG-909-F14	AG-909-F14_a5_gnd011_p18_s4	90.047294
AG-909-F14	AG-909-F14_a5_gnd011_p20_s2	90.047294
AG-909-F14	AG-909-F14_a5_gnd012	89.154008
AG-909-F14	AG-909-F14_a5_gnd012_p13_s1	89.154008
AG-909-F14	AG-909-F14_a5_gnd012_p13_s4	89.154008
AG-909-F14	AG-909-F14_a5_gnd012_p17_s5	89.154008
AG-909-F14	AG-909-F14_a5_gnd012_p6_s3	89.154008
AG-909-F14	AG-909-F14_a5_gnd012_p9_s2	89.154008
AG-909-F14	AG-909-F14_a5_gnd013	88.252494
AG-909-F14	AG-909-F14_a5_gnd013_p12_s1	88.252494
AG-909-F14	AG-909-F14_a5_gnd013_p17_s5	88.252494
AG-909-F14	AG-909-F14_a5_gnd013_p2_s3	88.252494
AG-909-F14	AG-909-F14_a5_gnd013_p5_s4	88.252494
AG-909-F14	AG-909-F14_a5_gnd013_p7_s2	88.252494
AG-909-F14	AG-909-F14_a5_gnd014	87.362514
AG-909-F14	AG-909-F14_a5_gnd014_p11_s3	87.362514
AG-909-F14	AG-909-F14_a5_gnd014_p16_s4	87.362514
AG-909-F14	AG-909-F14_a5_gnd014_p18_s1	87.362514
AG-909-F14	AG-909-F14_a5_gnd014_p19_s2	87.362514
AG-909-F14	AG-909-F14_a5_gnd014_p8_s5	87.362514
AG-909-F14	AG-909-F14_a5_gnd015	86.445162
AG-909-F14	AG-909-F14_a5_gnd015_p10_s5	86.445162
AG-909-F14	AG-909-F14_a5_gnd015_p16_s3	86.445162
AG-909-F14	AG-909-F14_a5_gnd015_p20_s1	86.445162
AG-909-F14	AG-909-F14_a5_gnd015_p7_s4	86.445162
AG-909-F14	AG-909-F14_a5_gnd015_p9_s2	86.445162
AG-909-F14	AG-909-F14_a5_gnd016	85.539958
AG-909-F14	AG-909-F14_a5_gnd016_p0_s2	85.539958
AG-909-F14	AG-909-F14_a5_gnd016_p18_s3	85.539958
AG-909-F14	AG-909-F14_a5_gnd016_p20_s4	85.539958
AG-909-F14	AG-909-F14_a5_gnd016_p6_s5	85.539958
AG-909-F14	AG-909-F14_a5_gnd016_p8_s1	85.539958
AG-909-F14	AG-909-F14_a5_gnd017	84.621607
AG-909-F14	AG-909-F14_a5_gnd017_p10_s4	84.621607
AG-909-F14	AG-909-F14_a5_gnd017_p18_s2	84.621607
AG-909-F14	AG-909-F14_a5_gnd017_p7_s3	84.621607
AG-909-F14	AG-909-F14_a5_gnd017_p8_s5	84.621607
AG-909-F14	AG-909-F14_a5_gnd017_p9_s1	84.621607
AG-909-F14	AG-909-F14_a5_gnd018	83.721708
AG-909-F14	AG-909-F14_a5_gnd018_p14_s4	83.721708
AG-909-F14	AG-909-F14_a5_gnd018_p16_s2	83.721708
AG-909-F14	AG-909-F14_a5_gnd018_p17_s1	83.721708
AG-909-F14	AG-909-F14_a5_gnd018_p20_s3	83.721708
AG-909-F14	AG-909-F14_a5_gnd018_p5_s5	83.721708
AG-909-F14	AG-909-F14_a5_gnd019	82.829268
AG-909-F14	AG-909-F14_a5_gnd019_p10_s3	82.829268
AG-909-F14	AG-909-F14_a5_gnd019_p10_s4	82.829268
AG-909-F14	AG-909-F14_a5_gnd019_p14_s2	82.829268
AG-909-F14	AG-909-F14_a5_gnd019_p17_s1	82.829268
AG-909-F14	AG-909-F14_a5_gnd019_p4_s5	82.829268
AG-909-F14	AG-909-F14_a5_gnd020	81.928600
AG-909-F14	AG-909-F14_a5_gnd020_p0_s2	81.928600
AG-909-F14	AG-909-F14_a5_gnd020_p14_s1	81.928600
AG-909-F14	AG-909-F14_a5_gnd020_p18_s4	81.928600
AG-909-F14	AG-909-F14_a5_gnd020_p8_s3	81.928600
AG-909-F14	AG-909-F14_a5_gnd020_p8_s5	81.928600
AG-912-G22	AG-912-G22_a22_gnd00000	100.000000
AG-912-G22	AG-912-G22_a22_gnd00005	99.954253
AG-912-G22	AG-912-G22_a22_gnd00010	99.908927
AG-912-G22	AG-912-G22_a22_gnd00020	99.819707
AG-912-G22	AG-912-G22_a22_gnd00030	99.727454
AG-912-G22	AG-912-G22_a22_gnd00040	99.636213
AG-912-G22	AG-912-G22_a22_gnd00050	99.549605
AG-912-G22	AG-912-G22_a22_gnd00060	99.457183
AG-912-G22	AG-912-G22_a22_gnd00070	99.363583
AG-912-G22	AG-912-G22_a22_gnd00080	99.276553
AG-912-G22	AG-912-G22_a22_gnd00090	99.183627
AG-912-G22	AG-912-G22_a22_gnd001	99.093227
AG-912-G22	AG-912-G22_a22_gnd002	98.185865
AG-912-G22	AG-912-G22_a22_gnd003	97.277913
AG-912-G22	AG-912-G22_a22_gnd004	96.374848
AG-912-G22	AG-912-G22_a22_gnd005	95.464200
AG-912-G22	AG-912-G22_a22_gnd006	94.559365
AG-912-G22	AG-912-G22_a22_gnd007	93.651497
AG-912-G22	AG-912-G22_a22_gnd008	92.732003
AG-912-G22	AG-912-G22_a22_gnd009	91.819080
AG-912-G22	AG-912-G22_a22_gnd010	90.925535
AG-912-G22	AG-912-G22_a22_gnd011	90.004861
AG-912-G22	AG-912-G22_a22_gnd012	89.101290
AG-912-G22	AG-912-G22_a22_gnd013	88.187778
AG-912-G22	AG-912-G22_a22_gnd014	87.276708
AG-912-G22	AG-912-G22_a22_gnd015	86.367745
AG-912-G22	AG-912-G22_a22_gnd016	85.456508
AG-912-G22	AG-912-G22_a22_gnd017	84.566164
AG-912-G22	AG-912-G22_a22_gnd018	83.655768
AG-912-G22	AG-912-G22_a22_gnd019	82.728692
AG-912-G22	AG-912-G22_a22_gnd020	81.832956
AG-912-G22	AG-912-G22_a5_gnd00000	100.000000
AG-912-G22	AG-912-G22_a5_gnd00000_p10_s2	100.000000
AG-912-G22	AG-912-G22_a5_gnd00000_p13_s1	100.000000
AG-912-G22	AG-912-G22_a5_gnd00000_p14_s4	100.000000
AG-912-G22	AG-912-G22_a5_gnd00000_p17_s5	100.000000
AG-912-G22	AG-912-G22_a5_gnd00000_p5_s3	100.000000
AG-912-G22	AG-912-G22_a5_gnd00005	99.955264
AG-912-G22	AG-912-G22_a5_gnd00005_p13_s5	99.955264
AG-912-G22	AG-912-G22_a5_gnd00005_p17_s1	99.955264
AG-912-G22	AG-912-G22_a5_gnd00005_p1_s4	99.955264
AG-912-G22	AG-912-G22_a5_gnd00005_p20_s2	99.955264
AG-912-G22	AG-912-G22_a5_gnd00005_p6_s3	99.955264
AG-912-G22	AG-912-G22_a5_gnd00010	99.908927
AG-912-G22	AG-912-G22_a5_gnd00010_p10_s5	99.908927
AG-912-G22	AG-912-G22_a5_gnd00010_p18_s2	99.908927
AG-912-G22	AG-912-G22_a5_gnd00010_p19_s1	99.908927
AG-912-G22	AG-912-G22_a5_gnd00010_p19_s4	99.908927
AG-912-G22	AG-912-G22_a5_gnd00010_p9_s3	99.908927
AG-912-G22	AG-912-G22_a5_gnd00020	99.819370
AG-912-G22	AG-912-G22_a5_gnd00020_p0_s1	99.819370
AG-912-G22	AG-912-G22_a5_gnd00020_p13_s4	99.819370
AG-912-G22	AG-912-G22_a5_gnd00020_p17_s5	99.819370
AG-912-G22	AG-912-G22_a5_gnd00020_p20_s2	99.819370
AG-912-G22	AG-912-G22_a5_gnd00020_p2_s3	99.819370
AG-912-G22	AG-912-G22_a5_gnd00030	99.728550
AG-912-G22	AG-912-G22_a5_gnd00030_p0_s3	99.728550
AG-912-G22	AG-912-G22_a5_gnd00030_p15_s1	99.728550
AG-912-G22	AG-912-G22_a5_gnd00030_p15_s5	99.728550
AG-912-G22	AG-912-G22_a5_gnd00030_p18_s4	99.728550
AG-912-G22	AG-912-G22_a5_gnd00030_p6_s2	99.728550
AG-912-G22	AG-912-G22_a5_gnd00040	99.636971
AG-912-G22	AG-912-G22_a5_gnd00040_p12_s5	99.636971
AG-912-G22	AG-912-G22_a5_gnd00040_p13_s4	99.636971
AG-912-G22	AG-912-G22_a5_gnd00040_p14_s1	99.636971
AG-912-G22	AG-912-G22_a5_gnd00040_p5_s2	99.636971
AG-912-G22	AG-912-G22_a5_gnd00040_p7_s3	99.636971
AG-912-G22	AG-912-G22_a5_gnd00050	99.548004
AG-912-G22	AG-912-G22_a5_gnd00050_p0_s2	99.548004
AG-912-G22	AG-912-G22_a5_gnd00050_p12_s3	99.548004
AG-912-G22	AG-912-G22_a5_gnd00050_p19_s5	99.548004
AG-912-G22	AG-912-G22_a5_gnd00050_p20_s4	99.548004
AG-912-G22	AG-912-G22_a5_gnd00050_p9_s1	99.548004
AG-912-G22	AG-912-G22_a5_gnd00060	99.455920
AG-912-G22	AG-912-G22_a5_gnd00060_p13_s5	99.455920
AG-912-G22	AG-912-G22_a5_gnd00060_p18_s4	99.455920
AG-912-G22	AG-912-G22_a5_gnd00060_p9_s1	99.455920
AG-912-G22	AG-912-G22_a5_gnd00060_p9_s2	99.455920
AG-912-G22	AG-912-G22_a5_gnd00060_p9_s3	99.455920
AG-912-G22	AG-912-G22_a5_gnd00070	99.365605
AG-912-G22	AG-912-G22_a5_gnd00070_p12_s4	99.365605
AG-912-G22	AG-912-G22_a5_gnd00070_p13_s2	99.365605
AG-912-G22	AG-912-G22_a5_gnd00070_p14_s1	99.365605
AG-912-G22	AG-912-G22_a5_gnd00070_p15_s3	99.365605
AG-912-G22	AG-912-G22_a5_gnd00070_p5_s5	99.365605
AG-912-G22	AG-912-G22_a5_gnd00080	99.271246
AG-912-G22	AG-912-G22_a5_gnd00080_p15_s4	99.271246
AG-912-G22	AG-912-G22_a5_gnd00080_p4_s5	99.271246
AG-912-G22	AG-912-G22_a5_gnd00080_p5_s2	99.271246
AG-912-G22	AG-912-G22_a5_gnd00080_p7_s1	99.271246
AG-912-G22	AG-912-G22_a5_gnd00080_p7_s3	99.271246
AG-912-G22	AG-912-G22_a5_gnd00090	99.182447
AG-912-G22	AG-912-G22_a5_gnd00090_p14_s4	99.182447
AG-912-G22	AG-912-G22_a5_gnd00090_p17_s3	99.182447
AG-912-G22	AG-912-G22_a5_gnd00090_p18_s2	99.182447
AG-912-G22	AG-912-G22_a5_gnd00090_p20_s5	99.182447
AG-912-G22	AG-912-G22_a5_gnd00090_p8_s1	99.182447
AG-912-G22	AG-912-G22_a5_gnd001	99.090532
AG-912-G22	AG-912-G22_a5_gnd001_p10_s5	99.090532
AG-912-G22	AG-912-G22_a5_gnd001_p14_s3	99.090532
AG-912-G22	AG-912-G22_a5_gnd001_p15_s1	99.090532
AG-912-G22	AG-912-G22_a5_gnd001_p20_s2	99.090532
AG-912-G22	AG-912-G22_a5_gnd001_p20_s4	99.090532
AG-912-G22	AG-912-G22_a5_gnd002	98.180558
AG-912-G22	AG-912-G22_a5_gnd002_p11_s1	98.180558
AG-912-G22	AG-912-G22_a5_gnd002_p11_s3	98.180558
AG-912-G22	AG-912-G22_a5_gnd002_p18_s2	98.180558
AG-912-G22	AG-912-G22_a5_gnd002_p6_s4	98.180558
AG-912-G22	AG-912-G22_a5_gnd002_p9_s5	98.180558
AG-912-G22	AG-912-G22_a5_gnd003	97.281452
AG-912-G22	AG-912-G22_a5_gnd003_p16_s5	97.281452
AG-912-G22	AG-912-G22_a5_gnd003_p20_s4	97.281452
AG-912-G22	AG-912-G22_a5_gnd003_p7_s1	97.281452
AG-912-G22	AG-912-G22_a5_gnd003_p9_s2	97.281452
AG-912-G22	AG-912-G22_a5_gnd003_p9_s3	97.281452
AG-912-G22	AG-912-G22_a5_gnd004	96.369708
AG-912-G22	AG-912-G22_a5_gnd004_p10_s2	96.369708
AG-912-G22	AG-912-G22_a5_gnd004_p13_s5	96.369708
AG-912-G22	AG-912-G22_a5_gnd004_p14_s3	96.369708
AG-912-G22	AG-912-G22_a5_gnd004_p15_s4	96.369708
AG-912-G22	AG-912-G22_a5_gnd004_p6_s1	96.369708
AG-912-G22	AG-912-G22_a5_gnd005	95.463947
AG-912-G22	AG-912-G22_a5_gnd005_p15_s1	95.463947
AG-912-G22	AG-912-G22_a5_gnd005_p15_s2	95.463947
AG-912-G22	AG-912-G22_a5_gnd005_p15_s5	95.463947
AG-912-G22	AG-912-G22_a5_gnd005_p20_s4	95.463947
AG-912-G22	AG-912-G22_a5_gnd005_p2_s3	95.463947
AG-912-G22	AG-912-G22_a5_gnd006	94.562145
AG-912-G22	AG-912-G22_a5_gnd006_p15_s2	94.562145
AG-912-G22	AG-912-G22_a5_gnd006_p15_s4	94.562145
AG-912-G22	AG-912-G22_a5_gnd006_p18_s1	94.562145
AG-912-G22	AG-912-G22_a5_gnd006_p18_s3	94.562145
AG-912-G22	AG-912-G22_a5_gnd006_p19_s5	94.562145
AG-912-G22	AG-912-G22_a5_gnd007	93.642904
AG-912-G22	AG-912-G22_a5_gnd007_p16_s4	93.642904
AG-912-G22	AG-912-G22_a5_gnd007_p18_s1	93.642904
AG-912-G22	AG-912-G22_a5_gnd007_p18_s5	93.642904
AG-912-G22	AG-912-G22_a5_gnd007_p20_s2	93.642904
AG-912-G22	AG-912-G22_a5_gnd007_p5_s3	93.642904
AG-912-G22	AG-912-G22_a5_gnd008	92.737732
AG-912-G22	AG-912-G22_a5_gnd008_p13_s3	92.737732
AG-912-G22	AG-912-G22_a5_gnd008_p13_s5	92.737732
AG-912-G22	AG-912-G22_a5_gnd008_p18_s1	92.737732
AG-912-G22	AG-912-G22_a5_gnd008_p20_s2	92.737732
AG-912-G22	AG-912-G22_a5_gnd008_p20_s4	92.737732
AG-912-G22	AG-912-G22_a5_gnd009	91.818153
AG-912-G22	AG-912-G22_a5_gnd009_p10_s5	91.818153
AG-912-G22	AG-912-G22_a5_gnd009_p14_s3	91.818153
AG-912-G22	AG-912-G22_a5_gnd009_p16_s4	91.818153
AG-912-G22	AG-912-G22_a5_gnd009_p1_s2	91.818153
AG-912-G22	AG-912-G22_a5_gnd009_p9_s1	91.818153
AG-912-G22	AG-912-G22_a5_gnd010	90.915762
AG-912-G22	AG-912-G22_a5_gnd010_p0_s4	90.915762
AG-912-G22	AG-912-G22_a5_gnd010_p10_s3	90.915762
AG-912-G22	AG-912-G22_a5_gnd010_p12_s5	90.915762
AG-912-G22	AG-912-G22_a5_gnd010_p16_s1	90.915762
AG-912-G22	AG-912-G22_a5_gnd010_p7_s2	90.915762
AG-912-G22	AG-912-G22_a5_gnd011	90.009242
AG-912-G22	AG-912-G22_a5_gnd011_p14_s4	90.009242
AG-912-G22	AG-912-G22_a5_gnd011_p14_s5	90.009242
AG-912-G22	AG-912-G22_a5_gnd011_p16_s2	90.009242
AG-912-G22	AG-912-G22_a5_gnd011_p16_s3	90.009242
AG-912-G22	AG-912-G22_a5_gnd011_p4_s1	90.009242
AG-912-G22	AG-912-G22_a5_gnd012	89.098510
AG-912-G22	AG-912-G22_a5_gnd012_p11_s2	89.098510
AG-912-G22	AG-912-G22_a5_gnd012_p14_s3	89.098510
AG-912-G22	AG-912-G22_a5_gnd012_p18_s5	89.098510
AG-912-G22	AG-912-G22_a5_gnd012_p20_s4	89.098510
AG-912-G22	AG-912-G22_a5_gnd012_p7_s1	89.098510
AG-912-G22	AG-912-G22_a5_gnd013	88.186935
AG-912-G22	AG-912-G22_a5_gnd013_p10_s1	88.186935
AG-912-G22	AG-912-G22_a5_gnd013_p15_s2	88.186935
AG-912-G22	AG-912-G22_a5_gnd013_p16_s3	88.186935
AG-912-G22	AG-912-G22_a5_gnd013_p19_s4	88.186935
AG-912-G22	AG-912-G22_a5_gnd013_p20_s5	88.186935
AG-912-G22	AG-912-G22_a5_gnd014	87.297686
AG-912-G22	AG-912-G22_a5_gnd014_p0_s5	87.297686
AG-912-G22	AG-912-G22_a5_gnd014_p10_s4	87.297686
AG-912-G22	AG-912-G22_a5_gnd014_p19_s3	87.297686
AG-912-G22	AG-912-G22_a5_gnd014_p5_s1	87.297686
AG-912-G22	AG-912-G22_a5_gnd014_p7_s2	87.297686
AG-912-G22	AG-912-G22_a5_gnd015	86.374401
AG-912-G22	AG-912-G22_a5_gnd015_p12_s4	86.374401
AG-912-G22	AG-912-G22_a5_gnd015_p14_s3	86.374401
AG-912-G22	AG-912-G22_a5_gnd015_p18_s5	86.374401
AG-912-G22	AG-912-G22_a5_gnd015_p4_s1	86.374401
AG-912-G22	AG-912-G22_a5_gnd015_p8_s2	86.374401
AG-912-G22	AG-912-G22_a5_gnd016	85.468892
AG-912-G22	AG-912-G22_a5_gnd016_p11_s2	85.468892
AG-912-G22	AG-912-G22_a5_gnd016_p13_s3	85.468892
AG-912-G22	AG-912-G22_a5_gnd016_p19_s4	85.468892
AG-912-G22	AG-912-G22_a5_gnd016_p5_s1	85.468892
AG-912-G22	AG-912-G22_a5_gnd016_p7_s5	85.468892
AG-912-G22	AG-912-G22_a5_gnd017	84.568691
AG-912-G22	AG-912-G22_a5_gnd017_p11_s3	84.568691
AG-912-G22	AG-912-G22_a5_gnd017_p15_s2	84.568691
AG-912-G22	AG-912-G22_a5_gnd017_p15_s5	84.568691
AG-912-G22	AG-912-G22_a5_gnd017_p17_s1	84.568691
AG-912-G22	AG-912-G22_a5_gnd017_p9_s4	84.568691
AG-912-G22	AG-912-G22_a5_gnd018	83.628051
AG-912-G22	AG-912-G22_a5_gnd018_p0_s4	83.628051
AG-912-G22	AG-912-G22_a5_gnd018_p1_s2	83.628051
AG-912-G22	AG-912-G22_a5_gnd018_p20_s5	83.628051
AG-912-G22	AG-912-G22_a5_gnd018_p4_s3	83.628051
AG-912-G22	AG-912-G22_a5_gnd018_p7_s1	83.628051
AG-912-G22	AG-912-G22_a5_gnd019	82.737707
AG-912-G22	AG-912-G22_a5_gnd019_p10_s2	82.737707
AG-912-G22	AG-912-G22_a5_gnd019_p18_s4	82.737707
AG-912-G22	AG-912-G22_a5_gnd019_p20_s3	82.737707
AG-912-G22	AG-912-G22_a5_gnd019_p7_s5	82.737707
AG-912-G22	AG-912-G22_a5_gnd019_p8_s1	82.737707
AG-912-G22	AG-912-G22_a5_gnd020	81.813158
AG-912-G22	AG-912-G22_a5_gnd020_p12_s1	81.813158
AG-912-G22	AG-912-G22_a5_gnd020_p14_s2	81.813158
AG-912-G22	AG-912-G22_a5_gnd020_p15_s3	81.813158
AG-912-G22	AG-912-G22_a5_gnd020_p15_s5	81.813158
AG-912-G22	AG-912-G22_a5_gnd020_p9_s4	81.813158
AG-917-F18	AG-917-F18_a22_gnd00000	100.000000
AG-917-F18	AG-917-F18_a22_gnd00005	99.954694
AG-917-F18	AG-917-F18_a22_gnd00010	99.909110
AG-917-F18	AG-917-F18_a22_gnd00020	99.818591
AG-917-F18	AG-917-F18_a22_gnd00030	99.727423
AG-917-F18	AG-917-F18_a22_gnd00040	99.638479
AG-917-F18	AG-917-F18_a22_gnd00050	99.548053
AG-917-F18	AG-917-F18_a22_gnd00060	99.456977
AG-917-F18	AG-917-F18_a22_gnd00070	99.368867
AG-917-F18	AG-917-F18_a22_gnd00080	99.276124
AG-917-F18	AG-917-F18_a22_gnd00090	99.187273
AG-917-F18	AG-917-F18_a22_gnd001	99.100182
AG-917-F18	AG-917-F18_a22_gnd002	98.182667
AG-917-F18	AG-917-F18_a22_gnd003	97.281644
AG-917-F18	AG-917-F18_a22_gnd004	96.386551
AG-917-F18	AG-917-F18_a22_gnd005	95.461254
AG-917-F18	AG-917-F18_a22_gnd006	94.564679
AG-917-F18	AG-917-F18_a22_gnd007	93.663471
AG-917-F18	AG-917-F18_a22_gnd008	92.739934
AG-917-F18	AG-917-F18_a22_gnd009	91.838818
AG-917-F18	AG-917-F18_a22_gnd010	90.930847
AG-917-F18	AG-917-F18_a22_gnd011	90.045760
AG-917-F18	AG-917-F18_a22_gnd012	89.119351
AG-917-F18	AG-917-F18_a22_gnd013	88.221386
AG-917-F18	AG-917-F18_a22_gnd014	87.312858
AG-917-F18	AG-917-F18_a22_gnd015	86.400717
AG-917-F18	AG-917-F18_a22_gnd016	85.498861
AG-917-F18	AG-917-F18_a22_gnd017	84.576065
AG-917-F18	AG-917-F18_a22_gnd018	83.699317
AG-917-F18	AG-917-F18_a22_gnd019	82.781061
AG-917-F18	AG-917-F18_a22_gnd020	81.871051
AG-917-F18	AG-917-F18_a5_gnd00000	100.000000
AG-917-F18	AG-917-F18_a5_gnd00000_p10_s5	100.000000
AG-917-F18	AG-917-F18_a5_gnd00000_p19_s2	100.000000
AG-917-F18	AG-917-F18_a5_gnd00000_p19_s3	100.000000
AG-917-F18	AG-917-F18_a5_gnd00000_p20_s1	100.000000
AG-917-F18	AG-917-F18_a5_gnd00000_p8_s4	100.000000
AG-917-F18	AG-917-F18_a5_gnd00005	99.954972
AG-917-F18	AG-917-F18_a5_gnd00005_p11_s1	99.954972
AG-917-F18	AG-917-F18_a5_gnd00005_p11_s3	99.954972
AG-917-F18	AG-917-F18_a5_gnd00005_p13_s4	99.954972
AG-917-F18	AG-917-F18_a5_gnd00005_p14_s5	99.954972
AG-917-F18	AG-917-F18_a5_gnd00005_p7_s2	99.954972
AG-917-F18	AG-917-F18_a5_gnd00010	99.909944
AG-917-F18	AG-917-F18_a5_gnd00010_p11_s2	99.909944
AG-917-F18	AG-917-F18_a5_gnd00010_p13_s4	99.909944
AG-917-F18	AG-917-F18_a5_gnd00010_p17_s5	99.909944
AG-917-F18	AG-917-F18_a5_gnd00010_p20_s1	99.909944
AG-917-F18	AG-917-F18_a5_gnd00010_p20_s3	99.909944
AG-917-F18	AG-917-F18_a5_gnd00020	99.819517
AG-917-F18	AG-917-F18_a5_gnd00020_p10_s1	99.819517
AG-917-F18	AG-917-F18_a5_gnd00020_p20_s5	99.819517
AG-917-F18	AG-917-F18_a5_gnd00020_p3_s3	99.819517
AG-917-F18	AG-917-F18_a5_gnd00020_p5_s4	99.819517
AG-917-F18	AG-917-F18_a5_gnd00020_p8_s2	99.819517
AG-917-F18	AG-917-F18_a5_gnd00030	99.731129
AG-917-F18	AG-917-F18_a5_gnd00030_p11_s5	99.731129
AG-917-F18	AG-917-F18_a5_gnd00030_p14_s3	99.731129
AG-917-F18	AG-917-F18_a5_gnd00030_p17_s1	99.731129
AG-917-F18	AG-917-F18_a5_gnd00030_p17_s2	99.731129
AG-917-F18	AG-917-F18_a5_gnd00030_p7_s4	99.731129
AG-917-F18	AG-917-F18_a5_gnd00040	99.637645
AG-917-F18	AG-917-F18_a5_gnd00040_p15_s3	99.637645
AG-917-F18	AG-917-F18_a5_gnd00040_p16_s2	99.637645
AG-917-F18	AG-917-F18_a5_gnd00040_p3_s4	99.637645
AG-917-F18	AG-917-F18_a5_gnd00040_p4_s1	99.637645
AG-917-F18	AG-917-F18_a5_gnd00040_p9_s5	99.637645
AG-917-F18	AG-917-F18_a5_gnd00050	99.547497
AG-917-F18	AG-917-F18_a5_gnd00050_p11_s4	99.547497
AG-917-F18	AG-917-F18_a5_gnd00050_p14_s1	99.547497
AG-917-F18	AG-917-F18_a5_gnd00050_p14_s5	99.547497
AG-917-F18	AG-917-F18_a5_gnd00050_p16_s2	99.547497
AG-917-F18	AG-917-F18_a5_gnd00050_p17_s3	99.547497
AG-917-F18	AG-917-F18_a5_gnd00060	99.456514
AG-917-F18	AG-917-F18_a5_gnd00060_p12_s3	99.456514
AG-917-F18	AG-917-F18_a5_gnd00060_p14_s5	99.456514
AG-917-F18	AG-917-F18_a5_gnd00060_p17_s2	99.456514
AG-917-F18	AG-917-F18_a5_gnd00060_p18_s1	99.456514
AG-917-F18	AG-917-F18_a5_gnd00060_p19_s4	99.456514
AG-917-F18	AG-917-F18_a5_gnd00070	99.364976
AG-917-F18	AG-917-F18_a5_gnd00070_p11_s2	99.364976
AG-917-F18	AG-917-F18_a5_gnd00070_p13_s3	99.364976
AG-917-F18	AG-917-F18_a5_gnd00070_p14_s1	99.364976
AG-917-F18	AG-917-F18_a5_gnd00070_p14_s5	99.364976
AG-917-F18	AG-917-F18_a5_gnd00070_p6_s4	99.364976
AG-917-F18	AG-917-F18_a5_gnd00080	99.276958
AG-917-F18	AG-917-F18_a5_gnd00080_p10_s4	99.276958
AG-917-F18	AG-917-F18_a5_gnd00080_p11_s2	99.276958
AG-917-F18	AG-917-F18_a5_gnd00080_p13_s3	99.276958
AG-917-F18	AG-917-F18_a5_gnd00080_p15_s1	99.276958
AG-917-F18	AG-917-F18_a5_gnd00080_p15_s5	99.276958
AG-917-F18	AG-917-F18_a5_gnd00090	99.184215
AG-917-F18	AG-917-F18_a5_gnd00090_p0_s3	99.184215
AG-917-F18	AG-917-F18_a5_gnd00090_p0_s5	99.184215
AG-917-F18	AG-917-F18_a5_gnd00090_p12_s4	99.184215
AG-917-F18	AG-917-F18_a5_gnd00090_p2_s2	99.184215
AG-917-F18	AG-917-F18_a5_gnd00090_p7_s1	99.184215
AG-917-F18	AG-917-F18_a5_gnd001	99.093511
AG-917-F18	AG-917-F18_a5_gnd001_p14_s5	99.093511
AG-917-F18	AG-917-F18_a5_gnd001_p16_s3	99.093511
AG-917-F18	AG-917-F18_a5_gnd001_p18_s4	99.093511
AG-917-F18	AG-917-F18_a5_gnd001_p19_s2	99.093511
AG-917-F18	AG-917-F18_a5_gnd001_p7_s1	99.093511
AG-917-F18	AG-917-F18_a5_gnd002	98.189894
AG-917-F18	AG-917-F18_a5_gnd002_p13_s1	98.189894
AG-917-F18	AG-917-F18_a5_gnd002_p13_s4	98.189894
AG-917-F18	AG-917-F18_a5_gnd002_p14_s2	98.189894
AG-917-F18	AG-917-F18_a5_gnd002_p14_s3	98.189894
AG-917-F18	AG-917-F18_a5_gnd002_p16_s5	98.189894
AG-917-F18	AG-917-F18_a5_gnd003	97.288871
AG-917-F18	AG-917-F18_a5_gnd003_p11_s4	97.288871
AG-917-F18	AG-917-F18_a5_gnd003_p20_s1	97.288871
AG-917-F18	AG-917-F18_a5_gnd003_p20_s5	97.288871
AG-917-F18	AG-917-F18_a5_gnd003_p4_s2	97.288871
AG-917-F18	AG-917-F18_a5_gnd003_p5_s3	97.288871
AG-917-F18	AG-917-F18_a5_gnd004	96.383679
AG-917-F18	AG-917-F18_a5_gnd004_p10_s2	96.383679
AG-917-F18	AG-917-F18_a5_gnd004_p14_s5	96.383679
AG-917-F18	AG-917-F18_a5_gnd004_p19_s3	96.383679
AG-917-F18	AG-917-F18_a5_gnd004_p6_s1	96.383679
AG-917-F18	AG-917-F18_a5_gnd004_p6_s4	96.383679
AG-917-F18	AG-917-F18_a5_gnd005	95.479043
AG-917-F18	AG-917-F18_a5_gnd005_p14_s1	95.479043
AG-917-F18	AG-917-F18_a5_gnd005_p16_s3	95.479043
AG-917-F18	AG-917-F18_a5_gnd005_p19_s2	95.479043
AG-917-F18	AG-917-F18_a5_gnd005_p19_s5	95.479043
AG-917-F18	AG-917-F18_a5_gnd005_p7_s4	95.479043
AG-917-F18	AG-917-F18_a5_gnd006	94.566717
AG-917-F18	AG-917-F18_a5_gnd006_p0_s3	94.566717
AG-917-F18	AG-917-F18_a5_gnd006_p12_s5	94.566717
AG-917-F18	AG-917-F18_a5_gnd006_p16_s4	94.566717
AG-917-F18	AG-917-F18_a5_gnd006_p18_s2	94.566717
AG-917-F18	AG-917-F18_a5_gnd006_p20_s1	94.566717
AG-917-F18	AG-917-F18_a5_gnd007	93.660969
AG-917-F18	AG-917-F18_a5_gnd007_p12_s2	93.660969
AG-917-F18	AG-917-F18_a5_gnd007_p12_s3	93.660969
AG-917-F18	AG-917-F18_a5_gnd007_p13_s4	93.660969
AG-917-F18	AG-917-F18_a5_gnd007_p15_s5	93.660969
AG-917-F18	AG-917-F18_a5_gnd007_p7_s1	93.660969
AG-917-F18	AG-917-F18_a5_gnd008	92.753553
AG-917-F18	AG-917-F18_a5_gnd008_p0_s4	92.753553
AG-917-F18	AG-917-F18_a5_gnd008_p10_s5	92.753553
AG-917-F18	AG-917-F18_a5_gnd008_p13_s1	92.753553
AG-917-F18	AG-917-F18_a5_gnd008_p1_s2	92.753553
AG-917-F18	AG-917-F18_a5_gnd008_p1_s3	92.753553
AG-917-F18	AG-917-F18_a5_gnd009	91.855495
AG-917-F18	AG-917-F18_a5_gnd009_p10_s5	91.855495
AG-917-F18	AG-917-F18_a5_gnd009_p13_s4	91.855495
AG-917-F18	AG-917-F18_a5_gnd009_p17_s2	91.855495
AG-917-F18	AG-917-F18_a5_gnd009_p19_s1	91.855495
AG-917-F18	AG-917-F18_a5_gnd009_p9_s3	91.855495
AG-917-F18	AG-917-F18_a5_gnd010	90.942799
AG-917-F18	AG-917-F18_a5_gnd010_p13_s4	90.942799
AG-917-F18	AG-917-F18_a5_gnd010_p17_s2	90.942799
AG-917-F18	AG-917-F18_a5_gnd010_p17_s5	90.942799
AG-917-F18	AG-917-F18_a5_gnd010_p20_s3	90.942799
AG-917-F18	AG-917-F18_a5_gnd010_p6_s1	90.942799
AG-917-F18	AG-917-F18_a5_gnd011	90.041498
AG-917-F18	AG-917-F18_a5_gnd011_p11_s1	90.041498
AG-917-F18	AG-917-F18_a5_gnd011_p11_s4	90.041498
AG-917-F18	AG-917-F18_a5_gnd011_p14_s3	90.041498
AG-917-F18	AG-917-F18_a5_gnd011_p8_s5	90.041498
AG-917-F18	AG-917-F18_a5_gnd011_p9_s2	90.041498
AG-917-F18	AG-917-F18_a5_gnd012	89.133341
AG-917-F18	AG-917-F18_a5_gnd012_p10_s1	89.133341
AG-917-F18	AG-917-F18_a5_gnd012_p13_s3	89.133341
AG-917-F18	AG-917-F18_a5_gnd012_p14_s2	89.133341
AG-917-F18	AG-917-F18_a5_gnd012_p4_s4	89.133341
AG-917-F18	AG-917-F18_a5_gnd012_p8_s5	89.133341
AG-917-F18	AG-917-F18_a5_gnd013	88.231670
AG-917-F18	AG-917-F18_a5_gnd013_p10_s2	88.231670
AG-917-F18	AG-917-F18_a5_gnd013_p11_s5	88.231670
AG-917-F18	AG-917-F18_a5_gnd013_p16_s3	88.231670
AG-917-F18	AG-917-F18_a5_gnd013_p20_s4	88.231670
AG-917-F18	AG-917-F18_a5_gnd013_p3_s1	88.231670
AG-917-F18	AG-917-F18_a5_gnd014	87.329257
AG-917-F18	AG-917-F18_a5_gnd014_p11_s2	87.329257
AG-917-F18	AG-917-F18_a5_gnd014_p15_s1	87.329257
AG-917-F18	AG-917-F18_a5_gnd014_p16_s3	87.329257
AG-917-F18	AG-917-F18_a5_gnd014_p18_s5	87.329257
AG-917-F18	AG-917-F18_a5_gnd014_p1_s4	87.329257
AG-917-F18	AG-917-F18_a5_gnd015	86.417672
AG-917-F18	AG-917-F18_a5_gnd015_p11_s2	86.417672
AG-917-F18	AG-917-F18_a5_gnd015_p14_s1	86.417672
AG-917-F18	AG-917-F18_a5_gnd015_p5_s3	86.417672
AG-917-F18	AG-917-F18_a5_gnd015_p7_s4	86.417672
AG-917-F18	AG-917-F18_a5_gnd015_p9_s5	86.417672
AG-917-F18	AG-917-F18_a5_gnd016	85.501733
AG-917-F18	AG-917-F18_a5_gnd016_p14_s3	85.501733
AG-917-F18	AG-917-F18_a5_gnd016_p14_s4	85.501733
AG-917-F18	AG-917-F18_a5_gnd016_p4_s5	85.501733
AG-917-F18	AG-917-F18_a5_gnd016_p8_s2	85.501733
AG-917-F18	AG-917-F18_a5_gnd016_p9_s1	85.501733
AG-917-F18	AG-917-F18_a5_gnd017	84.582458
AG-917-F18	AG-917-F18_a5_gnd017_p18_s2	84.582458
AG-917-F18	AG-917-F18_a5_gnd017_p18_s3	84.582458
AG-917-F18	AG-917-F18_a5_gnd017_p19_s5	84.582458
AG-917-F18	AG-917-F18_a5_gnd017_p7_s4	84.582458
AG-917-F18	AG-917-F18_a5_gnd017_p8_s1	84.582458
AG-917-F18	AG-917-F18_a5_gnd018	83.676618
AG-917-F18	AG-917-F18_a5_gnd018_p10_s2	83.676618
AG-917-F18	AG-917-F18_a5_gnd018_p18_s3	83.676618
AG-917-F18	AG-917-F18_a5_gnd018_p20_s1	83.676618
AG-917-F18	AG-917-F18_a5_gnd018_p20_s4	83.676618
AG-917-F18	AG-917-F18_a5_gnd018_p20_s5	83.676618
AG-917-F18	AG-917-F18_a5_gnd019	82.770777
AG-917-F18	AG-917-F18_a5_gnd019_p10_s5	82.770777
AG-917-F18	AG-917-F18_a5_gnd019_p13_s3	82.770777
AG-917-F18	AG-917-F18_a5_gnd019_p19_s2	82.770777
AG-917-F18	AG-917-F18_a5_gnd019_p19_s4	82.770777
AG-917-F18	AG-917-F18_a5_gnd019_p7_s1	82.770777
AG-917-F18	AG-917-F18_a5_gnd020	81.847148
AG-917-F18	AG-917-F18_a5_gnd020_p12_s2	81.847148
AG-917-F18	AG-917-F18_a5_gnd020_p13_s3	81.847148
AG-917-F18	AG-917-F18_a5_gnd020_p15_s5	81.847148
AG-917-F18	AG-917-F18_a5_gnd020_p18_s1	81.847148
AG-917-F18	AG-917-F18_a5_gnd020_p7_s4	81.847148
AG-917-K06	AG-917-K06_a22_gnd00000	100.000000
AG-917-K06	AG-917-K06_a22_gnd00005	99.954688
AG-917-K06	AG-917-K06_a22_gnd00010	99.910134
AG-917-K06	AG-917-K06_a22_gnd00020	99.820015
AG-917-K06	AG-917-K06_a22_gnd00030	99.730317
AG-917-K06	AG-917-K06_a22_gnd00040	99.637844
AG-917-K06	AG-917-K06_a22_gnd00050	99.550247
AG-917-K06	AG-917-K06_a22_gnd00060	99.458868
AG-917-K06	AG-917-K06_a22_gnd00070	99.366648
AG-917-K06	AG-917-K06_a22_gnd00080	99.274764
AG-917-K06	AG-917-K06_a22_gnd00090	99.187671
AG-917-K06	AG-917-K06_a22_gnd001	99.097132
AG-917-K06	AG-917-K06_a22_gnd002	98.198047
AG-917-K06	AG-917-K06_a22_gnd003	97.292490
AG-917-K06	AG-917-K06_a22_gnd004	96.387268
AG-917-K06	AG-917-K06_a22_gnd005	95.487427
AG-917-K06	AG-917-K06_a22_gnd006	94.584643
AG-917-K06	AG-917-K06_a22_gnd007	93.681019
AG-917-K06	AG-917-K06_a22_gnd008	92.776049
AG-917-K06	AG-917-K06_a22_gnd009	91.872425
AG-917-K06	AG-917-K06_a22_gnd010	90.970230
AG-917-K06	AG-917-K06_a22_gnd011	90.067950
AG-917-K06	AG-917-K06_a22_gnd012	89.152977
AG-917-K06	AG-917-K06_a22_gnd013	88.245486
AG-917-K06	AG-917-K06_a22_gnd014	87.351361
AG-917-K06	AG-917-K06_a22_gnd015	86.434286
AG-917-K06	AG-917-K06_a22_gnd016	85.541674
AG-917-K06	AG-917-K06_a22_gnd017	84.621405
AG-917-K06	AG-917-K06_a22_gnd018	83.736696
AG-917-K06	AG-917-K06_a22_gnd019	82.826262
AG-917-K06	AG-917-K06_a22_gnd020	81.915828
AG-917-K06	AG-917-K06_a5_gnd00000	100.000000
AG-917-K06	AG-917-K06_a5_gnd00000_p11_s4	100.000000
AG-917-K06	AG-917-K06_a5_gnd00000_p15_s1	100.000000
AG-917-K06	AG-917-K06_a5_gnd00000_p16_s5	100.000000
AG-917-K06	AG-917-K06_a5_gnd00000_p20_s2	100.000000
AG-917-K06	AG-917-K06_a5_gnd00000_p5_s3	100.000000
AG-917-K06	AG-917-K06_a5_gnd00005	99.955193
AG-917-K06	AG-917-K06_a5_gnd00005_p12_s3	99.955193
AG-917-K06	AG-917-K06_a5_gnd00005_p14_s1	99.955193
AG-917-K06	AG-917-K06_a5_gnd00005_p19_s5	99.955193
AG-917-K06	AG-917-K06_a5_gnd00005_p6_s4	99.955193
AG-917-K06	AG-917-K06_a5_gnd00005_p7_s2	99.955193
AG-917-K06	AG-917-K06_a5_gnd00010	99.910134
AG-917-K06	AG-917-K06_a5_gnd00010_p14_s3	99.910134
AG-917-K06	AG-917-K06_a5_gnd00010_p18_s4	99.910134
AG-917-K06	AG-917-K06_a5_gnd00010_p18_s5	99.910134
AG-917-K06	AG-917-K06_a5_gnd00010_p20_s2	99.910134
AG-917-K06	AG-917-K06_a5_gnd00010_p2_s1	99.910134
AG-917-K06	AG-917-K06_a5_gnd00020	99.819342
AG-917-K06	AG-917-K06_a5_gnd00020_p13_s5	99.819342
AG-917-K06	AG-917-K06_a5_gnd00020_p14_s1	99.819342
AG-917-K06	AG-917-K06_a5_gnd00020_p14_s2	99.819342
AG-917-K06	AG-917-K06_a5_gnd00020_p14_s4	99.819342
AG-917-K06	AG-917-K06_a5_gnd00020_p15_s3	99.819342
AG-917-K06	AG-917-K06_a5_gnd00030	99.730485
AG-917-K06	AG-917-K06_a5_gnd00030_p10_s1	99.730485
AG-917-K06	AG-917-K06_a5_gnd00030_p11_s3	99.730485
AG-917-K06	AG-917-K06_a5_gnd00030_p15_s2	99.730485
AG-917-K06	AG-917-K06_a5_gnd00030_p17_s4	99.730485
AG-917-K06	AG-917-K06_a5_gnd00030_p19_s5	99.730485
AG-917-K06	AG-917-K06_a5_gnd00040	99.635995
AG-917-K06	AG-917-K06_a5_gnd00040_p11_s3	99.635995
AG-917-K06	AG-917-K06_a5_gnd00040_p12_s1	99.635995
AG-917-K06	AG-917-K06_a5_gnd00040_p12_s5	99.635995
AG-917-K06	AG-917-K06_a5_gnd00040_p16_s2	99.635995
AG-917-K06	AG-917-K06_a5_gnd00040_p18_s4	99.635995
AG-917-K06	AG-917-K06_a5_gnd00050	99.549323
AG-917-K06	AG-917-K06_a5_gnd00050_p0_s4	99.549323
AG-917-K06	AG-917-K06_a5_gnd00050_p11_s5	99.549323
AG-917-K06	AG-917-K06_a5_gnd00050_p13_s1	99.549323
AG-917-K06	AG-917-K06_a5_gnd00050_p14_s3	99.549323
AG-917-K06	AG-917-K06_a5_gnd00050_p19_s2	99.549323
AG-917-K06	AG-917-K06_a5_gnd00060	99.460633
AG-917-K06	AG-917-K06_a5_gnd00060_p10_s2	99.460633
AG-917-K06	AG-917-K06_a5_gnd00060_p12_s4	99.460633
AG-917-K06	AG-917-K06_a5_gnd00060_p16_s3	99.460633
AG-917-K06	AG-917-K06_a5_gnd00060_p16_s5	99.460633
AG-917-K06	AG-917-K06_a5_gnd00060_p19_s1	99.460633
AG-917-K06	AG-917-K06_a5_gnd00070	99.370178
AG-917-K06	AG-917-K06_a5_gnd00070_p10_s5	99.370178
AG-917-K06	AG-917-K06_a5_gnd00070_p13_s4	99.370178
AG-917-K06	AG-917-K06_a5_gnd00070_p18_s1	99.370178
AG-917-K06	AG-917-K06_a5_gnd00070_p18_s2	99.370178
AG-917-K06	AG-917-K06_a5_gnd00070_p18_s3	99.370178
AG-917-K06	AG-917-K06_a5_gnd00080	99.281657
AG-917-K06	AG-917-K06_a5_gnd00080_p14_s5	99.281657
AG-917-K06	AG-917-K06_a5_gnd00080_p16_s3	99.281657
AG-917-K06	AG-917-K06_a5_gnd00080_p16_s4	99.281657
AG-917-K06	AG-917-K06_a5_gnd00080_p19_s1	99.281657
AG-917-K06	AG-917-K06_a5_gnd00080_p8_s2	99.281657
AG-917-K06	AG-917-K06_a5_gnd00090	99.187839
AG-917-K06	AG-917-K06_a5_gnd00090_p13_s4	99.187839
AG-917-K06	AG-917-K06_a5_gnd00090_p13_s5	99.187839
AG-917-K06	AG-917-K06_a5_gnd00090_p20_s2	99.187839
AG-917-K06	AG-917-K06_a5_gnd00090_p5_s1	99.187839
AG-917-K06	AG-917-K06_a5_gnd00090_p7_s3	99.187839
AG-917-K06	AG-917-K06_a5_gnd001	99.097973
AG-917-K06	AG-917-K06_a5_gnd001_p13_s2	99.097973
AG-917-K06	AG-917-K06_a5_gnd001_p13_s3	99.097973
AG-917-K06	AG-917-K06_a5_gnd001_p16_s5	99.097973
AG-917-K06	AG-917-K06_a5_gnd001_p2_s1	99.097973
AG-917-K06	AG-917-K06_a5_gnd001_p7_s4	99.097973
AG-917-K06	AG-917-K06_a5_gnd002	98.192247
AG-917-K06	AG-917-K06_a5_gnd002_p15_s5	98.192247
AG-917-K06	AG-917-K06_a5_gnd002_p16_s2	98.192247
AG-917-K06	AG-917-K06_a5_gnd002_p5_s4	98.192247
AG-917-K06	AG-917-K06_a5_gnd002_p7_s1	98.192247
AG-917-K06	AG-917-K06_a5_gnd002_p7_s3	98.192247
AG-917-K06	AG-917-K06_a5_gnd003	97.288623
AG-917-K06	AG-917-K06_a5_gnd003_p12_s4	97.288623
AG-917-K06	AG-917-K06_a5_gnd003_p13_s2	97.288623
AG-917-K06	AG-917-K06_a5_gnd003_p15_s1	97.288623
AG-917-K06	AG-917-K06_a5_gnd003_p16_s5	97.288623
AG-917-K06	AG-917-K06_a5_gnd003_p7_s3	97.288623
AG-917-K06	AG-917-K06_a5_gnd004	96.390715
AG-917-K06	AG-917-K06_a5_gnd004_p0_s5	96.390715
AG-917-K06	AG-917-K06_a5_gnd004_p14_s4	96.390715
AG-917-K06	AG-917-K06_a5_gnd004_p15_s3	96.390715
AG-917-K06	AG-917-K06_a5_gnd004_p16_s1	96.390715
AG-917-K06	AG-917-K06_a5_gnd004_p18_s2	96.390715
AG-917-K06	AG-917-K06_a5_gnd005	95.476498
AG-917-K06	AG-917-K06_a5_gnd005_p10_s3	95.476498
AG-917-K06	AG-917-K06_a5_gnd005_p13_s2	95.476498
AG-917-K06	AG-917-K06_a5_gnd005_p15_s4	95.476498
AG-917-K06	AG-917-K06_a5_gnd005_p18_s5	95.476498
AG-917-K06	AG-917-K06_a5_gnd005_p6_s1	95.476498
AG-917-K06	AG-917-K06_a5_gnd006	94.582962
AG-917-K06	AG-917-K06_a5_gnd006_p10_s1	94.582962
AG-917-K06	AG-917-K06_a5_gnd006_p11_s4	94.582962
AG-917-K06	AG-917-K06_a5_gnd006_p13_s2	94.582962
AG-917-K06	AG-917-K06_a5_gnd006_p20_s5	94.582962
AG-917-K06	AG-917-K06_a5_gnd006_p7_s3	94.582962
AG-917-K06	AG-917-K06_a5_gnd007	93.687828
AG-917-K06	AG-917-K06_a5_gnd007_p16_s2	93.687828
AG-917-K06	AG-917-K06_a5_gnd007_p18_s1	93.687828
AG-917-K06	AG-917-K06_a5_gnd007_p18_s5	93.687828
AG-917-K06	AG-917-K06_a5_gnd007_p19_s3	93.687828
AG-917-K06	AG-917-K06_a5_gnd007_p9_s4	93.687828
AG-917-K06	AG-917-K06_a5_gnd008	92.778992
AG-917-K06	AG-917-K06_a5_gnd008_p15_s1	92.778992
AG-917-K06	AG-917-K06_a5_gnd008_p17_s5	92.778992
AG-917-K06	AG-917-K06_a5_gnd008_p18_s3	92.778992
AG-917-K06	AG-917-K06_a5_gnd008_p19_s2	92.778992
AG-917-K06	AG-917-K06_a5_gnd008_p20_s4	92.778992
AG-917-K06	AG-917-K06_a5_gnd009	91.883438
AG-917-K06	AG-917-K06_a5_gnd009_p0_s1	91.883438
AG-917-K06	AG-917-K06_a5_gnd009_p14_s5	91.883438
AG-917-K06	AG-917-K06_a5_gnd009_p17_s3	91.883438
AG-917-K06	AG-917-K06_a5_gnd009_p18_s2	91.883438
AG-917-K06	AG-917-K06_a5_gnd009_p18_s4	91.883438
AG-917-K06	AG-917-K06_a5_gnd010	90.968380
AG-917-K06	AG-917-K06_a5_gnd010_p0_s4	90.968380
AG-917-K06	AG-917-K06_a5_gnd010_p10_s3	90.968380
AG-917-K06	AG-917-K06_a5_gnd010_p18_s5	90.968380
AG-917-K06	AG-917-K06_a5_gnd010_p5_s2	90.968380
AG-917-K06	AG-917-K06_a5_gnd010_p8_s1	90.968380
AG-917-K06	AG-917-K06_a5_gnd011	90.073583
AG-917-K06	AG-917-K06_a5_gnd011_p10_s5	90.073583
AG-917-K06	AG-917-K06_a5_gnd011_p13_s3	90.073583
AG-917-K06	AG-917-K06_a5_gnd011_p16_s4	90.073583
AG-917-K06	AG-917-K06_a5_gnd011_p1_s2	90.073583
AG-917-K06	AG-917-K06_a5_gnd011_p9_s1	90.073583
AG-917-K06	AG-917-K06_a5_gnd012	89.156340
AG-917-K06	AG-917-K06_a5_gnd012_p10_s5	89.156340
AG-917-K06	AG-917-K06_a5_gnd012_p16_s3	89.156340
AG-917-K06	AG-917-K06_a5_gnd012_p1_s1	89.156340
AG-917-K06	AG-917-K06_a5_gnd012_p7_s2	89.156340
AG-917-K06	AG-917-K06_a5_gnd012_p7_s4	89.156340
AG-917-K06	AG-917-K06_a5_gnd013	88.240106
AG-917-K06	AG-917-K06_a5_gnd013_p11_s3	88.240106
AG-917-K06	AG-917-K06_a5_gnd013_p12_s2	88.240106
AG-917-K06	AG-917-K06_a5_gnd013_p12_s4	88.240106
AG-917-K06	AG-917-K06_a5_gnd013_p13_s1	88.240106
AG-917-K06	AG-917-K06_a5_gnd013_p15_s5	88.240106
AG-917-K06	AG-917-K06_a5_gnd014	87.340601
AG-917-K06	AG-917-K06_a5_gnd014_p12_s3	87.340601
AG-917-K06	AG-917-K06_a5_gnd014_p12_s4	87.340601
AG-917-K06	AG-917-K06_a5_gnd014_p13_s1	87.340601
AG-917-K06	AG-917-K06_a5_gnd014_p17_s5	87.340601
AG-917-K06	AG-917-K06_a5_gnd014_p19_s2	87.340601
AG-917-K06	AG-917-K06_a5_gnd015	86.430503
AG-917-K06	AG-917-K06_a5_gnd015_p0_s1	86.430503
AG-917-K06	AG-917-K06_a5_gnd015_p10_s5	86.430503
AG-917-K06	AG-917-K06_a5_gnd015_p14_s3	86.430503
AG-917-K06	AG-917-K06_a5_gnd015_p16_s2	86.430503
AG-917-K06	AG-917-K06_a5_gnd015_p20_s4	86.430503
AG-917-K06	AG-917-K06_a5_gnd016	85.518893
AG-917-K06	AG-917-K06_a5_gnd016_p10_s1	85.518893
AG-917-K06	AG-917-K06_a5_gnd016_p14_s4	85.518893
AG-917-K06	AG-917-K06_a5_gnd016_p16_s5	85.518893
AG-917-K06	AG-917-K06_a5_gnd016_p7_s2	85.518893
AG-917-K06	AG-917-K06_a5_gnd016_p7_s3	85.518893
AG-917-K06	AG-917-K06_a5_gnd017	84.647381
AG-917-K06	AG-917-K06_a5_gnd017_p14_s5	84.647381
AG-917-K06	AG-917-K06_a5_gnd017_p20_s4	84.647381
AG-917-K06	AG-917-K06_a5_gnd017_p2_s2	84.647381
AG-917-K06	AG-917-K06_a5_gnd017_p5_s1	84.647381
AG-917-K06	AG-917-K06_a5_gnd017_p7_s3	84.647381
AG-917-K06	AG-917-K06_a5_gnd018	83.715679
AG-917-K06	AG-917-K06_a5_gnd018_p11_s3	83.715679
AG-917-K06	AG-917-K06_a5_gnd018_p11_s5	83.715679
AG-917-K06	AG-917-K06_a5_gnd018_p14_s4	83.715679
AG-917-K06	AG-917-K06_a5_gnd018_p20_s1	83.715679
AG-917-K06	AG-917-K06_a5_gnd018_p9_s2	83.715679
AG-917-K06	AG-917-K06_a5_gnd019	82.825169
AG-917-K06	AG-917-K06_a5_gnd019_p0_s4	82.825169
AG-917-K06	AG-917-K06_a5_gnd019_p11_s1	82.825169
AG-917-K06	AG-917-K06_a5_gnd019_p12_s3	82.825169
AG-917-K06	AG-917-K06_a5_gnd019_p18_s2	82.825169
AG-917-K06	AG-917-K06_a5_gnd019_p20_s5	82.825169
AG-917-K06	AG-917-K06_a5_gnd020	81.920452
AG-917-K06	AG-917-K06_a5_gnd020_p13_s2	81.920452
AG-917-K06	AG-917-K06_a5_gnd020_p18_s5	81.920452
AG-917-K06	AG-917-K06_a5_gnd020_p20_s4	81.920452
AG-917-K06	AG-917-K06_a5_gnd020_p6_s1	81.920452
AG-917-K06	AG-917-K06_a5_gnd020_p8_s3	81.920452
AG-920-L07	AG-920-L07_a22_gnd00000	100.000000
AG-920-L07	AG-920-L07_a22_gnd00005	99.954397
AG-920-L07	AG-920-L07_a22_gnd00010	99.909162
AG-920-L07	AG-920-L07_a22_gnd00020	99.819612
AG-920-L07	AG-920-L07_a22_gnd00030	99.727120
AG-920-L07	AG-920-L07_a22_gnd00040	99.637110
AG-920-L07	AG-920-L07_a22_gnd00050	99.548019
AG-920-L07	AG-920-L07_a22_gnd00060	99.455526
AG-920-L07	AG-920-L07_a22_gnd00070	99.366436
AG-920-L07	AG-920-L07_a22_gnd00080	99.274495
AG-920-L07	AG-920-L07_a22_gnd00090	99.185864
AG-920-L07	AG-920-L07_a22_gnd001	99.089786
AG-920-L07	AG-920-L07_a22_gnd002	98.193271
AG-920-L07	AG-920-L07_a22_gnd003	97.280666
AG-920-L07	AG-920-L07_a22_gnd004	96.384794
AG-920-L07	AG-920-L07_a22_gnd005	95.464559
AG-920-L07	AG-920-L07_a22_gnd006	94.568411
AG-920-L07	AG-920-L07_a22_gnd007	93.677689
AG-920-L07	AG-920-L07_a22_gnd008	92.754878
AG-920-L07	AG-920-L07_a22_gnd009	91.832620
AG-920-L07	AG-920-L07_a22_gnd010	90.930404
AG-920-L07	AG-920-L07_a22_gnd011	90.016696
AG-920-L07	AG-920-L07_a22_gnd012	89.131950
AG-920-L07	AG-920-L07_a22_gnd013	88.217322
AG-920-L07	AG-920-L07_a22_gnd014	87.309131
AG-920-L07	AG-920-L07_a22_gnd015	86.375564
AG-920-L07	AG-920-L07_a22_gnd016	85.482818
AG-920-L07	AG-920-L07_a22_gnd017	84.581706
AG-920-L07	AG-920-L07_a22_gnd018	83.675261
AG-920-L07	AG-920-L07_a22_gnd019	82.762105
AG-920-L07	AG-920-L07_a22_gnd020	81.857407
AG-920-L07	AG-920-L07_a5_gnd00000	100.000000
AG-920-L07	AG-920-L07_a5_gnd00000_p0_s1	100.000000
AG-920-L07	AG-920-L07_a5_gnd00000_p11_s5	100.000000
AG-920-L07	AG-920-L07_a5_gnd00000_p3_s3	100.000000
AG-920-L07	AG-920-L07_a5_gnd00000_p8_s2	100.000000
AG-920-L07	AG-920-L07_a5_gnd00000_p9_s4	100.000000
AG-920-L07	AG-920-L07_a5_gnd00005	99.954397
AG-920-L07	AG-920-L07_a5_gnd00005_p13_s4	99.954397
AG-920-L07	AG-920-L07_a5_gnd00005_p13_s5	99.954397
AG-920-L07	AG-920-L07_a5_gnd00005_p1_s2	99.954397
AG-920-L07	AG-920-L07_a5_gnd00005_p2_s1	99.954397
AG-920-L07	AG-920-L07_a5_gnd00005_p7_s3	99.954397
AG-920-L07	AG-920-L07_a5_gnd00010	99.910266
AG-920-L07	AG-920-L07_a5_gnd00010_p12_s4	99.910266
AG-920-L07	AG-920-L07_a5_gnd00010_p13_s1	99.910266
AG-920-L07	AG-920-L07_a5_gnd00010_p20_s3	99.910266
AG-920-L07	AG-920-L07_a5_gnd00010_p4_s5	99.910266
AG-920-L07	AG-920-L07_a5_gnd00010_p8_s2	99.910266
AG-920-L07	AG-920-L07_a5_gnd00020	99.819244
AG-920-L07	AG-920-L07_a5_gnd00020_p16_s4	99.819244
AG-920-L07	AG-920-L07_a5_gnd00020_p18_s1	99.819244
AG-920-L07	AG-920-L07_a5_gnd00020_p18_s5	99.819244
AG-920-L07	AG-920-L07_a5_gnd00020_p20_s2	99.819244
AG-920-L07	AG-920-L07_a5_gnd00020_p3_s3	99.819244
AG-920-L07	AG-920-L07_a5_gnd00030	99.728866
AG-920-L07	AG-920-L07_a5_gnd00030_p11_s2	99.728866
AG-920-L07	AG-920-L07_a5_gnd00030_p13_s1	99.728866
AG-920-L07	AG-920-L07_a5_gnd00030_p14_s3	99.728866
AG-920-L07	AG-920-L07_a5_gnd00030_p16_s5	99.728866
AG-920-L07	AG-920-L07_a5_gnd00030_p19_s4	99.728866
AG-920-L07	AG-920-L07_a5_gnd00040	99.639040
AG-920-L07	AG-920-L07_a5_gnd00040_p0_s2	99.639040
AG-920-L07	AG-920-L07_a5_gnd00040_p10_s1	99.639040
AG-920-L07	AG-920-L07_a5_gnd00040_p11_s3	99.639040
AG-920-L07	AG-920-L07_a5_gnd00040_p11_s4	99.639040
AG-920-L07	AG-920-L07_a5_gnd00040_p13_s5	99.639040
AG-920-L07	AG-920-L07_a5_gnd00050	99.547191
AG-920-L07	AG-920-L07_a5_gnd00050_p11_s3	99.547191
AG-920-L07	AG-920-L07_a5_gnd00050_p17_s5	99.547191
AG-920-L07	AG-920-L07_a5_gnd00050_p20_s4	99.547191
AG-920-L07	AG-920-L07_a5_gnd00050_p8_s1	99.547191
AG-920-L07	AG-920-L07_a5_gnd00050_p9_s2	99.547191
AG-920-L07	AG-920-L07_a5_gnd00060	99.453504
AG-920-L07	AG-920-L07_a5_gnd00060_p12_s2	99.453504
AG-920-L07	AG-920-L07_a5_gnd00060_p12_s5	99.453504
AG-920-L07	AG-920-L07_a5_gnd00060_p14_s1	99.453504
AG-920-L07	AG-920-L07_a5_gnd00060_p20_s4	99.453504
AG-920-L07	AG-920-L07_a5_gnd00060_p6_s3	99.453504
AG-920-L07	AG-920-L07_a5_gnd00070	99.368826
AG-920-L07	AG-920-L07_a5_gnd00070_p13_s3	99.368826
AG-920-L07	AG-920-L07_a5_gnd00070_p14_s2	99.368826
AG-920-L07	AG-920-L07_a5_gnd00070_p1_s4	99.368826
AG-920-L07	AG-920-L07_a5_gnd00070_p3_s1	99.368826
AG-920-L07	AG-920-L07_a5_gnd00070_p8_s5	99.368826
AG-920-L07	AG-920-L07_a5_gnd00080	99.273300
AG-920-L07	AG-920-L07_a5_gnd00080_p14_s3	99.273300
AG-920-L07	AG-920-L07_a5_gnd00080_p17_s4	99.273300
AG-920-L07	AG-920-L07_a5_gnd00080_p19_s1	99.273300
AG-920-L07	AG-920-L07_a5_gnd00080_p7_s5	99.273300
AG-920-L07	AG-920-L07_a5_gnd00080_p8_s2	99.273300
AG-920-L07	AG-920-L07_a5_gnd00090	99.186967
AG-920-L07	AG-920-L07_a5_gnd00090_p10_s5	99.186967
AG-920-L07	AG-920-L07_a5_gnd00090_p14_s4	99.186967
AG-920-L07	AG-920-L07_a5_gnd00090_p4_s2	99.186967
AG-920-L07	AG-920-L07_a5_gnd00090_p4_s3	99.186967
AG-920-L07	AG-920-L07_a5_gnd00090_p8_s1	99.186967
AG-920-L07	AG-920-L07_a5_gnd001	99.092820
AG-920-L07	AG-920-L07_a5_gnd001_p0_s3	99.092820
AG-920-L07	AG-920-L07_a5_gnd001_p10_s2	99.092820
AG-920-L07	AG-920-L07_a5_gnd001_p13_s5	99.092820
AG-920-L07	AG-920-L07_a5_gnd001_p14_s4	99.092820
AG-920-L07	AG-920-L07_a5_gnd001_p8_s1	99.092820
AG-920-L07	AG-920-L07_a5_gnd002	98.189593
AG-920-L07	AG-920-L07_a5_gnd002_p10_s1	98.189593
AG-920-L07	AG-920-L07_a5_gnd002_p18_s2	98.189593
AG-920-L07	AG-920-L07_a5_gnd002_p18_s5	98.189593
AG-920-L07	AG-920-L07_a5_gnd002_p4_s3	98.189593
AG-920-L07	AG-920-L07_a5_gnd002_p6_s4	98.189593
AG-920-L07	AG-920-L07_a5_gnd003	97.282137
AG-920-L07	AG-920-L07_a5_gnd003_p10_s3	97.282137
AG-920-L07	AG-920-L07_a5_gnd003_p13_s4	97.282137
AG-920-L07	AG-920-L07_a5_gnd003_p19_s2	97.282137
AG-920-L07	AG-920-L07_a5_gnd003_p20_s1	97.282137
AG-920-L07	AG-920-L07_a5_gnd003_p20_s5	97.282137
AG-920-L07	AG-920-L07_a5_gnd004	96.376796
AG-920-L07	AG-920-L07_a5_gnd004_p12_s1	96.376796
AG-920-L07	AG-920-L07_a5_gnd004_p15_s4	96.376796
AG-920-L07	AG-920-L07_a5_gnd004_p18_s3	96.376796
AG-920-L07	AG-920-L07_a5_gnd004_p1_s5	96.376796
AG-920-L07	AG-920-L07_a5_gnd004_p8_s2	96.376796
AG-920-L07	AG-920-L07_a5_gnd005	95.466673
AG-920-L07	AG-920-L07_a5_gnd005_p0_s5	95.466673
AG-920-L07	AG-920-L07_a5_gnd005_p19_s1	95.466673
AG-920-L07	AG-920-L07_a5_gnd005_p4_s4	95.466673
AG-920-L07	AG-920-L07_a5_gnd005_p7_s2	95.466673
AG-920-L07	AG-920-L07_a5_gnd005_p7_s3	95.466673
AG-920-L07	AG-920-L07_a5_gnd006	94.561608
AG-920-L07	AG-920-L07_a5_gnd006_p11_s2	94.561608
AG-920-L07	AG-920-L07_a5_gnd006_p16_s4	94.561608
AG-920-L07	AG-920-L07_a5_gnd006_p20_s1	94.561608
AG-920-L07	AG-920-L07_a5_gnd006_p3_s3	94.561608
AG-920-L07	AG-920-L07_a5_gnd006_p7_s5	94.561608
AG-920-L07	AG-920-L07_a5_gnd007	93.658565
AG-920-L07	AG-920-L07_a5_gnd007_p13_s2	93.658565
AG-920-L07	AG-920-L07_a5_gnd007_p13_s3	93.658565
AG-920-L07	AG-920-L07_a5_gnd007_p13_s4	93.658565
AG-920-L07	AG-920-L07_a5_gnd007_p14_s5	93.658565
AG-920-L07	AG-920-L07_a5_gnd007_p20_s1	93.658565
AG-920-L07	AG-920-L07_a5_gnd008	92.746971
AG-920-L07	AG-920-L07_a5_gnd008_p13_s5	92.746971
AG-920-L07	AG-920-L07_a5_gnd008_p16_s4	92.746971
AG-920-L07	AG-920-L07_a5_gnd008_p19_s2	92.746971
AG-920-L07	AG-920-L07_a5_gnd008_p6_s1	92.746971
AG-920-L07	AG-920-L07_a5_gnd008_p7_s3	92.746971
AG-920-L07	AG-920-L07_a5_gnd009	91.850732
AG-920-L07	AG-920-L07_a5_gnd009_p0_s3	91.850732
AG-920-L07	AG-920-L07_a5_gnd009_p10_s5	91.850732
AG-920-L07	AG-920-L07_a5_gnd009_p12_s1	91.850732
AG-920-L07	AG-920-L07_a5_gnd009_p15_s2	91.850732
AG-920-L07	AG-920-L07_a5_gnd009_p20_s4	91.850732
AG-920-L07	AG-920-L07_a5_gnd010	90.937668
AG-920-L07	AG-920-L07_a5_gnd010_p10_s4	90.937668
AG-920-L07	AG-920-L07_a5_gnd010_p20_s5	90.937668
AG-920-L07	AG-920-L07_a5_gnd010_p5_s2	90.937668
AG-920-L07	AG-920-L07_a5_gnd010_p5_s3	90.937668
AG-920-L07	AG-920-L07_a5_gnd010_p9_s1	90.937668
AG-920-L07	AG-920-L07_a5_gnd011	90.024236
AG-920-L07	AG-920-L07_a5_gnd011_p13_s3	90.024236
AG-920-L07	AG-920-L07_a5_gnd011_p14_s4	90.024236
AG-920-L07	AG-920-L07_a5_gnd011_p18_s1	90.024236
AG-920-L07	AG-920-L07_a5_gnd011_p20_s2	90.024236
AG-920-L07	AG-920-L07_a5_gnd011_p3_s5	90.024236
AG-920-L07	AG-920-L07_a5_gnd012	89.105747
AG-920-L07	AG-920-L07_a5_gnd012_p0_s1	89.105747
AG-920-L07	AG-920-L07_a5_gnd012_p15_s5	89.105747
AG-920-L07	AG-920-L07_a5_gnd012_p19_s2	89.105747
AG-920-L07	AG-920-L07_a5_gnd012_p20_s3	89.105747
AG-920-L07	AG-920-L07_a5_gnd012_p2_s4	89.105747
AG-920-L07	AG-920-L07_a5_gnd013	88.191119
AG-920-L07	AG-920-L07_a5_gnd013_p0_s2	88.191119
AG-920-L07	AG-920-L07_a5_gnd013_p10_s1	88.191119
AG-920-L07	AG-920-L07_a5_gnd013_p13_s5	88.191119
AG-920-L07	AG-920-L07_a5_gnd013_p16_s3	88.191119
AG-920-L07	AG-920-L07_a5_gnd013_p4_s4	88.191119
AG-920-L07	AG-920-L07_a5_gnd014	87.308487
AG-920-L07	AG-920-L07_a5_gnd014_p11_s2	87.308487
AG-920-L07	AG-920-L07_a5_gnd014_p12_s5	87.308487
AG-920-L07	AG-920-L07_a5_gnd014_p15_s4	87.308487
AG-920-L07	AG-920-L07_a5_gnd014_p9_s1	87.308487
AG-920-L07	AG-920-L07_a5_gnd014_p9_s3	87.308487
AG-920-L07	AG-920-L07_a5_gnd015	86.381172
AG-920-L07	AG-920-L07_a5_gnd015_p10_s3	86.381172
AG-920-L07	AG-920-L07_a5_gnd015_p13_s5	86.381172
AG-920-L07	AG-920-L07_a5_gnd015_p16_s2	86.381172
AG-920-L07	AG-920-L07_a5_gnd015_p7_s1	86.381172
AG-920-L07	AG-920-L07_a5_gnd015_p9_s4	86.381172
AG-920-L07	AG-920-L07_a5_gnd016	85.483554
AG-920-L07	AG-920-L07_a5_gnd016_p13_s1	85.483554
AG-920-L07	AG-920-L07_a5_gnd016_p17_s4	85.483554
AG-920-L07	AG-920-L07_a5_gnd016_p17_s5	85.483554
AG-920-L07	AG-920-L07_a5_gnd016_p20_s3	85.483554
AG-920-L07	AG-920-L07_a5_gnd016_p8_s2	85.483554
AG-920-L07	AG-920-L07_a5_gnd017	84.571409
AG-920-L07	AG-920-L07_a5_gnd017_p14_s2	84.571409
AG-920-L07	AG-920-L07_a5_gnd017_p15_s1	84.571409
AG-920-L07	AG-920-L07_a5_gnd017_p15_s3	84.571409
AG-920-L07	AG-920-L07_a5_gnd017_p17_s4	84.571409
AG-920-L07	AG-920-L07_a5_gnd017_p17_s5	84.571409
AG-920-L07	AG-920-L07_a5_gnd018	83.657149
AG-920-L07	AG-920-L07_a5_gnd018_p10_s4	83.657149
AG-920-L07	AG-920-L07_a5_gnd018_p12_s1	83.657149
AG-920-L07	AG-920-L07_a5_gnd018_p14_s2	83.657149
AG-920-L07	AG-920-L07_a5_gnd018_p19_s5	83.657149
AG-920-L07	AG-920-L07_a5_gnd018_p8_s3	83.657149
AG-920-L07	AG-920-L07_a5_gnd019	82.746567
AG-920-L07	AG-920-L07_a5_gnd019_p0_s5	82.746567
AG-920-L07	AG-920-L07_a5_gnd019_p14_s1	82.746567
AG-920-L07	AG-920-L07_a5_gnd019_p16_s3	82.746567
AG-920-L07	AG-920-L07_a5_gnd019_p19_s2	82.746567
AG-920-L07	AG-920-L07_a5_gnd019_p7_s4	82.746567
AG-920-L07	AG-920-L07_a5_gnd020	81.854097
AG-920-L07	AG-920-L07_a5_gnd020_p17_s5	81.854097
AG-920-L07	AG-920-L07_a5_gnd020_p18_s1	81.854097
AG-920-L07	AG-920-L07_a5_gnd020_p3_s3	81.854097
AG-920-L07	AG-920-L07_a5_gnd020_p6_s4	81.854097
AG-920-L07	AG-920-L07_a5_gnd020_p7_s2	81.854097
AH-287-F15	AH-287-F15_a22_gnd00000	100.000000
AH-287-F15	AH-287-F15_a22_gnd00005	99.955104
AH-287-F15	AH-287-F15_a22_gnd00010	99.910585
AH-287-F15	AH-287-F15_a22_gnd00020	99.819130
AH-287-F15	AH-287-F15_a22_gnd00030	99.729262
AH-287-F15	AH-287-F15_a22_gnd00040	99.639696
AH-287-F15	AH-287-F15_a22_gnd00050	99.547787
AH-287-F15	AH-287-F15_a22_gnd00060	99.457466
AH-287-F15	AH-287-F15_a22_gnd00070	99.369185
AH-287-F15	AH-287-F15_a22_gnd00080	99.282113
AH-287-F15	AH-287-F15_a22_gnd00090	99.187030
AH-287-F15	AH-287-F15_a22_gnd001	99.097237
AH-287-F15	AH-287-F15_a22_gnd002	98.198330
AH-287-F15	AH-287-F15_a22_gnd003	97.298137
AH-287-F15	AH-287-F15_a22_gnd004	96.399683
AH-287-F15	AH-287-F15_a22_gnd005	95.504403
AH-287-F15	AH-287-F15_a22_gnd006	94.587506
AH-287-F15	AH-287-F15_a22_gnd007	93.695250
AH-287-F15	AH-287-F15_a22_gnd008	92.789313
AH-287-F15	AH-287-F15_a22_gnd009	91.883602
AH-287-F15	AH-287-F15_a22_gnd010	90.980084
AH-287-F15	AH-287-F15_a22_gnd011	90.083973
AH-287-F15	AH-287-F15_a22_gnd012	89.184158
AH-287-F15	AH-287-F15_a22_gnd013	88.274593
AH-287-F15	AH-287-F15_a22_gnd014	87.384679
AH-287-F15	AH-287-F15_a22_gnd015	86.455312
AH-287-F15	AH-287-F15_a22_gnd016	85.569631
AH-287-F15	AH-287-F15_a22_gnd017	84.663089
AH-287-F15	AH-287-F15_a22_gnd018	83.756321
AH-287-F15	AH-287-F15_a22_gnd019	82.850384
AH-287-F15	AH-287-F15_a22_gnd020	81.971127
AH-287-F15	AH-287-F15_a5_gnd00000	100.000000
AH-287-F15	AH-287-F15_a5_gnd00000_p10_s5	100.000000
AH-287-F15	AH-287-F15_a5_gnd00000_p11_s4	100.000000
AH-287-F15	AH-287-F15_a5_gnd00000_p16_s2	100.000000
AH-287-F15	AH-287-F15_a5_gnd00000_p18_s1	100.000000
AH-287-F15	AH-287-F15_a5_gnd00000_p2_s3	100.000000
AH-287-F15	AH-287-F15_a5_gnd00005	99.955028
AH-287-F15	AH-287-F15_a5_gnd00005_p0_s2	99.955028
AH-287-F15	AH-287-F15_a5_gnd00005_p12_s3	99.955028
AH-287-F15	AH-287-F15_a5_gnd00005_p18_s4	99.955028
AH-287-F15	AH-287-F15_a5_gnd00005_p19_s1	99.955028
AH-287-F15	AH-287-F15_a5_gnd00005_p19_s5	99.955028
AH-287-F15	AH-287-F15_a5_gnd00010	99.910207
AH-287-F15	AH-287-F15_a5_gnd00010_p15_s2	99.910207
AH-287-F15	AH-287-F15_a5_gnd00010_p16_s1	99.910207
AH-287-F15	AH-287-F15_a5_gnd00010_p19_s4	99.910207
AH-287-F15	AH-287-F15_a5_gnd00010_p20_s3	99.910207
AH-287-F15	AH-287-F15_a5_gnd00010_p7_s5	99.910207
AH-287-F15	AH-287-F15_a5_gnd00020	99.818903
AH-287-F15	AH-287-F15_a5_gnd00020_p13_s3	99.818903
AH-287-F15	AH-287-F15_a5_gnd00020_p17_s1	99.818903
AH-287-F15	AH-287-F15_a5_gnd00020_p4_s4	99.818903
AH-287-F15	AH-287-F15_a5_gnd00020_p7_s2	99.818903
AH-287-F15	AH-287-F15_a5_gnd00020_p8_s5	99.818903
AH-287-F15	AH-287-F15_a5_gnd00030	99.729262
AH-287-F15	AH-287-F15_a5_gnd00030_p10_s2	99.729262
AH-287-F15	AH-287-F15_a5_gnd00030_p10_s3	99.729262
AH-287-F15	AH-287-F15_a5_gnd00030_p16_s1	99.729262
AH-287-F15	AH-287-F15_a5_gnd00030_p17_s4	99.729262
AH-287-F15	AH-287-F15_a5_gnd00030_p20_s5	99.729262
AH-287-F15	AH-287-F15_a5_gnd00040	99.640301
AH-287-F15	AH-287-F15_a5_gnd00040_p10_s1	99.640301
AH-287-F15	AH-287-F15_a5_gnd00040_p16_s5	99.640301
AH-287-F15	AH-287-F15_a5_gnd00040_p19_s4	99.640301
AH-287-F15	AH-287-F15_a5_gnd00040_p9_s2	99.640301
AH-287-F15	AH-287-F15_a5_gnd00040_p9_s3	99.640301
AH-287-F15	AH-287-F15_a5_gnd00050	99.549979
AH-287-F15	AH-287-F15_a5_gnd00050_p10_s1	99.549979
AH-287-F15	AH-287-F15_a5_gnd00050_p10_s5	99.549979
AH-287-F15	AH-287-F15_a5_gnd00050_p15_s4	99.549979
AH-287-F15	AH-287-F15_a5_gnd00050_p19_s2	99.549979
AH-287-F15	AH-287-F15_a5_gnd00050_p9_s3	99.549979
AH-287-F15	AH-287-F15_a5_gnd00060	99.458297
AH-287-F15	AH-287-F15_a5_gnd00060_p13_s2	99.458297
AH-287-F15	AH-287-F15_a5_gnd00060_p18_s3	99.458297
AH-287-F15	AH-287-F15_a5_gnd00060_p18_s5	99.458297
AH-287-F15	AH-287-F15_a5_gnd00060_p2_s4	99.458297
AH-287-F15	AH-287-F15_a5_gnd00060_p4_s1	99.458297
AH-287-F15	AH-287-F15_a5_gnd00070	99.367900
AH-287-F15	AH-287-F15_a5_gnd00070_p11_s4	99.367900
AH-287-F15	AH-287-F15_a5_gnd00070_p12_s2	99.367900
AH-287-F15	AH-287-F15_a5_gnd00070_p14_s3	99.367900
AH-287-F15	AH-287-F15_a5_gnd00070_p20_s1	99.367900
AH-287-F15	AH-287-F15_a5_gnd00070_p7_s5	99.367900
AH-287-F15	AH-287-F15_a5_gnd00080	99.278561
AH-287-F15	AH-287-F15_a5_gnd00080_p12_s2	99.278561
AH-287-F15	AH-287-F15_a5_gnd00080_p19_s3	99.278561
AH-287-F15	AH-287-F15_a5_gnd00080_p19_s5	99.278561
AH-287-F15	AH-287-F15_a5_gnd00080_p20_s4	99.278561
AH-287-F15	AH-287-F15_a5_gnd00080_p9_s1	99.278561
AH-287-F15	AH-287-F15_a5_gnd00090	99.187786
AH-287-F15	AH-287-F15_a5_gnd00090_p10_s3	99.187786
AH-287-F15	AH-287-F15_a5_gnd00090_p11_s4	99.187786
AH-287-F15	AH-287-F15_a5_gnd00090_p20_s1	99.187786
AH-287-F15	AH-287-F15_a5_gnd00090_p6_s5	99.187786
AH-287-F15	AH-287-F15_a5_gnd00090_p8_s2	99.187786
AH-287-F15	AH-287-F15_a5_gnd001	99.098296
AH-287-F15	AH-287-F15_a5_gnd001_p0_s2	99.098296
AH-287-F15	AH-287-F15_a5_gnd001_p10_s3	99.098296
AH-287-F15	AH-287-F15_a5_gnd001_p13_s5	99.098296
AH-287-F15	AH-287-F15_a5_gnd001_p14_s1	99.098296
AH-287-F15	AH-287-F15_a5_gnd001_p4_s4	99.098296
AH-287-F15	AH-287-F15_a5_gnd002	98.201429
AH-287-F15	AH-287-F15_a5_gnd002_p10_s1	98.201429
AH-287-F15	AH-287-F15_a5_gnd002_p15_s3	98.201429
AH-287-F15	AH-287-F15_a5_gnd002_p1_s4	98.201429
AH-287-F15	AH-287-F15_a5_gnd002_p20_s2	98.201429
AH-287-F15	AH-287-F15_a5_gnd002_p5_s5	98.201429
AH-287-F15	AH-287-F15_a5_gnd003	97.303957
AH-287-F15	AH-287-F15_a5_gnd003_p10_s4	97.303957
AH-287-F15	AH-287-F15_a5_gnd003_p12_s5	97.303957
AH-287-F15	AH-287-F15_a5_gnd003_p13_s1	97.303957
AH-287-F15	AH-287-F15_a5_gnd003_p17_s3	97.303957
AH-287-F15	AH-287-F15_a5_gnd003_p7_s2	97.303957
AH-287-F15	AH-287-F15_a5_gnd004	96.399002
AH-287-F15	AH-287-F15_a5_gnd004_p0_s2	96.399002
AH-287-F15	AH-287-F15_a5_gnd004_p10_s1	96.399002
AH-287-F15	AH-287-F15_a5_gnd004_p11_s3	96.399002
AH-287-F15	AH-287-F15_a5_gnd004_p14_s5	96.399002
AH-287-F15	AH-287-F15_a5_gnd004_p18_s4	96.399002
AH-287-F15	AH-287-F15_a5_gnd005	95.486565
AH-287-F15	AH-287-F15_a5_gnd005_p0_s4	95.486565
AH-287-F15	AH-287-F15_a5_gnd005_p13_s1	95.486565
AH-287-F15	AH-287-F15_a5_gnd005_p13_s3	95.486565
AH-287-F15	AH-287-F15_a5_gnd005_p13_s5	95.486565
AH-287-F15	AH-287-F15_a5_gnd005_p3_s2	95.486565
AH-287-F15	AH-287-F15_a5_gnd006	94.584029
AH-287-F15	AH-287-F15_a5_gnd006_p10_s3	94.584029
AH-287-F15	AH-287-F15_a5_gnd006_p12_s1	94.584029
AH-287-F15	AH-287-F15_a5_gnd006_p13_s4	94.584029
AH-287-F15	AH-287-F15_a5_gnd006_p15_s2	94.584029
AH-287-F15	AH-287-F15_a5_gnd006_p18_s5	94.584029
AH-287-F15	AH-287-F15_a5_gnd007	93.692377
AH-287-F15	AH-287-F15_a5_gnd007_p15_s3	93.692377
AH-287-F15	AH-287-F15_a5_gnd007_p17_s2	93.692377
AH-287-F15	AH-287-F15_a5_gnd007_p19_s5	93.692377
AH-287-F15	AH-287-F15_a5_gnd007_p20_s4	93.692377
AH-287-F15	AH-287-F15_a5_gnd007_p4_s1	93.692377
AH-287-F15	AH-287-F15_a5_gnd008	92.804051
AH-287-F15	AH-287-F15_a5_gnd008_p10_s3	92.804051
AH-287-F15	AH-287-F15_a5_gnd008_p7_s2	92.804051
AH-287-F15	AH-287-F15_a5_gnd008_p7_s4	92.804051
AH-287-F15	AH-287-F15_a5_gnd008_p8_s1	92.804051
AH-287-F15	AH-287-F15_a5_gnd008_p8_s5	92.804051
AH-287-F15	AH-287-F15_a5_gnd009	91.880352
AH-287-F15	AH-287-F15_a5_gnd009_p10_s3	91.880352
AH-287-F15	AH-287-F15_a5_gnd009_p14_s4	91.880352
AH-287-F15	AH-287-F15_a5_gnd009_p17_s5	91.880352
AH-287-F15	AH-287-F15_a5_gnd009_p5_s1	91.880352
AH-287-F15	AH-287-F15_a5_gnd009_p9_s2	91.880352
AH-287-F15	AH-287-F15_a5_gnd010	90.980764
AH-287-F15	AH-287-F15_a5_gnd010_p11_s1	90.980764
AH-287-F15	AH-287-F15_a5_gnd010_p12_s3	90.980764
AH-287-F15	AH-287-F15_a5_gnd010_p14_s5	90.980764
AH-287-F15	AH-287-F15_a5_gnd010_p15_s4	90.980764
AH-287-F15	AH-287-F15_a5_gnd010_p19_s2	90.980764
AH-287-F15	AH-287-F15_a5_gnd011	90.080949
AH-287-F15	AH-287-F15_a5_gnd011_p0_s3	90.080949
AH-287-F15	AH-287-F15_a5_gnd011_p10_s2	90.080949
AH-287-F15	AH-287-F15_a5_gnd011_p11_s4	90.080949
AH-287-F15	AH-287-F15_a5_gnd011_p20_s1	90.080949
AH-287-F15	AH-287-F15_a5_gnd011_p7_s5	90.080949
AH-287-F15	AH-287-F15_a5_gnd012	89.182646
AH-287-F15	AH-287-F15_a5_gnd012_p10_s1	89.182646
AH-287-F15	AH-287-F15_a5_gnd012_p10_s4	89.182646
AH-287-F15	AH-287-F15_a5_gnd012_p13_s3	89.182646
AH-287-F15	AH-287-F15_a5_gnd012_p14_s2	89.182646
AH-287-F15	AH-287-F15_a5_gnd012_p20_s5	89.182646
AH-287-F15	AH-287-F15_a5_gnd013	88.269831
AH-287-F15	AH-287-F15_a5_gnd013_p0_s3	88.269831
AH-287-F15	AH-287-F15_a5_gnd013_p15_s2	88.269831
AH-287-F15	AH-287-F15_a5_gnd013_p19_s1	88.269831
AH-287-F15	AH-287-F15_a5_gnd013_p20_s5	88.269831
AH-287-F15	AH-287-F15_a5_gnd013_p9_s4	88.269831
AH-287-F15	AH-287-F15_a5_gnd014	87.373115
AH-287-F15	AH-287-F15_a5_gnd014_p0_s1	87.373115
AH-287-F15	AH-287-F15_a5_gnd014_p11_s3	87.373115
AH-287-F15	AH-287-F15_a5_gnd014_p13_s4	87.373115
AH-287-F15	AH-287-F15_a5_gnd014_p6_s5	87.373115
AH-287-F15	AH-287-F15_a5_gnd014_p9_s2	87.373115
AH-287-F15	AH-287-F15_a5_gnd015	86.476626
AH-287-F15	AH-287-F15_a5_gnd015_p18_s3	86.476626
AH-287-F15	AH-287-F15_a5_gnd015_p19_s4	86.476626
AH-287-F15	AH-287-F15_a5_gnd015_p20_s2	86.476626
AH-287-F15	AH-287-F15_a5_gnd015_p3_s1	86.476626
AH-287-F15	AH-287-F15_a5_gnd015_p9_s5	86.476626
AH-287-F15	AH-287-F15_a5_gnd016	85.560636
AH-287-F15	AH-287-F15_a5_gnd016_p0_s1	85.560636
AH-287-F15	AH-287-F15_a5_gnd016_p17_s4	85.560636
AH-287-F15	AH-287-F15_a5_gnd016_p20_s2	85.560636
AH-287-F15	AH-287-F15_a5_gnd016_p20_s5	85.560636
AH-287-F15	AH-287-F15_a5_gnd016_p5_s3	85.560636
AH-287-F15	AH-287-F15_a5_gnd017	84.675485
AH-287-F15	AH-287-F15_a5_gnd017_p18_s4	84.675485
AH-287-F15	AH-287-F15_a5_gnd017_p19_s3	84.675485
AH-287-F15	AH-287-F15_a5_gnd017_p19_s5	84.675485
AH-287-F15	AH-287-F15_a5_gnd017_p5_s1	84.675485
AH-287-F15	AH-287-F15_a5_gnd017_p7_s2	84.675485
AH-287-F15	AH-287-F15_a5_gnd018	83.746344
AH-287-F15	AH-287-F15_a5_gnd018_p0_s3	83.746344
AH-287-F15	AH-287-F15_a5_gnd018_p17_s5	83.746344
AH-287-F15	AH-287-F15_a5_gnd018_p18_s4	83.746344
AH-287-F15	AH-287-F15_a5_gnd018_p4_s2	83.746344
AH-287-F15	AH-287-F15_a5_gnd018_p8_s1	83.746344
AH-287-F15	AH-287-F15_a5_gnd019	82.846151
AH-287-F15	AH-287-F15_a5_gnd019_p10_s4	82.846151
AH-287-F15	AH-287-F15_a5_gnd019_p13_s2	82.846151
AH-287-F15	AH-287-F15_a5_gnd019_p14_s3	82.846151
AH-287-F15	AH-287-F15_a5_gnd019_p8_s1	82.846151
AH-287-F15	AH-287-F15_a5_gnd019_p8_s5	82.846151
AH-287-F15	AH-287-F15_a5_gnd020	81.949662
AH-287-F15	AH-287-F15_a5_gnd020_p10_s2	81.949662
AH-287-F15	AH-287-F15_a5_gnd020_p11_s1	81.949662
AH-287-F15	AH-287-F15_a5_gnd020_p14_s4	81.949662
AH-287-F15	AH-287-F15_a5_gnd020_p20_s5	81.949662
AH-287-F15	AH-287-F15_a5_gnd020_p8_s3	81.949662
